:******************************************************************************,,,,,,,,
:*                          分析Method2測定結果ファイル                             *,,,,,,,,
:******************************************************************************,,,,,,,,
:,,,,,,,,
:------------------------------------------------------------,,,,,,,,
装置名称,分析装置,,,,,,,
装置型式,XXXX,,,,,,,
S/N,1234,,,,,,,
:,,,,,,,,
:------------------------------------------------------------,,,,,,,,
:,,,,,,,,
:--------------,,,,,,,,
: サンプルパラメータ,,,,,,,,
:--------------,,,,,,,,
,保存ファイル名,C:/Program/MachineA/DATA/UserX/MethodB/sampleX_methodB_991231.csv,,,,,,
,サンプル名,sampleX_methodB_991231,,,,,,
,コメント1,,,,,,,
,コメント2,,,,,,,
,コメント3,,,,,,,
,コメント4,,,,,,,
,サンプル重量,1,,,,,,
:----------------,,,,,,,,
: 前処理,,,,,,,,
:----------------,,,,,,,,
,前処理開始日時,#2100-04-01 08:00:00#,,,,,,
,前処理終了日時,#2100-04-01 10:00:00#,,,,,,
,前処理ステップ数,4,,,,,,
:,STEP,ガス名,流量,時間,目標温度,X機構,,
,1,0,0,0,0,0,,
,2,0,0,0,0,0,,
,3,0,0,0,0,use,,
,4,0,0,0,0,0,,
:--------------,,,,,,,,
: 測定条件,,,,,,,,
:--------------,,,,,,,,
,設定値0,0,,,,,,
,設定値1,0,,,,,,
,設定値2,0,,,,,,
,設定値3,0,,,,,,
,設定値4,0,,,,,,
,設定値5,0,,,,,,
,設定値6,0,,,,,,
,設定値7,0,,,,,,
,設定値8,0,,,,,,
:----------------,,,,,,,,
: Chart,,,,,,,,
:----------------,,,,,,,,
測定値0,測定値1,測定値2,測定値3,測定値4,測定値5,測定値6,測定値7,TIME
1,0,0,0,0,0,0,0,4/1/2100 10:00
2,0,0,0,0,0,0,0,4/1/2100 10:00
3,0,0,0,0,0,0,0,4/1/2100 10:00
4,0,0,0,0,0,0,0,4/1/2100 10:00
5,0,0,0,0,0,0,0,4/1/2100 10:00
6,0,0,0,0,0,0,0,4/1/2100 10:00
7,0,0,0,0,0,0,0,4/1/2100 10:00
8,0,0,0,0,0,0,0,4/1/2100 10:00
9,0,0,0,0,0,0,0,4/1/2100 10:00
10,0,0,0,0,0,0,0,4/1/2100 10:00
11,0,0,0,0,0,0,0,4/1/2100 10:00
12,0,0,0,0,0,0,0,4/1/2100 10:00
13,0,0,0,0,0,0,0,4/1/2100 10:00
14,0,0,0,0,0,0,0,4/1/2100 10:00
15,0,0,0,0,0,0,0,4/1/2100 10:00
16,0,0,0,0,0,0,0,4/1/2100 10:00
17,0,0,0,0,0,0,0,4/1/2100 10:00
18,0,0,0,0,0,0,0,4/1/2100 10:00
19,0,0,0,0,0,0,0,4/1/2100 10:00
20,0,0,0,0,0,0,0,4/1/2100 10:00
21,0,0,0,0,0,0,0,4/1/2100 10:00
22,0,0,0,0,0,0,0,4/1/2100 10:00
23,0,0,0,0,0,0,0,4/1/2100 10:00
24,0,0,0,0,0,0,0,4/1/2100 10:00
25,0,0,0,0,0,0,0,4/1/2100 10:00
26,0,0,0,0,0,0,0,4/1/2100 10:00
27,0,0,0,0,0,0,0,4/1/2100 10:00
28,0,0,0,0,0,0,0,4/1/2100 10:00
29,0,0,0,0,0,0,0,4/1/2100 10:00
30,0,0,0,0,0,0,0,4/1/2100 10:00
31,0,0,0,0,0,0,0,4/1/2100 10:00
32,0,0,0,0,0,0,0,4/1/2100 10:00
33,0,0,0,0,0,0,0,4/1/2100 10:00
34,0,0,0,0,0,0,0,4/1/2100 10:00
35,0,0,0,0,0,0,0,4/1/2100 10:00
36,0,0,0,0,0,0,0,4/1/2100 10:00
37,0,0,0,0,0,0,0,4/1/2100 10:00
38,0,0,0,0,0,0,0,4/1/2100 10:00
39,0,0,0,0,0,0,0,4/1/2100 10:00
40,0,0,0,0,0,0,0,4/1/2100 10:00
41,0,0,0,0,0,0,0,4/1/2100 10:00
42,0,0,0,0,0,0,0,4/1/2100 10:00
43,0,0,0,0,0,0,0,4/1/2100 10:00
44,0,0,0,0,0,0,0,4/1/2100 10:00
45,0,0,0,0,0,0,0,4/1/2100 10:00
46,0,0,0,0,0,0,0,4/1/2100 10:00
47,0,0,0,0,0,0,0,4/1/2100 10:00
48,0,0,0,0,0,0,0,4/1/2100 10:00
49,0,0,0,0,0,0,0,4/1/2100 10:00
50,0,0,0,0,0,0,0,4/1/2100 10:00
51,0,0,0,0,0,0,0,4/1/2100 10:00
52,0,0,0,0,0,0,0,4/1/2100 10:00
53,0,0,0,0,0,0,0,4/1/2100 10:00
54,0,0,0,0,0,0,0,4/1/2100 10:00
55,0,0,0,0,0,0,0,4/1/2100 10:00
56,0,0,0,0,0,0,0,4/1/2100 10:00
57,0,0,0,0,0,0,0,4/1/2100 10:00
58,0,0,0,0,0,0,0,4/1/2100 10:00
59,0,0,0,0,0,0,0,4/1/2100 10:00
60,0,0,0,0,0,0,0,4/1/2100 10:00
61,0,0,0,0,0,0,0,4/1/2100 10:01
62,0,0,0,0,0,0,0,4/1/2100 10:01
63,0,0,0,0,0,0,0,4/1/2100 10:01
64,0,0,0,0,0,0,0,4/1/2100 10:01
65,0,0,0,0,0,0,0,4/1/2100 10:01
66,0,0,0,0,0,0,0,4/1/2100 10:01
67,0,0,0,0,0,0,0,4/1/2100 10:01
68,0,0,0,0,0,0,0,4/1/2100 10:01
69,0,0,0,0,0,0,0,4/1/2100 10:01
70,0,0,0,0,0,0,0,4/1/2100 10:01
71,0,0,0,0,0,0,0,4/1/2100 10:01
72,0,0,0,0,0,0,0,4/1/2100 10:01
73,0,0,0,0,0,0,0,4/1/2100 10:01
74,0,0,0,0,0,0,0,4/1/2100 10:01
75,0,0,0,0,0,0,0,4/1/2100 10:01
76,0,0,0,0,0,0,0,4/1/2100 10:01
77,0,0,0,0,0,0,0,4/1/2100 10:01
78,0,0,0,0,0,0,0,4/1/2100 10:01
79,0,0,0,0,0,0,0,4/1/2100 10:01
80,0,0,0,0,0,0,0,4/1/2100 10:01
81,0,0,0,0,0,0,0,4/1/2100 10:01
82,0,0,0,0,0,0,0,4/1/2100 10:01
83,0,0,0,0,0,0,0,4/1/2100 10:01
84,0,0,0,0,0,0,0,4/1/2100 10:01
85,0,0,0,0,0,0,0,4/1/2100 10:01
86,0,0,0,0,0,0,0,4/1/2100 10:01
87,0,0,0,0,0,0,0,4/1/2100 10:01
88,0,0,0,0,0,0,0,4/1/2100 10:01
89,0,0,0,0,0,0,0,4/1/2100 10:01
90,0,0,0,0,0,0,0,4/1/2100 10:01
91,0,0,0,0,0,0,0,4/1/2100 10:01
92,0,0,0,0,0,0,0,4/1/2100 10:01
93,0,0,0,0,0,0,0,4/1/2100 10:01
94,0,0,0,0,0,0,0,4/1/2100 10:01
95,0,0,0,0,0,0,0,4/1/2100 10:01
96,0,0,0,0,0,0,0,4/1/2100 10:01
97,0,0,0,0,0,0,0,4/1/2100 10:01
98,0,0,0,0,0,0,0,4/1/2100 10:01
99,0,0,0,0,0,0,0,4/1/2100 10:01
100,0,0,0,0,0,0,0,4/1/2100 10:01
101,0,0,0,0,0,0,0,4/1/2100 10:01
102,0,0,0,0,0,0,0,4/1/2100 10:01
103,0,0,0,0,0,0,0,4/1/2100 10:01
104,0,0,0,0,0,0,0,4/1/2100 10:01
105,0,0,0,0,0,0,0,4/1/2100 10:01
106,0,0,0,0,0,0,0,4/1/2100 10:01
107,0,0,0,0,0,0,0,4/1/2100 10:01
108,0,0,0,0,0,0,0,4/1/2100 10:01
109,0,0,0,0,0,0,0,4/1/2100 10:01
110,0,0,0,0,0,0,0,4/1/2100 10:01
111,0,0,0,0,0,0,0,4/1/2100 10:01
112,0,0,0,0,0,0,0,4/1/2100 10:01
113,0,0,0,0,0,0,0,4/1/2100 10:01
114,0,0,0,0,0,0,0,4/1/2100 10:01
115,0,0,0,0,0,0,0,4/1/2100 10:01
116,0,0,0,0,0,0,0,4/1/2100 10:01
117,0,0,0,0,0,0,0,4/1/2100 10:01
118,0,0,0,0,0,0,0,4/1/2100 10:01
119,0,0,0,0,0,0,0,4/1/2100 10:01
120,0,0,0,0,0,0,0,4/1/2100 10:01
121,0,0,0,0,0,0,0,4/1/2100 10:02
122,0,0,0,0,0,0,0,4/1/2100 10:02
123,0,0,0,0,0,0,0,4/1/2100 10:02
124,0,0,0,0,0,0,0,4/1/2100 10:02
125,0,0,0,0,0,0,0,4/1/2100 10:02
126,0,0,0,0,0,0,0,4/1/2100 10:02
127,0,0,0,0,0,0,0,4/1/2100 10:02
128,0,0,0,0,0,0,0,4/1/2100 10:02
129,0,0,0,0,0,0,0,4/1/2100 10:02
130,0,0,0,0,0,0,0,4/1/2100 10:02
131,0,0,0,0,0,0,0,4/1/2100 10:02
132,0,0,0,0,0,0,0,4/1/2100 10:02
133,0,0,0,0,0,0,0,4/1/2100 10:02
134,0,0,0,0,0,0,0,4/1/2100 10:02
135,0,0,0,0,0,0,0,4/1/2100 10:02
136,0,0,0,0,0,0,0,4/1/2100 10:02
137,0,0,0,0,0,0,0,4/1/2100 10:02
138,0,0,0,0,0,0,0,4/1/2100 10:02
139,0,0,0,0,0,0,0,4/1/2100 10:02
140,0,0,0,0,0,0,0,4/1/2100 10:02
141,0,0,0,0,0,0,0,4/1/2100 10:02
142,0,0,0,0,0,0,0,4/1/2100 10:02
143,0,0,0,0,0,0,0,4/1/2100 10:02
144,0,0,0,0,0,0,0,4/1/2100 10:02
145,0,0,0,0,0,0,0,4/1/2100 10:02
146,0,0,0,0,0,0,0,4/1/2100 10:02
147,0,0,0,0,0,0,0,4/1/2100 10:02
148,0,0,0,0,0,0,0,4/1/2100 10:02
149,0,0,0,0,0,0,0,4/1/2100 10:02
150,0,0,0,0,0,0,0,4/1/2100 10:02
151,0,0,0,0,0,0,0,4/1/2100 10:02
152,0,0,0,0,0,0,0,4/1/2100 10:02
153,0,0,0,0,0,0,0,4/1/2100 10:02
154,0,0,0,0,0,0,0,4/1/2100 10:02
155,0,0,0,0,0,0,0,4/1/2100 10:02
156,0,0,0,0,0,0,0,4/1/2100 10:02
157,0,0,0,0,0,0,0,4/1/2100 10:02
158,0,0,0,0,0,0,0,4/1/2100 10:02
159,0,0,0,0,0,0,0,4/1/2100 10:02
160,0,0,0,0,0,0,0,4/1/2100 10:02
161,0,0,0,0,0,0,0,4/1/2100 10:02
162,0,0,0,0,0,0,0,4/1/2100 10:02
163,0,0,0,0,0,0,0,4/1/2100 10:02
164,0,0,0,0,0,0,0,4/1/2100 10:02
165,0,0,0,0,0,0,0,4/1/2100 10:02
166,0,0,0,0,0,0,0,4/1/2100 10:02
167,0,0,0,0,0,0,0,4/1/2100 10:02
168,0,0,0,0,0,0,0,4/1/2100 10:02
169,0,0,0,0,0,0,0,4/1/2100 10:02
170,0,0,0,0,0,0,0,4/1/2100 10:02
171,0,0,0,0,0,0,0,4/1/2100 10:02
172,0,0,0,0,0,0,0,4/1/2100 10:02
173,0,0,0,0,0,0,0,4/1/2100 10:02
174,0,0,0,0,0,0,0,4/1/2100 10:02
175,0,0,0,0,0,0,0,4/1/2100 10:02
176,0,0,0,0,0,0,0,4/1/2100 10:02
177,0,0,0,0,0,0,0,4/1/2100 10:02
178,0,0,0,0,0,0,0,4/1/2100 10:02
179,0,0,0,0,0,0,0,4/1/2100 10:02
180,0,0,0,0,0,0,0,4/1/2100 10:02
181,0,0,0,0,0,0,0,4/1/2100 10:03
182,0,0,0,0,0,0,0,4/1/2100 10:03
183,0,0,0,0,0,0,0,4/1/2100 10:03
184,0,0,0,0,0,0,0,4/1/2100 10:03
185,0,0,0,0,0,0,0,4/1/2100 10:03
186,0,0,0,0,0,0,0,4/1/2100 10:03
187,0,0,0,0,0,0,0,4/1/2100 10:03
188,0,0,0,0,0,0,0,4/1/2100 10:03
189,0,0,0,0,0,0,0,4/1/2100 10:03
190,0,0,0,0,0,0,0,4/1/2100 10:03
191,0,0,0,0,0,0,0,4/1/2100 10:03
192,0,0,0,0,0,0,0,4/1/2100 10:03
193,0,0,0,0,0,0,0,4/1/2100 10:03
194,0,0,0,0,0,0,0,4/1/2100 10:03
195,0,0,0,0,0,0,0,4/1/2100 10:03
196,0,0,0,0,0,0,0,4/1/2100 10:03
197,0,0,0,0,0,0,0,4/1/2100 10:03
198,0,0,0,0,0,0,0,4/1/2100 10:03
199,0,0,0,0,0,0,0,4/1/2100 10:03
200,0,0,0,0,0,0,0,4/1/2100 10:03
201,0,0,0,0,0,0,0,4/1/2100 10:03
202,0,0,0,0,0,0,0,4/1/2100 10:03
203,0,0,0,0,0,0,0,4/1/2100 10:03
204,0,0,0,0,0,0,0,4/1/2100 10:03
205,0,0,0,0,0,0,0,4/1/2100 10:03
206,0,0,0,0,0,0,0,4/1/2100 10:03
207,0,0,0,0,0,0,0,4/1/2100 10:03
208,0,0,0,0,0,0,0,4/1/2100 10:03
209,0,0,0,0,0,0,0,4/1/2100 10:03
210,0,0,0,0,0,0,0,4/1/2100 10:03
211,0,0,0,0,0,0,0,4/1/2100 10:03
212,0,0,0,0,0,0,0,4/1/2100 10:03
213,0,0,0,0,0,0,0,4/1/2100 10:03
214,0,0,0,0,0,0,0,4/1/2100 10:03
215,0,0,0,0,0,0,0,4/1/2100 10:03
216,0,0,0,0,0,0,0,4/1/2100 10:03
217,0,0,0,0,0,0,0,4/1/2100 10:03
218,0,0,0,0,0,0,0,4/1/2100 10:03
219,0,0,0,0,0,0,0,4/1/2100 10:03
220,0,0,0,0,0,0,0,4/1/2100 10:03
221,0,0,0,0,0,0,0,4/1/2100 10:03
222,0,0,0,0,0,0,0,4/1/2100 10:03
223,0,0,0,0,0,0,0,4/1/2100 10:03
224,0,0,0,0,0,0,0,4/1/2100 10:03
225,0,0,0,0,0,0,0,4/1/2100 10:03
226,0,0,0,0,0,0,0,4/1/2100 10:03
227,0,0,0,0,0,0,0,4/1/2100 10:03
228,0,0,0,0,0,0,0,4/1/2100 10:03
229,0,0,0,0,0,0,0,4/1/2100 10:03
230,0,0,0,0,0,0,0,4/1/2100 10:03
231,0,0,0,0,0,0,0,4/1/2100 10:03
232,0,0,0,0,0,0,0,4/1/2100 10:03
233,0,0,0,0,0,0,0,4/1/2100 10:03
234,0,0,0,0,0,0,0,4/1/2100 10:03
235,0,0,0,0,0,0,0,4/1/2100 10:03
236,0,0,0,0,0,0,0,4/1/2100 10:03
237,0,0,0,0,0,0,0,4/1/2100 10:03
238,0,0,0,0,0,0,0,4/1/2100 10:03
239,0,0,0,0,0,0,0,4/1/2100 10:03
240,0,0,0,0,0,0,0,4/1/2100 10:03
241,0,0,0,0,0,0,0,4/1/2100 10:04
242,0,0,0,0,0,0,0,4/1/2100 10:04
243,0,0,0,0,0,0,0,4/1/2100 10:04
244,0,0,0,0,0,0,0,4/1/2100 10:04
245,0,0,0,0,0,0,0,4/1/2100 10:04
246,0,0,0,0,0,0,0,4/1/2100 10:04
247,0,0,0,0,0,0,0,4/1/2100 10:04
248,0,0,0,0,0,0,0,4/1/2100 10:04
249,0,0,0,0,0,0,0,4/1/2100 10:04
250,0,0,0,0,0,0,0,4/1/2100 10:04
251,0,0,0,0,0,0,0,4/1/2100 10:04
252,0,0,0,0,0,0,0,4/1/2100 10:04
253,0,0,0,0,0,0,0,4/1/2100 10:04
254,0,0,0,0,0,0,0,4/1/2100 10:04
255,0,0,0,0,0,0,0,4/1/2100 10:04
256,0,0,0,0,0,0,0,4/1/2100 10:04
257,0,0,0,0,0,0,0,4/1/2100 10:04
258,0,0,0,0,0,0,0,4/1/2100 10:04
259,0,0,0,0,0,0,0,4/1/2100 10:04
260,0,0,0,0,0,0,0,4/1/2100 10:04
261,0,0,0,0,0,0,0,4/1/2100 10:04
262,0,0,0,0,0,0,0,4/1/2100 10:04
263,0,0,0,0,0,0,0,4/1/2100 10:04
264,0,0,0,0,0,0,0,4/1/2100 10:04
265,0,0,0,0,0,0,0,4/1/2100 10:04
266,0,0,0,0,0,0,0,4/1/2100 10:04
267,0,0,0,0,0,0,0,4/1/2100 10:04
268,0,0,0,0,0,0,0,4/1/2100 10:04
269,0,0,0,0,0,0,0,4/1/2100 10:04
270,0,0,0,0,0,0,0,4/1/2100 10:04
271,0,0,0,0,0,0,0,4/1/2100 10:04
272,0,0,0,0,0,0,0,4/1/2100 10:04
273,0,0,0,0,0,0,0,4/1/2100 10:04
274,0,0,0,0,0,0,0,4/1/2100 10:04
275,0,0,0,0,0,0,0,4/1/2100 10:04
276,0,0,0,0,0,0,0,4/1/2100 10:04
277,0,0,0,0,0,0,0,4/1/2100 10:04
278,0,0,0,0,0,0,0,4/1/2100 10:04
279,0,0,0,0,0,0,0,4/1/2100 10:04
280,0,0,0,0,0,0,0,4/1/2100 10:04
281,0,0,0,0,0,0,0,4/1/2100 10:04
282,0,0,0,0,0,0,0,4/1/2100 10:04
283,0,0,0,0,0,0,0,4/1/2100 10:04
284,0,0,0,0,0,0,0,4/1/2100 10:04
285,0,0,0,0,0,0,0,4/1/2100 10:04
286,0,0,0,0,0,0,0,4/1/2100 10:04
287,0,0,0,0,0,0,0,4/1/2100 10:04
288,0,0,0,0,0,0,0,4/1/2100 10:04
289,0,0,0,0,0,0,0,4/1/2100 10:04
290,0,0,0,0,0,0,0,4/1/2100 10:04
291,0,0,0,0,0,0,0,4/1/2100 10:04
292,0,0,0,0,0,0,0,4/1/2100 10:04
293,0,0,0,0,0,0,0,4/1/2100 10:04
294,0,0,0,0,0,0,0,4/1/2100 10:04
295,0,0,0,0,0,0,0,4/1/2100 10:04
296,0,0,0,0,0,0,0,4/1/2100 10:04
297,0,0,0,0,0,0,0,4/1/2100 10:04
298,0,0,0,0,0,0,0,4/1/2100 10:04
299,0,0,0,0,0,0,0,4/1/2100 10:04
300,0,0,0,0,0,0,0,4/1/2100 10:04
301,0,0,0,0,0,0,0,4/1/2100 10:05
302,0,0,0,0,0,0,0,4/1/2100 10:05
303,0,0,0,0,0,0,0,4/1/2100 10:05
304,0,0,0,0,0,0,0,4/1/2100 10:05
305,0,0,0,0,0,0,0,4/1/2100 10:05
306,0,0,0,0,0,0,0,4/1/2100 10:05
307,0,0,0,0,0,0,0,4/1/2100 10:05
308,0,0,0,0,0,0,0,4/1/2100 10:05
309,0,0,0,0,0,0,0,4/1/2100 10:05
310,0,0,0,0,0,0,0,4/1/2100 10:05
311,0,0,0,0,0,0,0,4/1/2100 10:05
312,0,0,0,0,0,0,0,4/1/2100 10:05
313,0,0,0,0,0,0,0,4/1/2100 10:05
314,0,0,0,0,0,0,0,4/1/2100 10:05
315,0,0,0,0,0,0,0,4/1/2100 10:05
316,0,0,0,0,0,0,0,4/1/2100 10:05
317,0,0,0,0,0,0,0,4/1/2100 10:05
318,0,0,0,0,0,0,0,4/1/2100 10:05
319,0,0,0,0,0,0,0,4/1/2100 10:05
320,0,0,0,0,0,0,0,4/1/2100 10:05
321,0,0,0,0,0,0,0,4/1/2100 10:05
322,0,0,0,0,0,0,0,4/1/2100 10:05
323,0,0,0,0,0,0,0,4/1/2100 10:05
324,0,0,0,0,0,0,0,4/1/2100 10:05
325,0,0,0,0,0,0,0,4/1/2100 10:05
326,0,0,0,0,0,0,0,4/1/2100 10:05
327,0,0,0,0,0,0,0,4/1/2100 10:05
328,0,0,0,0,0,0,0,4/1/2100 10:05
329,0,0,0,0,0,0,0,4/1/2100 10:05
330,0,0,0,0,0,0,0,4/1/2100 10:05
331,0,0,0,0,0,0,0,4/1/2100 10:05
332,0,0,0,0,0,0,0,4/1/2100 10:05
333,0,0,0,0,0,0,0,4/1/2100 10:05
334,0,0,0,0,0,0,0,4/1/2100 10:05
335,0,0,0,0,0,0,0,4/1/2100 10:05
336,0,0,0,0,0,0,0,4/1/2100 10:05
337,0,0,0,0,0,0,0,4/1/2100 10:05
338,0,0,0,0,0,0,0,4/1/2100 10:05
339,0,0,0,0,0,0,0,4/1/2100 10:05
340,0,0,0,0,0,0,0,4/1/2100 10:05
341,0,0,0,0,0,0,0,4/1/2100 10:05
342,0,0,0,0,0,0,0,4/1/2100 10:05
343,0,0,0,0,0,0,0,4/1/2100 10:05
344,0,0,0,0,0,0,0,4/1/2100 10:05
345,0,0,0,0,0,0,0,4/1/2100 10:05
346,0,0,0,0,0,0,0,4/1/2100 10:05
347,0,0,0,0,0,0,0,4/1/2100 10:05
348,0,0,0,0,0,0,0,4/1/2100 10:05
349,0,0,0,0,0,0,0,4/1/2100 10:05
350,0,0,0,0,0,0,0,4/1/2100 10:05
351,0,0,0,0,0,0,0,4/1/2100 10:05
352,0,0,0,0,0,0,0,4/1/2100 10:05
353,0,0,0,0,0,0,0,4/1/2100 10:05
354,0,0,0,0,0,0,0,4/1/2100 10:05
355,0,0,0,0,0,0,0,4/1/2100 10:05
356,0,0,0,0,0,0,0,4/1/2100 10:05
357,0,0,0,0,0,0,0,4/1/2100 10:05
358,0,0,0,0,0,0,0,4/1/2100 10:05
359,0,0,0,0,0,0,0,4/1/2100 10:05
360,0,0,0,0,0,0,0,4/1/2100 10:05
361,0,0,0,0,0,0,0,4/1/2100 10:06
362,0,0,0,0,0,0,0,4/1/2100 10:06
363,0,0,0,0,0,0,0,4/1/2100 10:06
364,0,0,0,0,0,0,0,4/1/2100 10:06
365,0,0,0,0,0,0,0,4/1/2100 10:06
366,0,0,0,0,0,0,0,4/1/2100 10:06
367,0,0,0,0,0,0,0,4/1/2100 10:06
368,0,0,0,0,0,0,0,4/1/2100 10:06
369,0,0,0,0,0,0,0,4/1/2100 10:06
370,0,0,0,0,0,0,0,4/1/2100 10:06
371,0,0,0,0,0,0,0,4/1/2100 10:06
372,0,0,0,0,0,0,0,4/1/2100 10:06
373,0,0,0,0,0,0,0,4/1/2100 10:06
374,0,0,0,0,0,0,0,4/1/2100 10:06
375,0,0,0,0,0,0,0,4/1/2100 10:06
376,0,0,0,0,0,0,0,4/1/2100 10:06
377,0,0,0,0,0,0,0,4/1/2100 10:06
378,0,0,0,0,0,0,0,4/1/2100 10:06
379,0,0,0,0,0,0,0,4/1/2100 10:06
380,0,0,0,0,0,0,0,4/1/2100 10:06
381,0,0,0,0,0,0,0,4/1/2100 10:06
382,0,0,0,0,0,0,0,4/1/2100 10:06
383,0,0,0,0,0,0,0,4/1/2100 10:06
384,0,0,0,0,0,0,0,4/1/2100 10:06
385,0,0,0,0,0,0,0,4/1/2100 10:06
386,0,0,0,0,0,0,0,4/1/2100 10:06
387,0,0,0,0,0,0,0,4/1/2100 10:06
388,0,0,0,0,0,0,0,4/1/2100 10:06
389,0,0,0,0,0,0,0,4/1/2100 10:06
390,0,0,0,0,0,0,0,4/1/2100 10:06
391,0,0,0,0,0,0,0,4/1/2100 10:06
392,0,0,0,0,0,0,0,4/1/2100 10:06
393,0,0,0,0,0,0,0,4/1/2100 10:06
394,0,0,0,0,0,0,0,4/1/2100 10:06
395,0,0,0,0,0,0,0,4/1/2100 10:06
396,0,0,0,0,0,0,0,4/1/2100 10:06
397,0,0,0,0,0,0,0,4/1/2100 10:06
398,0,0,0,0,0,0,0,4/1/2100 10:06
399,0,0,0,0,0,0,0,4/1/2100 10:06
400,0,0,0,0,0,0,0,4/1/2100 10:06
401,0,0,0,0,0,0,0,4/1/2100 10:06
402,0,0,0,0,0,0,0,4/1/2100 10:06
403,0,0,0,0,0,0,0,4/1/2100 10:06
404,0,0,0,0,0,0,0,4/1/2100 10:06
405,0,0,0,0,0,0,0,4/1/2100 10:06
406,0,0,0,0,0,0,0,4/1/2100 10:06
407,0,0,0,0,0,0,0,4/1/2100 10:06
408,0,0,0,0,0,0,0,4/1/2100 10:06
409,0,0,0,0,0,0,0,4/1/2100 10:06
410,0,0,0,0,0,0,0,4/1/2100 10:06
411,0,0,0,0,0,0,0,4/1/2100 10:06
412,0,0,0,0,0,0,0,4/1/2100 10:06
413,0,0,0,0,0,0,0,4/1/2100 10:06
414,0,0,0,0,0,0,0,4/1/2100 10:06
415,0,0,0,0,0,0,0,4/1/2100 10:06
416,0,0,0,0,0,0,0,4/1/2100 10:06
417,0,0,0,0,0,0,0,4/1/2100 10:06
418,0,0,0,0,0,0,0,4/1/2100 10:06
419,0,0,0,0,0,0,0,4/1/2100 10:06
420,0,0,0,0,0,0,0,4/1/2100 10:06
421,0,0,0,0,0,0,0,4/1/2100 10:07
422,0,0,0,0,0,0,0,4/1/2100 10:07
423,0,0,0,0,0,0,0,4/1/2100 10:07
424,0,0,0,0,0,0,0,4/1/2100 10:07
425,0,0,0,0,0,0,0,4/1/2100 10:07
426,0,0,0,0,0,0,0,4/1/2100 10:07
427,0,0,0,0,0,0,0,4/1/2100 10:07
428,0,0,0,0,0,0,0,4/1/2100 10:07
429,0,0,0,0,0,0,0,4/1/2100 10:07
430,0,0,0,0,0,0,0,4/1/2100 10:07
431,0,0,0,0,0,0,0,4/1/2100 10:07
432,0,0,0,0,0,0,0,4/1/2100 10:07
433,0,0,0,0,0,0,0,4/1/2100 10:07
434,0,0,0,0,0,0,0,4/1/2100 10:07
435,0,0,0,0,0,0,0,4/1/2100 10:07
436,0,0,0,0,0,0,0,4/1/2100 10:07
437,0,0,0,0,0,0,0,4/1/2100 10:07
438,0,0,0,0,0,0,0,4/1/2100 10:07
439,0,0,0,0,0,0,0,4/1/2100 10:07
440,0,0,0,0,0,0,0,4/1/2100 10:07
441,0,0,0,0,0,0,0,4/1/2100 10:07
442,0,0,0,0,0,0,0,4/1/2100 10:07
443,0,0,0,0,0,0,0,4/1/2100 10:07
444,0,0,0,0,0,0,0,4/1/2100 10:07
445,0,0,0,0,0,0,0,4/1/2100 10:07
446,0,0,0,0,0,0,0,4/1/2100 10:07
447,0,0,0,0,0,0,0,4/1/2100 10:07
448,0,0,0,0,0,0,0,4/1/2100 10:07
449,0,0,0,0,0,0,0,4/1/2100 10:07
450,0,0,0,0,0,0,0,4/1/2100 10:07
451,0,0,0,0,0,0,0,4/1/2100 10:07
452,0,0,0,0,0,0,0,4/1/2100 10:07
453,0,0,0,0,0,0,0,4/1/2100 10:07
454,0,0,0,0,0,0,0,4/1/2100 10:07
455,0,0,0,0,0,0,0,4/1/2100 10:07
456,0,0,0,0,0,0,0,4/1/2100 10:07
457,0,0,0,0,0,0,0,4/1/2100 10:07
458,0,0,0,0,0,0,0,4/1/2100 10:07
459,0,0,0,0,0,0,0,4/1/2100 10:07
460,0,0,0,0,0,0,0,4/1/2100 10:07
461,0,0,0,0,0,0,0,4/1/2100 10:07
462,0,0,0,0,0,0,0,4/1/2100 10:07
463,0,0,0,0,0,0,0,4/1/2100 10:07
464,0,0,0,0,0,0,0,4/1/2100 10:07
465,0,0,0,0,0,0,0,4/1/2100 10:07
466,0,0,0,0,0,0,0,4/1/2100 10:07
467,0,0,0,0,0,0,0,4/1/2100 10:07
468,0,0,0,0,0,0,0,4/1/2100 10:07
469,0,0,0,0,0,0,0,4/1/2100 10:07
470,0,0,0,0,0,0,0,4/1/2100 10:07
471,0,0,0,0,0,0,0,4/1/2100 10:07
472,0,0,0,0,0,0,0,4/1/2100 10:07
473,0,0,0,0,0,0,0,4/1/2100 10:07
474,0,0,0,0,0,0,0,4/1/2100 10:07
475,0,0,0,0,0,0,0,4/1/2100 10:07
476,0,0,0,0,0,0,0,4/1/2100 10:07
477,0,0,0,0,0,0,0,4/1/2100 10:07
478,0,0,0,0,0,0,0,4/1/2100 10:07
479,0,0,0,0,0,0,0,4/1/2100 10:07
480,0,0,0,0,0,0,0,4/1/2100 10:07
481,0,0,0,0,0,0,0,4/1/2100 10:08
482,0,0,0,0,0,0,0,4/1/2100 10:08
483,0,0,0,0,0,0,0,4/1/2100 10:08
484,0,0,0,0,0,0,0,4/1/2100 10:08
485,0,0,0,0,0,0,0,4/1/2100 10:08
486,0,0,0,0,0,0,0,4/1/2100 10:08
487,0,0,0,0,0,0,0,4/1/2100 10:08
488,0,0,0,0,0,0,0,4/1/2100 10:08
489,0,0,0,0,0,0,0,4/1/2100 10:08
490,0,0,0,0,0,0,0,4/1/2100 10:08
491,0,0,0,0,0,0,0,4/1/2100 10:08
492,0,0,0,0,0,0,0,4/1/2100 10:08
493,0,0,0,0,0,0,0,4/1/2100 10:08
494,0,0,0,0,0,0,0,4/1/2100 10:08
495,0,0,0,0,0,0,0,4/1/2100 10:08
496,0,0,0,0,0,0,0,4/1/2100 10:08
497,0,0,0,0,0,0,0,4/1/2100 10:08
498,0,0,0,0,0,0,0,4/1/2100 10:08
499,0,0,0,0,0,0,0,4/1/2100 10:08
500,0,0,0,0,0,0,0,4/1/2100 10:08
501,0,0,0,0,0,0,0,4/1/2100 10:08
502,0,0,0,0,0,0,0,4/1/2100 10:08
503,0,0,0,0,0,0,0,4/1/2100 10:08
504,0,0,0,0,0,0,0,4/1/2100 10:08
505,0,0,0,0,0,0,0,4/1/2100 10:08
506,0,0,0,0,0,0,0,4/1/2100 10:08
507,0,0,0,0,0,0,0,4/1/2100 10:08
508,0,0,0,0,0,0,0,4/1/2100 10:08
509,0,0,0,0,0,0,0,4/1/2100 10:08
510,0,0,0,0,0,0,0,4/1/2100 10:08
511,0,0,0,0,0,0,0,4/1/2100 10:08
512,0,0,0,0,0,0,0,4/1/2100 10:08
513,0,0,0,0,0,0,0,4/1/2100 10:08
514,0,0,0,0,0,0,0,4/1/2100 10:08
515,0,0,0,0,0,0,0,4/1/2100 10:08
516,0,0,0,0,0,0,0,4/1/2100 10:08
517,0,0,0,0,0,0,0,4/1/2100 10:08
518,0,0,0,0,0,0,0,4/1/2100 10:08
519,0,0,0,0,0,0,0,4/1/2100 10:08
520,0,0,0,0,0,0,0,4/1/2100 10:08
521,0,0,0,0,0,0,0,4/1/2100 10:08
522,0,0,0,0,0,0,0,4/1/2100 10:08
523,0,0,0,0,0,0,0,4/1/2100 10:08
524,0,0,0,0,0,0,0,4/1/2100 10:08
525,0,0,0,0,0,0,0,4/1/2100 10:08
526,0,0,0,0,0,0,0,4/1/2100 10:08
527,0,0,0,0,0,0,0,4/1/2100 10:08
528,0,0,0,0,0,0,0,4/1/2100 10:08
529,0,0,0,0,0,0,0,4/1/2100 10:08
530,0,0,0,0,0,0,0,4/1/2100 10:08
531,0,0,0,0,0,0,0,4/1/2100 10:08
532,0,0,0,0,0,0,0,4/1/2100 10:08
533,0,0,0,0,0,0,0,4/1/2100 10:08
534,0,0,0,0,0,0,0,4/1/2100 10:08
535,0,0,0,0,0,0,0,4/1/2100 10:08
536,0,0,0,0,0,0,0,4/1/2100 10:08
537,0,0,0,0,0,0,0,4/1/2100 10:08
538,0,0,0,0,0,0,0,4/1/2100 10:08
539,0,0,0,0,0,0,0,4/1/2100 10:08
540,0,0,0,0,0,0,0,4/1/2100 10:08
541,0,0,0,0,0,0,0,4/1/2100 10:09
542,0,0,0,0,0,0,0,4/1/2100 10:09
543,0,0,0,0,0,0,0,4/1/2100 10:09
544,0,0,0,0,0,0,0,4/1/2100 10:09
545,0,0,0,0,0,0,0,4/1/2100 10:09
546,0,0,0,0,0,0,0,4/1/2100 10:09
547,0,0,0,0,0,0,0,4/1/2100 10:09
548,0,0,0,0,0,0,0,4/1/2100 10:09
549,0,0,0,0,0,0,0,4/1/2100 10:09
550,0,0,0,0,0,0,0,4/1/2100 10:09
551,0,0,0,0,0,0,0,4/1/2100 10:09
552,0,0,0,0,0,0,0,4/1/2100 10:09
553,0,0,0,0,0,0,0,4/1/2100 10:09
554,0,0,0,0,0,0,0,4/1/2100 10:09
555,0,0,0,0,0,0,0,4/1/2100 10:09
556,0,0,0,0,0,0,0,4/1/2100 10:09
557,0,0,0,0,0,0,0,4/1/2100 10:09
558,0,0,0,0,0,0,0,4/1/2100 10:09
559,0,0,0,0,0,0,0,4/1/2100 10:09
560,0,0,0,0,0,0,0,4/1/2100 10:09
561,0,0,0,0,0,0,0,4/1/2100 10:09
562,0,0,0,0,0,0,0,4/1/2100 10:09
563,0,0,0,0,0,0,0,4/1/2100 10:09
564,0,0,0,0,0,0,0,4/1/2100 10:09
565,0,0,0,0,0,0,0,4/1/2100 10:09
566,0,0,0,0,0,0,0,4/1/2100 10:09
567,0,0,0,0,0,0,0,4/1/2100 10:09
568,0,0,0,0,0,0,0,4/1/2100 10:09
569,0,0,0,0,0,0,0,4/1/2100 10:09
570,0,0,0,0,0,0,0,4/1/2100 10:09
571,0,0,0,0,0,0,0,4/1/2100 10:09
572,0,0,0,0,0,0,0,4/1/2100 10:09
573,0,0,0,0,0,0,0,4/1/2100 10:09
574,0,0,0,0,0,0,0,4/1/2100 10:09
575,0,0,0,0,0,0,0,4/1/2100 10:09
576,0,0,0,0,0,0,0,4/1/2100 10:09
577,0,0,0,0,0,0,0,4/1/2100 10:09
578,0,0,0,0,0,0,0,4/1/2100 10:09
579,0,0,0,0,0,0,0,4/1/2100 10:09
580,0,0,0,0,0,0,0,4/1/2100 10:09
581,0,0,0,0,0,0,0,4/1/2100 10:09
582,0,0,0,0,0,0,0,4/1/2100 10:09
583,0,0,0,0,0,0,0,4/1/2100 10:09
584,0,0,0,0,0,0,0,4/1/2100 10:09
585,0,0,0,0,0,0,0,4/1/2100 10:09
586,0,0,0,0,0,0,0,4/1/2100 10:09
587,0,0,0,0,0,0,0,4/1/2100 10:09
588,0,0,0,0,0,0,0,4/1/2100 10:09
589,0,0,0,0,0,0,0,4/1/2100 10:09
590,0,0,0,0,0,0,0,4/1/2100 10:09
591,0,0,0,0,0,0,0,4/1/2100 10:09
592,0,0,0,0,0,0,0,4/1/2100 10:09
593,0,0,0,0,0,0,0,4/1/2100 10:09
594,0,0,0,0,0,0,0,4/1/2100 10:09
595,0,0,0,0,0,0,0,4/1/2100 10:09
596,0,0,0,0,0,0,0,4/1/2100 10:09
597,0,0,0,0,0,0,0,4/1/2100 10:09
598,0,0,0,0,0,0,0,4/1/2100 10:09
599,0,0,0,0,0,0,0,4/1/2100 10:09
600,0,0,0,0,0,0,0,4/1/2100 10:09
601,0,0,0,0,0,0,0,4/1/2100 10:10
602,0,0,0,0,0,0,0,4/1/2100 10:10
603,0,0,0,0,0,0,0,4/1/2100 10:10
604,0,0,0,0,0,0,0,4/1/2100 10:10
605,0,0,0,0,0,0,0,4/1/2100 10:10
606,0,0,0,0,0,0,0,4/1/2100 10:10
607,0,0,0,0,0,0,0,4/1/2100 10:10
608,0,0,0,0,0,0,0,4/1/2100 10:10
609,0,0,0,0,0,0,0,4/1/2100 10:10
610,0,0,0,0,0,0,0,4/1/2100 10:10
611,0,0,0,0,0,0,0,4/1/2100 10:10
612,0,0,0,0,0,0,0,4/1/2100 10:10
613,0,0,0,0,0,0,0,4/1/2100 10:10
614,0,0,0,0,0,0,0,4/1/2100 10:10
615,0,0,0,0,0,0,0,4/1/2100 10:10
616,0,0,0,0,0,0,0,4/1/2100 10:10
617,0,0,0,0,0,0,0,4/1/2100 10:10
618,0,0,0,0,0,0,0,4/1/2100 10:10
619,0,0,0,0,0,0,0,4/1/2100 10:10
620,0,0,0,0,0,0,0,4/1/2100 10:10
621,0,0,0,0,0,0,0,4/1/2100 10:10
622,0,0,0,0,0,0,0,4/1/2100 10:10
623,0,0,0,0,0,0,0,4/1/2100 10:10
624,0,0,0,0,0,0,0,4/1/2100 10:10
625,0,0,0,0,0,0,0,4/1/2100 10:10
626,0,0,0,0,0,0,0,4/1/2100 10:10
627,0,0,0,0,0,0,0,4/1/2100 10:10
628,0,0,0,0,0,0,0,4/1/2100 10:10
629,0,0,0,0,0,0,0,4/1/2100 10:10
630,0,0,0,0,0,0,0,4/1/2100 10:10
631,0,0,0,0,0,0,0,4/1/2100 10:10
632,0,0,0,0,0,0,0,4/1/2100 10:10
633,0,0,0,0,0,0,0,4/1/2100 10:10
634,0,0,0,0,0,0,0,4/1/2100 10:10
635,0,0,0,0,0,0,0,4/1/2100 10:10
636,0,0,0,0,0,0,0,4/1/2100 10:10
637,0,0,0,0,0,0,0,4/1/2100 10:10
638,0,0,0,0,0,0,0,4/1/2100 10:10
639,0,0,0,0,0,0,0,4/1/2100 10:10
640,0,0,0,0,0,0,0,4/1/2100 10:10
641,0,0,0,0,0,0,0,4/1/2100 10:10
642,0,0,0,0,0,0,0,4/1/2100 10:10
643,0,0,0,0,0,0,0,4/1/2100 10:10
644,0,0,0,0,0,0,0,4/1/2100 10:10
645,0,0,0,0,0,0,0,4/1/2100 10:10
646,0,0,0,0,0,0,0,4/1/2100 10:10
647,0,0,0,0,0,0,0,4/1/2100 10:10
648,0,0,0,0,0,0,0,4/1/2100 10:10
649,0,0,0,0,0,0,0,4/1/2100 10:10
650,0,0,0,0,0,0,0,4/1/2100 10:10
651,0,0,0,0,0,0,0,4/1/2100 10:10
652,0,0,0,0,0,0,0,4/1/2100 10:10
653,0,0,0,0,0,0,0,4/1/2100 10:10
654,0,0,0,0,0,0,0,4/1/2100 10:10
655,0,0,0,0,0,0,0,4/1/2100 10:10
656,0,0,0,0,0,0,0,4/1/2100 10:10
657,0,0,0,0,0,0,0,4/1/2100 10:10
658,0,0,0,0,0,0,0,4/1/2100 10:10
659,0,0,0,0,0,0,0,4/1/2100 10:10
660,0,0,0,0,0,0,0,4/1/2100 10:10
661,0,0,0,0,0,0,0,4/1/2100 10:11
662,0,0,0,0,0,0,0,4/1/2100 10:11
663,0,0,0,0,0,0,0,4/1/2100 10:11
664,0,0,0,0,0,0,0,4/1/2100 10:11
665,0,0,0,0,0,0,0,4/1/2100 10:11
666,0,0,0,0,0,0,0,4/1/2100 10:11
667,0,0,0,0,0,0,0,4/1/2100 10:11
668,0,0,0,0,0,0,0,4/1/2100 10:11
669,0,0,0,0,0,0,0,4/1/2100 10:11
670,0,0,0,0,0,0,0,4/1/2100 10:11
671,0,0,0,0,0,0,0,4/1/2100 10:11
672,0,0,0,0,0,0,0,4/1/2100 10:11
673,0,0,0,0,0,0,0,4/1/2100 10:11
674,0,0,0,0,0,0,0,4/1/2100 10:11
675,0,0,0,0,0,0,0,4/1/2100 10:11
676,0,0,0,0,0,0,0,4/1/2100 10:11
677,0,0,0,0,0,0,0,4/1/2100 10:11
678,0,0,0,0,0,0,0,4/1/2100 10:11
679,0,0,0,0,0,0,0,4/1/2100 10:11
680,0,0,0,0,0,0,0,4/1/2100 10:11
681,0,0,0,0,0,0,0,4/1/2100 10:11
682,0,0,0,0,0,0,0,4/1/2100 10:11
683,0,0,0,0,0,0,0,4/1/2100 10:11
684,0,0,0,0,0,0,0,4/1/2100 10:11
685,0,0,0,0,0,0,0,4/1/2100 10:11
686,0,0,0,0,0,0,0,4/1/2100 10:11
687,0,0,0,0,0,0,0,4/1/2100 10:11
688,0,0,0,0,0,0,0,4/1/2100 10:11
689,0,0,0,0,0,0,0,4/1/2100 10:11
690,0,0,0,0,0,0,0,4/1/2100 10:11
691,0,0,0,0,0,0,0,4/1/2100 10:11
692,0,0,0,0,0,0,0,4/1/2100 10:11
693,0,0,0,0,0,0,0,4/1/2100 10:11
694,0,0,0,0,0,0,0,4/1/2100 10:11
695,0,0,0,0,0,0,0,4/1/2100 10:11
696,0,0,0,0,0,0,0,4/1/2100 10:11
697,0,0,0,0,0,0,0,4/1/2100 10:11
698,0,0,0,0,0,0,0,4/1/2100 10:11
699,0,0,0,0,0,0,0,4/1/2100 10:11
700,0,0,0,0,0,0,0,4/1/2100 10:11
701,0,0,0,0,0,0,0,4/1/2100 10:11
702,0,0,0,0,0,0,0,4/1/2100 10:11
703,0,0,0,0,0,0,0,4/1/2100 10:11
704,0,0,0,0,0,0,0,4/1/2100 10:11
705,0,0,0,0,0,0,0,4/1/2100 10:11
706,0,0,0,0,0,0,0,4/1/2100 10:11
707,0,0,0,0,0,0,0,4/1/2100 10:11
708,0,0,0,0,0,0,0,4/1/2100 10:11
709,0,0,0,0,0,0,0,4/1/2100 10:11
710,0,0,0,0,0,0,0,4/1/2100 10:11
711,0,0,0,0,0,0,0,4/1/2100 10:11
712,0,0,0,0,0,0,0,4/1/2100 10:11
713,0,0,0,0,0,0,0,4/1/2100 10:11
714,0,0,0,0,0,0,0,4/1/2100 10:11
715,0,0,0,0,0,0,0,4/1/2100 10:11
716,0,0,0,0,0,0,0,4/1/2100 10:11
717,0,0,0,0,0,0,0,4/1/2100 10:11
718,0,0,0,0,0,0,0,4/1/2100 10:11
719,0,0,0,0,0,0,0,4/1/2100 10:11
720,0,0,0,0,0,0,0,4/1/2100 10:11
721,0,0,0,0,0,0,0,4/1/2100 10:12
722,0,0,0,0,0,0,0,4/1/2100 10:12
723,0,0,0,0,0,0,0,4/1/2100 10:12
724,0,0,0,0,0,0,0,4/1/2100 10:12
725,0,0,0,0,0,0,0,4/1/2100 10:12
726,0,0,0,0,0,0,0,4/1/2100 10:12
727,0,0,0,0,0,0,0,4/1/2100 10:12
728,0,0,0,0,0,0,0,4/1/2100 10:12
729,0,0,0,0,0,0,0,4/1/2100 10:12
730,0,0,0,0,0,0,0,4/1/2100 10:12
731,0,0,0,0,0,0,0,4/1/2100 10:12
732,0,0,0,0,0,0,0,4/1/2100 10:12
733,0,0,0,0,0,0,0,4/1/2100 10:12
734,0,0,0,0,0,0,0,4/1/2100 10:12
735,0,0,0,0,0,0,0,4/1/2100 10:12
736,0,0,0,0,0,0,0,4/1/2100 10:12
737,0,0,0,0,0,0,0,4/1/2100 10:12
738,0,0,0,0,0,0,0,4/1/2100 10:12
739,0,0,0,0,0,0,0,4/1/2100 10:12
740,0,0,0,0,0,0,0,4/1/2100 10:12
741,0,0,0,0,0,0,0,4/1/2100 10:12
742,0,0,0,0,0,0,0,4/1/2100 10:12
743,0,0,0,0,0,0,0,4/1/2100 10:12
744,0,0,0,0,0,0,0,4/1/2100 10:12
745,0,0,0,0,0,0,0,4/1/2100 10:12
746,0,0,0,0,0,0,0,4/1/2100 10:12
747,0,0,0,0,0,0,0,4/1/2100 10:12
748,0,0,0,0,0,0,0,4/1/2100 10:12
749,0,0,0,0,0,0,0,4/1/2100 10:12
750,0,0,0,0,0,0,0,4/1/2100 10:12
751,0,0,0,0,0,0,0,4/1/2100 10:12
752,0,0,0,0,0,0,0,4/1/2100 10:12
753,0,0,0,0,0,0,0,4/1/2100 10:12
754,0,0,0,0,0,0,0,4/1/2100 10:12
755,0,0,0,0,0,0,0,4/1/2100 10:12
756,0,0,0,0,0,0,0,4/1/2100 10:12
757,0,0,0,0,0,0,0,4/1/2100 10:12
758,0,0,0,0,0,0,0,4/1/2100 10:12
759,0,0,0,0,0,0,0,4/1/2100 10:12
760,0,0,0,0,0,0,0,4/1/2100 10:12
761,0,0,0,0,0,0,0,4/1/2100 10:12
762,0,0,0,0,0,0,0,4/1/2100 10:12
763,0,0,0,0,0,0,0,4/1/2100 10:12
764,0,0,0,0,0,0,0,4/1/2100 10:12
765,0,0,0,0,0,0,0,4/1/2100 10:12
766,0,0,0,0,0,0,0,4/1/2100 10:12
767,0,0,0,0,0,0,0,4/1/2100 10:12
768,0,0,0,0,0,0,0,4/1/2100 10:12
769,0,0,0,0,0,0,0,4/1/2100 10:12
770,0,0,0,0,0,0,0,4/1/2100 10:12
771,0,0,0,0,0,0,0,4/1/2100 10:12
772,0,0,0,0,0,0,0,4/1/2100 10:12
773,0,0,0,0,0,0,0,4/1/2100 10:12
774,0,0,0,0,0,0,0,4/1/2100 10:12
775,0,0,0,0,0,0,0,4/1/2100 10:12
776,0,0,0,0,0,0,0,4/1/2100 10:12
777,0,0,0,0,0,0,0,4/1/2100 10:12
778,0,0,0,0,0,0,0,4/1/2100 10:12
779,0,0,0,0,0,0,0,4/1/2100 10:12
780,0,0,0,0,0,0,0,4/1/2100 10:12
781,0,0,0,0,0,0,0,4/1/2100 10:13
782,0,0,0,0,0,0,0,4/1/2100 10:13
783,0,0,0,0,0,0,0,4/1/2100 10:13
784,0,0,0,0,0,0,0,4/1/2100 10:13
785,0,0,0,0,0,0,0,4/1/2100 10:13
786,0,0,0,0,0,0,0,4/1/2100 10:13
787,0,0,0,0,0,0,0,4/1/2100 10:13
788,0,0,0,0,0,0,0,4/1/2100 10:13
789,0,0,0,0,0,0,0,4/1/2100 10:13
790,0,0,0,0,0,0,0,4/1/2100 10:13
791,0,0,0,0,0,0,0,4/1/2100 10:13
792,0,0,0,0,0,0,0,4/1/2100 10:13
793,0,0,0,0,0,0,0,4/1/2100 10:13
794,0,0,0,0,0,0,0,4/1/2100 10:13
795,0,0,0,0,0,0,0,4/1/2100 10:13
796,0,0,0,0,0,0,0,4/1/2100 10:13
797,0,0,0,0,0,0,0,4/1/2100 10:13
798,0,0,0,0,0,0,0,4/1/2100 10:13
799,0,0,0,0,0,0,0,4/1/2100 10:13
800,0,0,0,0,0,0,0,4/1/2100 10:13
801,0,0,0,0,0,0,0,4/1/2100 10:13
802,0,0,0,0,0,0,0,4/1/2100 10:13
803,0,0,0,0,0,0,0,4/1/2100 10:13
804,0,0,0,0,0,0,0,4/1/2100 10:13
805,0,0,0,0,0,0,0,4/1/2100 10:13
806,0,0,0,0,0,0,0,4/1/2100 10:13
807,0,0,0,0,0,0,0,4/1/2100 10:13
808,0,0,0,0,0,0,0,4/1/2100 10:13
809,0,0,0,0,0,0,0,4/1/2100 10:13
810,0,0,0,0,0,0,0,4/1/2100 10:13
811,0,0,0,0,0,0,0,4/1/2100 10:13
812,0,0,0,0,0,0,0,4/1/2100 10:13
813,0,0,0,0,0,0,0,4/1/2100 10:13
814,0,0,0,0,0,0,0,4/1/2100 10:13
815,0,0,0,0,0,0,0,4/1/2100 10:13
816,0,0,0,0,0,0,0,4/1/2100 10:13
817,0,0,0,0,0,0,0,4/1/2100 10:13
818,0,0,0,0,0,0,0,4/1/2100 10:13
819,0,0,0,0,0,0,0,4/1/2100 10:13
820,0,0,0,0,0,0,0,4/1/2100 10:13
821,0,0,0,0,0,0,0,4/1/2100 10:13
822,0,0,0,0,0,0,0,4/1/2100 10:13
823,0,0,0,0,0,0,0,4/1/2100 10:13
824,0,0,0,0,0,0,0,4/1/2100 10:13
825,0,0,0,0,0,0,0,4/1/2100 10:13
826,0,0,0,0,0,0,0,4/1/2100 10:13
827,0,0,0,0,0,0,0,4/1/2100 10:13
828,0,0,0,0,0,0,0,4/1/2100 10:13
829,0,0,0,0,0,0,0,4/1/2100 10:13
830,0,0,0,0,0,0,0,4/1/2100 10:13
831,0,0,0,0,0,0,0,4/1/2100 10:13
832,0,0,0,0,0,0,0,4/1/2100 10:13
833,0,0,0,0,0,0,0,4/1/2100 10:13
834,0,0,0,0,0,0,0,4/1/2100 10:13
835,0,0,0,0,0,0,0,4/1/2100 10:13
836,0,0,0,0,0,0,0,4/1/2100 10:13
837,0,0,0,0,0,0,0,4/1/2100 10:13
838,0,0,0,0,0,0,0,4/1/2100 10:13
839,0,0,0,0,0,0,0,4/1/2100 10:13
840,0,0,0,0,0,0,0,4/1/2100 10:13
841,0,0,0,0,0,0,0,4/1/2100 10:14
842,0,0,0,0,0,0,0,4/1/2100 10:14
843,0,0,0,0,0,0,0,4/1/2100 10:14
844,0,0,0,0,0,0,0,4/1/2100 10:14
845,0,0,0,0,0,0,0,4/1/2100 10:14
846,0,0,0,0,0,0,0,4/1/2100 10:14
847,0,0,0,0,0,0,0,4/1/2100 10:14
848,0,0,0,0,0,0,0,4/1/2100 10:14
849,0,0,0,0,0,0,0,4/1/2100 10:14
850,0,0,0,0,0,0,0,4/1/2100 10:14
851,0,0,0,0,0,0,0,4/1/2100 10:14
852,0,0,0,0,0,0,0,4/1/2100 10:14
853,0,0,0,0,0,0,0,4/1/2100 10:14
854,0,0,0,0,0,0,0,4/1/2100 10:14
855,0,0,0,0,0,0,0,4/1/2100 10:14
856,0,0,0,0,0,0,0,4/1/2100 10:14
857,0,0,0,0,0,0,0,4/1/2100 10:14
858,0,0,0,0,0,0,0,4/1/2100 10:14
859,0,0,0,0,0,0,0,4/1/2100 10:14
860,0,0,0,0,0,0,0,4/1/2100 10:14
861,0,0,0,0,0,0,0,4/1/2100 10:14
862,0,0,0,0,0,0,0,4/1/2100 10:14
863,0,0,0,0,0,0,0,4/1/2100 10:14
864,0,0,0,0,0,0,0,4/1/2100 10:14
865,0,0,0,0,0,0,0,4/1/2100 10:14
866,0,0,0,0,0,0,0,4/1/2100 10:14
867,0,0,0,0,0,0,0,4/1/2100 10:14
868,0,0,0,0,0,0,0,4/1/2100 10:14
869,0,0,0,0,0,0,0,4/1/2100 10:14
870,0,0,0,0,0,0,0,4/1/2100 10:14
871,0,0,0,0,0,0,0,4/1/2100 10:14
872,0,0,0,0,0,0,0,4/1/2100 10:14
873,0,0,0,0,0,0,0,4/1/2100 10:14
874,0,0,0,0,0,0,0,4/1/2100 10:14
875,0,0,0,0,0,0,0,4/1/2100 10:14
876,0,0,0,0,0,0,0,4/1/2100 10:14
877,0,0,0,0,0,0,0,4/1/2100 10:14
878,0,0,0,0,0,0,0,4/1/2100 10:14
879,0,0,0,0,0,0,0,4/1/2100 10:14
880,0,0,0,0,0,0,0,4/1/2100 10:14
881,0,0,0,0,0,0,0,4/1/2100 10:14
882,0,0,0,0,0,0,0,4/1/2100 10:14
883,0,0,0,0,0,0,0,4/1/2100 10:14
884,0,0,0,0,0,0,0,4/1/2100 10:14
885,0,0,0,0,0,0,0,4/1/2100 10:14
886,0,0,0,0,0,0,0,4/1/2100 10:14
887,0,0,0,0,0,0,0,4/1/2100 10:14
888,0,0,0,0,0,0,0,4/1/2100 10:14
889,0,0,0,0,0,0,0,4/1/2100 10:14
890,0,0,0,0,0,0,0,4/1/2100 10:14
891,0,0,0,0,0,0,0,4/1/2100 10:14
892,0,0,0,0,0,0,0,4/1/2100 10:14
893,0,0,0,0,0,0,0,4/1/2100 10:14
894,0,0,0,0,0,0,0,4/1/2100 10:14
895,0,0,0,0,0,0,0,4/1/2100 10:14
896,0,0,0,0,0,0,0,4/1/2100 10:14
897,0,0,0,0,0,0,0,4/1/2100 10:14
898,0,0,0,0,0,0,0,4/1/2100 10:14
899,0,0,0,0,0,0,0,4/1/2100 10:14
900,0,0,0,0,0,0,0,4/1/2100 10:14
901,0,0,0,0,0,0,0,4/1/2100 10:15
902,0,0,0,0,0,0,0,4/1/2100 10:15
903,0,0,0,0,0,0,0,4/1/2100 10:15
904,0,0,0,0,0,0,0,4/1/2100 10:15
905,0,0,0,0,0,0,0,4/1/2100 10:15
906,0,0,0,0,0,0,0,4/1/2100 10:15
907,0,0,0,0,0,0,0,4/1/2100 10:15
908,0,0,0,0,0,0,0,4/1/2100 10:15
909,0,0,0,0,0,0,0,4/1/2100 10:15
910,0,0,0,0,0,0,0,4/1/2100 10:15
911,0,0,0,0,0,0,0,4/1/2100 10:15
912,0,0,0,0,0,0,0,4/1/2100 10:15
913,0,0,0,0,0,0,0,4/1/2100 10:15
914,0,0,0,0,0,0,0,4/1/2100 10:15
915,0,0,0,0,0,0,0,4/1/2100 10:15
916,0,0,0,0,0,0,0,4/1/2100 10:15
917,0,0,0,0,0,0,0,4/1/2100 10:15
918,0,0,0,0,0,0,0,4/1/2100 10:15
919,0,0,0,0,0,0,0,4/1/2100 10:15
920,0,0,0,0,0,0,0,4/1/2100 10:15
921,0,0,0,0,0,0,0,4/1/2100 10:15
922,0,0,0,0,0,0,0,4/1/2100 10:15
923,0,0,0,0,0,0,0,4/1/2100 10:15
924,0,0,0,0,0,0,0,4/1/2100 10:15
925,0,0,0,0,0,0,0,4/1/2100 10:15
926,0,0,0,0,0,0,0,4/1/2100 10:15
927,0,0,0,0,0,0,0,4/1/2100 10:15
928,0,0,0,0,0,0,0,4/1/2100 10:15
929,0,0,0,0,0,0,0,4/1/2100 10:15
930,0,0,0,0,0,0,0,4/1/2100 10:15
931,0,0,0,0,0,0,0,4/1/2100 10:15
932,0,0,0,0,0,0,0,4/1/2100 10:15
933,0,0,0,0,0,0,0,4/1/2100 10:15
934,0,0,0,0,0,0,0,4/1/2100 10:15
935,0,0,0,0,0,0,0,4/1/2100 10:15
936,0,0,0,0,0,0,0,4/1/2100 10:15
937,0,0,0,0,0,0,0,4/1/2100 10:15
938,0,0,0,0,0,0,0,4/1/2100 10:15
939,0,0,0,0,0,0,0,4/1/2100 10:15
940,0,0,0,0,0,0,0,4/1/2100 10:15
941,0,0,0,0,0,0,0,4/1/2100 10:15
942,0,0,0,0,0,0,0,4/1/2100 10:15
943,0,0,0,0,0,0,0,4/1/2100 10:15
944,0,0,0,0,0,0,0,4/1/2100 10:15
945,0,0,0,0,0,0,0,4/1/2100 10:15
946,0,0,0,0,0,0,0,4/1/2100 10:15
947,0,0,0,0,0,0,0,4/1/2100 10:15
948,0,0,0,0,0,0,0,4/1/2100 10:15
949,0,0,0,0,0,0,0,4/1/2100 10:15
950,0,0,0,0,0,0,0,4/1/2100 10:15
951,0,0,0,0,0,0,0,4/1/2100 10:15
952,0,0,0,0,0,0,0,4/1/2100 10:15
953,0,0,0,0,0,0,0,4/1/2100 10:15
954,0,0,0,0,0,0,0,4/1/2100 10:15
955,0,0,0,0,0,0,0,4/1/2100 10:15
956,0,0,0,0,0,0,0,4/1/2100 10:15
957,0,0,0,0,0,0,0,4/1/2100 10:15
958,0,0,0,0,0,0,0,4/1/2100 10:15
959,0,0,0,0,0,0,0,4/1/2100 10:15
960,0,0,0,0,0,0,0,4/1/2100 10:15
961,0,0,0,0,0,0,0,4/1/2100 10:16
962,0,0,0,0,0,0,0,4/1/2100 10:16
963,0,0,0,0,0,0,0,4/1/2100 10:16
964,0,0,0,0,0,0,0,4/1/2100 10:16
965,0,0,0,0,0,0,0,4/1/2100 10:16
966,0,0,0,0,0,0,0,4/1/2100 10:16
967,0,0,0,0,0,0,0,4/1/2100 10:16
968,0,0,0,0,0,0,0,4/1/2100 10:16
969,0,0,0,0,0,0,0,4/1/2100 10:16
970,0,0,0,0,0,0,0,4/1/2100 10:16
971,0,0,0,0,0,0,0,4/1/2100 10:16
972,0,0,0,0,0,0,0,4/1/2100 10:16
973,0,0,0,0,0,0,0,4/1/2100 10:16
974,0,0,0,0,0,0,0,4/1/2100 10:16
975,0,0,0,0,0,0,0,4/1/2100 10:16
976,0,0,0,0,0,0,0,4/1/2100 10:16
977,0,0,0,0,0,0,0,4/1/2100 10:16
978,0,0,0,0,0,0,0,4/1/2100 10:16
979,0,0,0,0,0,0,0,4/1/2100 10:16
980,0,0,0,0,0,0,0,4/1/2100 10:16
981,0,0,0,0,0,0,0,4/1/2100 10:16
982,0,0,0,0,0,0,0,4/1/2100 10:16
983,0,0,0,0,0,0,0,4/1/2100 10:16
984,0,0,0,0,0,0,0,4/1/2100 10:16
985,0,0,0,0,0,0,0,4/1/2100 10:16
986,0,0,0,0,0,0,0,4/1/2100 10:16
987,0,0,0,0,0,0,0,4/1/2100 10:16
988,0,0,0,0,0,0,0,4/1/2100 10:16
989,0,0,0,0,0,0,0,4/1/2100 10:16
990,0,0,0,0,0,0,0,4/1/2100 10:16
991,0,0,0,0,0,0,0,4/1/2100 10:16
992,0,0,0,0,0,0,0,4/1/2100 10:16
993,0,0,0,0,0,0,0,4/1/2100 10:16
994,0,0,0,0,0,0,0,4/1/2100 10:16
995,0,0,0,0,0,0,0,4/1/2100 10:16
996,0,0,0,0,0,0,0,4/1/2100 10:16
997,0,0,0,0,0,0,0,4/1/2100 10:16
998,0,0,0,0,0,0,0,4/1/2100 10:16
999,0,0,0,0,0,0,0,4/1/2100 10:16
1000,0,0,0,0,0,0,0,4/1/2100 10:16
1001,0,0,0,0,0,0,0,4/1/2100 10:16
1002,0,0,0,0,0,0,0,4/1/2100 10:16
1003,0,0,0,0,0,0,0,4/1/2100 10:16
1004,0,0,0,0,0,0,0,4/1/2100 10:16
1005,0,0,0,0,0,0,0,4/1/2100 10:16
1006,0,0,0,0,0,0,0,4/1/2100 10:16
1007,0,0,0,0,0,0,0,4/1/2100 10:16
1008,0,0,0,0,0,0,0,4/1/2100 10:16
1009,0,0,0,0,0,0,0,4/1/2100 10:16
1010,0,0,0,0,0,0,0,4/1/2100 10:16
1011,0,0,0,0,0,0,0,4/1/2100 10:16
1012,0,0,0,0,0,0,0,4/1/2100 10:16
1013,0,0,0,0,0,0,0,4/1/2100 10:16
1014,0,0,0,0,0,0,0,4/1/2100 10:16
1015,0,0,0,0,0,0,0,4/1/2100 10:16
1016,0,0,0,0,0,0,0,4/1/2100 10:16
1017,0,0,0,0,0,0,0,4/1/2100 10:16
1018,0,0,0,0,0,0,0,4/1/2100 10:16
1019,0,0,0,0,0,0,0,4/1/2100 10:16
1020,0,0,0,0,0,0,0,4/1/2100 10:16
1021,0,0,0,0,0,0,0,4/1/2100 10:17
1022,0,0,0,0,0,0,0,4/1/2100 10:17
1023,0,0,0,0,0,0,0,4/1/2100 10:17
1024,0,0,0,0,0,0,0,4/1/2100 10:17
1025,0,0,0,0,0,0,0,4/1/2100 10:17
1026,0,0,0,0,0,0,0,4/1/2100 10:17
1027,0,0,0,0,0,0,0,4/1/2100 10:17
1028,0,0,0,0,0,0,0,4/1/2100 10:17
1029,0,0,0,0,0,0,0,4/1/2100 10:17
1030,0,0,0,0,0,0,0,4/1/2100 10:17
1031,0,0,0,0,0,0,0,4/1/2100 10:17
1032,0,0,0,0,0,0,0,4/1/2100 10:17
1033,0,0,0,0,0,0,0,4/1/2100 10:17
1034,0,0,0,0,0,0,0,4/1/2100 10:17
1035,0,0,0,0,0,0,0,4/1/2100 10:17
1036,0,0,0,0,0,0,0,4/1/2100 10:17
1037,0,0,0,0,0,0,0,4/1/2100 10:17
1038,0,0,0,0,0,0,0,4/1/2100 10:17
1039,0,0,0,0,0,0,0,4/1/2100 10:17
1040,0,0,0,0,0,0,0,4/1/2100 10:17
1041,0,0,0,0,0,0,0,4/1/2100 10:17
1042,0,0,0,0,0,0,0,4/1/2100 10:17
1043,0,0,0,0,0,0,0,4/1/2100 10:17
1044,0,0,0,0,0,0,0,4/1/2100 10:17
1045,0,0,0,0,0,0,0,4/1/2100 10:17
1046,0,0,0,0,0,0,0,4/1/2100 10:17
1047,0,0,0,0,0,0,0,4/1/2100 10:17
1048,0,0,0,0,0,0,0,4/1/2100 10:17
1049,0,0,0,0,0,0,0,4/1/2100 10:17
1050,0,0,0,0,0,0,0,4/1/2100 10:17
1051,0,0,0,0,0,0,0,4/1/2100 10:17
1052,0,0,0,0,0,0,0,4/1/2100 10:17
1053,0,0,0,0,0,0,0,4/1/2100 10:17
1054,0,0,0,0,0,0,0,4/1/2100 10:17
1055,0,0,0,0,0,0,0,4/1/2100 10:17
1056,0,0,0,0,0,0,0,4/1/2100 10:17
1057,0,0,0,0,0,0,0,4/1/2100 10:17
1058,0,0,0,0,0,0,0,4/1/2100 10:17
1059,0,0,0,0,0,0,0,4/1/2100 10:17
1060,0,0,0,0,0,0,0,4/1/2100 10:17
1061,0,0,0,0,0,0,0,4/1/2100 10:17
1062,0,0,0,0,0,0,0,4/1/2100 10:17
1063,0,0,0,0,0,0,0,4/1/2100 10:17
1064,0,0,0,0,0,0,0,4/1/2100 10:17
1065,0,0,0,0,0,0,0,4/1/2100 10:17
1066,0,0,0,0,0,0,0,4/1/2100 10:17
1067,0,0,0,0,0,0,0,4/1/2100 10:17
1068,0,0,0,0,0,0,0,4/1/2100 10:17
1069,0,0,0,0,0,0,0,4/1/2100 10:17
1070,0,0,0,0,0,0,0,4/1/2100 10:17
1071,0,0,0,0,0,0,0,4/1/2100 10:17
1072,0,0,0,0,0,0,0,4/1/2100 10:17
1073,0,0,0,0,0,0,0,4/1/2100 10:17
1074,0,0,0,0,0,0,0,4/1/2100 10:17
1075,0,0,0,0,0,0,0,4/1/2100 10:17
1076,0,0,0,0,0,0,0,4/1/2100 10:17
1077,0,0,0,0,0,0,0,4/1/2100 10:17
1078,0,0,0,0,0,0,0,4/1/2100 10:17
1079,0,0,0,0,0,0,0,4/1/2100 10:17
1080,0,0,0,0,0,0,0,4/1/2100 10:17
1081,0,0,0,0,0,0,0,4/1/2100 10:18
1082,0,0,0,0,0,0,0,4/1/2100 10:18
1083,0,0,0,0,0,0,0,4/1/2100 10:18
1084,0,0,0,0,0,0,0,4/1/2100 10:18
1085,0,0,0,0,0,0,0,4/1/2100 10:18
1086,0,0,0,0,0,0,0,4/1/2100 10:18
1087,0,0,0,0,0,0,0,4/1/2100 10:18
1088,0,0,0,0,0,0,0,4/1/2100 10:18
1089,0,0,0,0,0,0,0,4/1/2100 10:18
1090,0,0,0,0,0,0,0,4/1/2100 10:18
1091,0,0,0,0,0,0,0,4/1/2100 10:18
1092,0,0,0,0,0,0,0,4/1/2100 10:18
1093,0,0,0,0,0,0,0,4/1/2100 10:18
1094,0,0,0,0,0,0,0,4/1/2100 10:18
1095,0,0,0,0,0,0,0,4/1/2100 10:18
1096,0,0,0,0,0,0,0,4/1/2100 10:18
1097,0,0,0,0,0,0,0,4/1/2100 10:18
1098,0,0,0,0,0,0,0,4/1/2100 10:18
1099,0,0,0,0,0,0,0,4/1/2100 10:18
1100,0,0,0,0,0,0,0,4/1/2100 10:18
1101,0,0,0,0,0,0,0,4/1/2100 10:18
1102,0,0,0,0,0,0,0,4/1/2100 10:18
1103,0,0,0,0,0,0,0,4/1/2100 10:18
1104,0,0,0,0,0,0,0,4/1/2100 10:18
1105,0,0,0,0,0,0,0,4/1/2100 10:18
1106,0,0,0,0,0,0,0,4/1/2100 10:18
1107,0,0,0,0,0,0,0,4/1/2100 10:18
1108,0,0,0,0,0,0,0,4/1/2100 10:18
1109,0,0,0,0,0,0,0,4/1/2100 10:18
1110,0,0,0,0,0,0,0,4/1/2100 10:18
1111,0,0,0,0,0,0,0,4/1/2100 10:18
1112,0,0,0,0,0,0,0,4/1/2100 10:18
1113,0,0,0,0,0,0,0,4/1/2100 10:18
1114,0,0,0,0,0,0,0,4/1/2100 10:18
1115,0,0,0,0,0,0,0,4/1/2100 10:18
1116,0,0,0,0,0,0,0,4/1/2100 10:18
1117,0,0,0,0,0,0,0,4/1/2100 10:18
1118,0,0,0,0,0,0,0,4/1/2100 10:18
1119,0,0,0,0,0,0,0,4/1/2100 10:18
1120,0,0,0,0,0,0,0,4/1/2100 10:18
1121,0,0,0,0,0,0,0,4/1/2100 10:18
1122,0,0,0,0,0,0,0,4/1/2100 10:18
1123,0,0,0,0,0,0,0,4/1/2100 10:18
1124,0,0,0,0,0,0,0,4/1/2100 10:18
1125,0,0,0,0,0,0,0,4/1/2100 10:18
1126,0,0,0,0,0,0,0,4/1/2100 10:18
1127,0,0,0,0,0,0,0,4/1/2100 10:18
1128,0,0,0,0,0,0,0,4/1/2100 10:18
1129,0,0,0,0,0,0,0,4/1/2100 10:18
1130,0,0,0,0,0,0,0,4/1/2100 10:18
1131,0,0,0,0,0,0,0,4/1/2100 10:18
1132,0,0,0,0,0,0,0,4/1/2100 10:18
1133,0,0,0,0,0,0,0,4/1/2100 10:18
1134,0,0,0,0,0,0,0,4/1/2100 10:18
1135,0,0,0,0,0,0,0,4/1/2100 10:18
1136,0,0,0,0,0,0,0,4/1/2100 10:18
1137,0,0,0,0,0,0,0,4/1/2100 10:18
1138,0,0,0,0,0,0,0,4/1/2100 10:18
1139,0,0,0,0,0,0,0,4/1/2100 10:18
1140,0,0,0,0,0,0,0,4/1/2100 10:18
1141,0,0,0,0,0,0,0,4/1/2100 10:19
1142,0,0,0,0,0,0,0,4/1/2100 10:19
1143,0,0,0,0,0,0,0,4/1/2100 10:19
1144,0,0,0,0,0,0,0,4/1/2100 10:19
1145,0,0,0,0,0,0,0,4/1/2100 10:19
1146,0,0,0,0,0,0,0,4/1/2100 10:19
1147,0,0,0,0,0,0,0,4/1/2100 10:19
1148,0,0,0,0,0,0,0,4/1/2100 10:19
1149,0,0,0,0,0,0,0,4/1/2100 10:19
1150,0,0,0,0,0,0,0,4/1/2100 10:19
1151,0,0,0,0,0,0,0,4/1/2100 10:19
1152,0,0,0,0,0,0,0,4/1/2100 10:19
1153,0,0,0,0,0,0,0,4/1/2100 10:19
1154,0,0,0,0,0,0,0,4/1/2100 10:19
1155,0,0,0,0,0,0,0,4/1/2100 10:19
1156,0,0,0,0,0,0,0,4/1/2100 10:19
1157,0,0,0,0,0,0,0,4/1/2100 10:19
1158,0,0,0,0,0,0,0,4/1/2100 10:19
1159,0,0,0,0,0,0,0,4/1/2100 10:19
1160,0,0,0,0,0,0,0,4/1/2100 10:19
1161,0,0,0,0,0,0,0,4/1/2100 10:19
1162,0,0,0,0,0,0,0,4/1/2100 10:19
1163,0,0,0,0,0,0,0,4/1/2100 10:19
1164,0,0,0,0,0,0,0,4/1/2100 10:19
1165,0,0,0,0,0,0,0,4/1/2100 10:19
1166,0,0,0,0,0,0,0,4/1/2100 10:19
1167,0,0,0,0,0,0,0,4/1/2100 10:19
1168,0,0,0,0,0,0,0,4/1/2100 10:19
1169,0,0,0,0,0,0,0,4/1/2100 10:19
1170,0,0,0,0,0,0,0,4/1/2100 10:19
1171,0,0,0,0,0,0,0,4/1/2100 10:19
1172,0,0,0,0,0,0,0,4/1/2100 10:19
1173,0,0,0,0,0,0,0,4/1/2100 10:19
1174,0,0,0,0,0,0,0,4/1/2100 10:19
1175,0,0,0,0,0,0,0,4/1/2100 10:19
1176,0,0,0,0,0,0,0,4/1/2100 10:19
1177,0,0,0,0,0,0,0,4/1/2100 10:19
1178,0,0,0,0,0,0,0,4/1/2100 10:19
1179,0,0,0,0,0,0,0,4/1/2100 10:19
1180,0,0,0,0,0,0,0,4/1/2100 10:19
1181,0,0,0,0,0,0,0,4/1/2100 10:19
1182,0,0,0,0,0,0,0,4/1/2100 10:19
1183,0,0,0,0,0,0,0,4/1/2100 10:19
1184,0,0,0,0,0,0,0,4/1/2100 10:19
1185,0,0,0,0,0,0,0,4/1/2100 10:19
1186,0,0,0,0,0,0,0,4/1/2100 10:19
1187,0,0,0,0,0,0,0,4/1/2100 10:19
1188,0,0,0,0,0,0,0,4/1/2100 10:19
1189,0,0,0,0,0,0,0,4/1/2100 10:19
1190,0,0,0,0,0,0,0,4/1/2100 10:19
1191,0,0,0,0,0,0,0,4/1/2100 10:19
1192,0,0,0,0,0,0,0,4/1/2100 10:19
1193,0,0,0,0,0,0,0,4/1/2100 10:19
1194,0,0,0,0,0,0,0,4/1/2100 10:19
1195,0,0,0,0,0,0,0,4/1/2100 10:19
1196,0,0,0,0,0,0,0,4/1/2100 10:19
1197,0,0,0,0,0,0,0,4/1/2100 10:19
1198,0,0,0,0,0,0,0,4/1/2100 10:19
1199,0,0,0,0,0,0,0,4/1/2100 10:19
1200,0,0,0,0,0,0,0,4/1/2100 10:19
1201,0,0,0,0,0,0,0,4/1/2100 10:20
1202,0,0,0,0,0,0,0,4/1/2100 10:20
1203,0,0,0,0,0,0,0,4/1/2100 10:20
1204,0,0,0,0,0,0,0,4/1/2100 10:20
1205,0,0,0,0,0,0,0,4/1/2100 10:20
1206,0,0,0,0,0,0,0,4/1/2100 10:20
1207,0,0,0,0,0,0,0,4/1/2100 10:20
1208,0,0,0,0,0,0,0,4/1/2100 10:20
1209,0,0,0,0,0,0,0,4/1/2100 10:20
1210,0,0,0,0,0,0,0,4/1/2100 10:20
1211,0,0,0,0,0,0,0,4/1/2100 10:20
1212,0,0,0,0,0,0,0,4/1/2100 10:20
1213,0,0,0,0,0,0,0,4/1/2100 10:20
1214,0,0,0,0,0,0,0,4/1/2100 10:20
1215,0,0,0,0,0,0,0,4/1/2100 10:20
1216,0,0,0,0,0,0,0,4/1/2100 10:20
1217,0,0,0,0,0,0,0,4/1/2100 10:20
1218,0,0,0,0,0,0,0,4/1/2100 10:20
1219,0,0,0,0,0,0,0,4/1/2100 10:20
1220,0,0,0,0,0,0,0,4/1/2100 10:20
1221,0,0,0,0,0,0,0,4/1/2100 10:20
1222,0,0,0,0,0,0,0,4/1/2100 10:20
1223,0,0,0,0,0,0,0,4/1/2100 10:20
1224,0,0,0,0,0,0,0,4/1/2100 10:20
1225,0,0,0,0,0,0,0,4/1/2100 10:20
1226,0,0,0,0,0,0,0,4/1/2100 10:20
1227,0,0,0,0,0,0,0,4/1/2100 10:20
1228,0,0,0,0,0,0,0,4/1/2100 10:20
1229,0,0,0,0,0,0,0,4/1/2100 10:20
1230,0,0,0,0,0,0,0,4/1/2100 10:20
1231,0,0,0,0,0,0,0,4/1/2100 10:20
1232,0,0,0,0,0,0,0,4/1/2100 10:20
1233,0,0,0,0,0,0,0,4/1/2100 10:20
1234,0,0,0,0,0,0,0,4/1/2100 10:20
1235,0,0,0,0,0,0,0,4/1/2100 10:20
1236,0,0,0,0,0,0,0,4/1/2100 10:20
1237,0,0,0,0,0,0,0,4/1/2100 10:20
1238,0,0,0,0,0,0,0,4/1/2100 10:20
1239,0,0,0,0,0,0,0,4/1/2100 10:20
1240,0,0,0,0,0,0,0,4/1/2100 10:20
1241,0,0,0,0,0,0,0,4/1/2100 10:20
1242,0,0,0,0,0,0,0,4/1/2100 10:20
1243,0,0,0,0,0,0,0,4/1/2100 10:20
1244,0,0,0,0,0,0,0,4/1/2100 10:20
1245,0,0,0,0,0,0,0,4/1/2100 10:20
1246,0,0,0,0,0,0,0,4/1/2100 10:20
1247,0,0,0,0,0,0,0,4/1/2100 10:20
1248,0,0,0,0,0,0,0,4/1/2100 10:20
1249,0,0,0,0,0,0,0,4/1/2100 10:20
1250,0,0,0,0,0,0,0,4/1/2100 10:20
1251,0,0,0,0,0,0,0,4/1/2100 10:20
1252,0,0,0,0,0,0,0,4/1/2100 10:20
1253,0,0,0,0,0,0,0,4/1/2100 10:20
1254,0,0,0,0,0,0,0,4/1/2100 10:20
1255,0,0,0,0,0,0,0,4/1/2100 10:20
1256,0,0,0,0,0,0,0,4/1/2100 10:20
1257,0,0,0,0,0,0,0,4/1/2100 10:20
1258,0,0,0,0,0,0,0,4/1/2100 10:20
1259,0,0,0,0,0,0,0,4/1/2100 10:20
1260,0,0,0,0,0,0,0,4/1/2100 10:20
1261,0,0,0,0,0,0,0,4/1/2100 10:21
1262,0,0,0,0,0,0,0,4/1/2100 10:21
1263,0,0,0,0,0,0,0,4/1/2100 10:21
1264,0,0,0,0,0,0,0,4/1/2100 10:21
1265,0,0,0,0,0,0,0,4/1/2100 10:21
1266,0,0,0,0,0,0,0,4/1/2100 10:21
1267,0,0,0,0,0,0,0,4/1/2100 10:21
1268,0,0,0,0,0,0,0,4/1/2100 10:21
1269,0,0,0,0,0,0,0,4/1/2100 10:21
1270,0,0,0,0,0,0,0,4/1/2100 10:21
1271,0,0,0,0,0,0,0,4/1/2100 10:21
1272,0,0,0,0,0,0,0,4/1/2100 10:21
1273,0,0,0,0,0,0,0,4/1/2100 10:21
1274,0,0,0,0,0,0,0,4/1/2100 10:21
1275,0,0,0,0,0,0,0,4/1/2100 10:21
1276,0,0,0,0,0,0,0,4/1/2100 10:21
1277,0,0,0,0,0,0,0,4/1/2100 10:21
1278,0,0,0,0,0,0,0,4/1/2100 10:21
1279,0,0,0,0,0,0,0,4/1/2100 10:21
1280,0,0,0,0,0,0,0,4/1/2100 10:21
1281,0,0,0,0,0,0,0,4/1/2100 10:21
1282,0,0,0,0,0,0,0,4/1/2100 10:21
1283,0,0,0,0,0,0,0,4/1/2100 10:21
1284,0,0,0,0,0,0,0,4/1/2100 10:21
1285,0,0,0,0,0,0,0,4/1/2100 10:21
1286,0,0,0,0,0,0,0,4/1/2100 10:21
1287,0,0,0,0,0,0,0,4/1/2100 10:21
1288,0,0,0,0,0,0,0,4/1/2100 10:21
1289,0,0,0,0,0,0,0,4/1/2100 10:21
1290,0,0,0,0,0,0,0,4/1/2100 10:21
1291,0,0,0,0,0,0,0,4/1/2100 10:21
1292,0,0,0,0,0,0,0,4/1/2100 10:21
1293,0,0,0,0,0,0,0,4/1/2100 10:21
1294,0,0,0,0,0,0,0,4/1/2100 10:21
1295,0,0,0,0,0,0,0,4/1/2100 10:21
1296,0,0,0,0,0,0,0,4/1/2100 10:21
1297,0,0,0,0,0,0,0,4/1/2100 10:21
1298,0,0,0,0,0,0,0,4/1/2100 10:21
1299,0,0,0,0,0,0,0,4/1/2100 10:21
1300,0,0,0,0,0,0,0,4/1/2100 10:21
1301,0,0,0,0,0,0,0,4/1/2100 10:21
1302,0,0,0,0,0,0,0,4/1/2100 10:21
1303,0,0,0,0,0,0,0,4/1/2100 10:21
1304,0,0,0,0,0,0,0,4/1/2100 10:21
1305,0,0,0,0,0,0,0,4/1/2100 10:21
1306,0,0,0,0,0,0,0,4/1/2100 10:21
1307,0,0,0,0,0,0,0,4/1/2100 10:21
1308,0,0,0,0,0,0,0,4/1/2100 10:21
1309,0,0,0,0,0,0,0,4/1/2100 10:21
1310,0,0,0,0,0,0,0,4/1/2100 10:21
1311,0,0,0,0,0,0,0,4/1/2100 10:21
1312,0,0,0,0,0,0,0,4/1/2100 10:21
1313,0,0,0,0,0,0,0,4/1/2100 10:21
1314,0,0,0,0,0,0,0,4/1/2100 10:21
1315,0,0,0,0,0,0,0,4/1/2100 10:21
1316,0,0,0,0,0,0,0,4/1/2100 10:21
1317,0,0,0,0,0,0,0,4/1/2100 10:21
1318,0,0,0,0,0,0,0,4/1/2100 10:21
1319,0,0,0,0,0,0,0,4/1/2100 10:21
1320,0,0,0,0,0,0,0,4/1/2100 10:21
1321,0,0,0,0,0,0,0,4/1/2100 10:22
1322,0,0,0,0,0,0,0,4/1/2100 10:22
1323,0,0,0,0,0,0,0,4/1/2100 10:22
1324,0,0,0,0,0,0,0,4/1/2100 10:22
1325,0,0,0,0,0,0,0,4/1/2100 10:22
1326,0,0,0,0,0,0,0,4/1/2100 10:22
1327,0,0,0,0,0,0,0,4/1/2100 10:22
1328,0,0,0,0,0,0,0,4/1/2100 10:22
1329,0,0,0,0,0,0,0,4/1/2100 10:22
1330,0,0,0,0,0,0,0,4/1/2100 10:22
1331,0,0,0,0,0,0,0,4/1/2100 10:22
1332,0,0,0,0,0,0,0,4/1/2100 10:22
1333,0,0,0,0,0,0,0,4/1/2100 10:22
1334,0,0,0,0,0,0,0,4/1/2100 10:22
1335,0,0,0,0,0,0,0,4/1/2100 10:22
1336,0,0,0,0,0,0,0,4/1/2100 10:22
1337,0,0,0,0,0,0,0,4/1/2100 10:22
1338,0,0,0,0,0,0,0,4/1/2100 10:22
1339,0,0,0,0,0,0,0,4/1/2100 10:22
1340,0,0,0,0,0,0,0,4/1/2100 10:22
1341,0,0,0,0,0,0,0,4/1/2100 10:22
1342,0,0,0,0,0,0,0,4/1/2100 10:22
1343,0,0,0,0,0,0,0,4/1/2100 10:22
1344,0,0,0,0,0,0,0,4/1/2100 10:22
1345,0,0,0,0,0,0,0,4/1/2100 10:22
1346,0,0,0,0,0,0,0,4/1/2100 10:22
1347,0,0,0,0,0,0,0,4/1/2100 10:22
1348,0,0,0,0,0,0,0,4/1/2100 10:22
1349,0,0,0,0,0,0,0,4/1/2100 10:22
1350,0,0,0,0,0,0,0,4/1/2100 10:22
1351,0,0,0,0,0,0,0,4/1/2100 10:22
1352,0,0,0,0,0,0,0,4/1/2100 10:22
1353,0,0,0,0,0,0,0,4/1/2100 10:22
1354,0,0,0,0,0,0,0,4/1/2100 10:22
1355,0,0,0,0,0,0,0,4/1/2100 10:22
1356,0,0,0,0,0,0,0,4/1/2100 10:22
1357,0,0,0,0,0,0,0,4/1/2100 10:22
1358,0,0,0,0,0,0,0,4/1/2100 10:22
1359,0,0,0,0,0,0,0,4/1/2100 10:22
1360,0,0,0,0,0,0,0,4/1/2100 10:22
1361,0,0,0,0,0,0,0,4/1/2100 10:22
1362,0,0,0,0,0,0,0,4/1/2100 10:22
1363,0,0,0,0,0,0,0,4/1/2100 10:22
1364,0,0,0,0,0,0,0,4/1/2100 10:22
1365,0,0,0,0,0,0,0,4/1/2100 10:22
1366,0,0,0,0,0,0,0,4/1/2100 10:22
1367,0,0,0,0,0,0,0,4/1/2100 10:22
1368,0,0,0,0,0,0,0,4/1/2100 10:22
1369,0,0,0,0,0,0,0,4/1/2100 10:22
1370,0,0,0,0,0,0,0,4/1/2100 10:22
1371,0,0,0,0,0,0,0,4/1/2100 10:22
1372,0,0,0,0,0,0,0,4/1/2100 10:22
1373,0,0,0,0,0,0,0,4/1/2100 10:22
1374,0,0,0,0,0,0,0,4/1/2100 10:22
1375,0,0,0,0,0,0,0,4/1/2100 10:22
1376,0,0,0,0,0,0,0,4/1/2100 10:22
1377,0,0,0,0,0,0,0,4/1/2100 10:22
1378,0,0,0,0,0,0,0,4/1/2100 10:22
1379,0,0,0,0,0,0,0,4/1/2100 10:22
1380,0,0,0,0,0,0,0,4/1/2100 10:22
1381,0,0,0,0,0,0,0,4/1/2100 10:23
1382,0,0,0,0,0,0,0,4/1/2100 10:23
1383,0,0,0,0,0,0,0,4/1/2100 10:23
1384,0,0,0,0,0,0,0,4/1/2100 10:23
1385,0,0,0,0,0,0,0,4/1/2100 10:23
1386,0,0,0,0,0,0,0,4/1/2100 10:23
1387,0,0,0,0,0,0,0,4/1/2100 10:23
1388,0,0,0,0,0,0,0,4/1/2100 10:23
1389,0,0,0,0,0,0,0,4/1/2100 10:23
1390,0,0,0,0,0,0,0,4/1/2100 10:23
1391,0,0,0,0,0,0,0,4/1/2100 10:23
1392,0,0,0,0,0,0,0,4/1/2100 10:23
1393,0,0,0,0,0,0,0,4/1/2100 10:23
1394,0,0,0,0,0,0,0,4/1/2100 10:23
1395,0,0,0,0,0,0,0,4/1/2100 10:23
1396,0,0,0,0,0,0,0,4/1/2100 10:23
1397,0,0,0,0,0,0,0,4/1/2100 10:23
1398,0,0,0,0,0,0,0,4/1/2100 10:23
1399,0,0,0,0,0,0,0,4/1/2100 10:23
1400,0,0,0,0,0,0,0,4/1/2100 10:23
1401,0,0,0,0,0,0,0,4/1/2100 10:23
1402,0,0,0,0,0,0,0,4/1/2100 10:23
1403,0,0,0,0,0,0,0,4/1/2100 10:23
1404,0,0,0,0,0,0,0,4/1/2100 10:23
1405,0,0,0,0,0,0,0,4/1/2100 10:23
1406,0,0,0,0,0,0,0,4/1/2100 10:23
1407,0,0,0,0,0,0,0,4/1/2100 10:23
1408,0,0,0,0,0,0,0,4/1/2100 10:23
1409,0,0,0,0,0,0,0,4/1/2100 10:23
1410,0,0,0,0,0,0,0,4/1/2100 10:23
1411,0,0,0,0,0,0,0,4/1/2100 10:23
1412,0,0,0,0,0,0,0,4/1/2100 10:23
1413,0,0,0,0,0,0,0,4/1/2100 10:23
1414,0,0,0,0,0,0,0,4/1/2100 10:23
1415,0,0,0,0,0,0,0,4/1/2100 10:23
1416,0,0,0,0,0,0,0,4/1/2100 10:23
1417,0,0,0,0,0,0,0,4/1/2100 10:23
1418,0,0,0,0,0,0,0,4/1/2100 10:23
1419,0,0,0,0,0,0,0,4/1/2100 10:23
1420,0,0,0,0,0,0,0,4/1/2100 10:23
1421,0,0,0,0,0,0,0,4/1/2100 10:23
1422,0,0,0,0,0,0,0,4/1/2100 10:23
1423,0,0,0,0,0,0,0,4/1/2100 10:23
1424,0,0,0,0,0,0,0,4/1/2100 10:23
1425,0,0,0,0,0,0,0,4/1/2100 10:23
1426,0,0,0,0,0,0,0,4/1/2100 10:23
1427,0,0,0,0,0,0,0,4/1/2100 10:23
1428,0,0,0,0,0,0,0,4/1/2100 10:23
1429,0,0,0,0,0,0,0,4/1/2100 10:23
1430,0,0,0,0,0,0,0,4/1/2100 10:23
1431,0,0,0,0,0,0,0,4/1/2100 10:23
1432,0,0,0,0,0,0,0,4/1/2100 10:23
1433,0,0,0,0,0,0,0,4/1/2100 10:23
1434,0,0,0,0,0,0,0,4/1/2100 10:23
1435,0,0,0,0,0,0,0,4/1/2100 10:23
1436,0,0,0,0,0,0,0,4/1/2100 10:23
1437,0,0,0,0,0,0,0,4/1/2100 10:23
1438,0,0,0,0,0,0,0,4/1/2100 10:23
1439,0,0,0,0,0,0,0,4/1/2100 10:23
1440,0,0,0,0,0,0,0,4/1/2100 10:23
1441,0,0,0,0,0,0,0,4/1/2100 10:24
1442,0,0,0,0,0,0,0,4/1/2100 10:24
1443,0,0,0,0,0,0,0,4/1/2100 10:24
1444,0,0,0,0,0,0,0,4/1/2100 10:24
1445,0,0,0,0,0,0,0,4/1/2100 10:24
1446,0,0,0,0,0,0,0,4/1/2100 10:24
1447,0,0,0,0,0,0,0,4/1/2100 10:24
1448,0,0,0,0,0,0,0,4/1/2100 10:24
1449,0,0,0,0,0,0,0,4/1/2100 10:24
1450,0,0,0,0,0,0,0,4/1/2100 10:24
1451,0,0,0,0,0,0,0,4/1/2100 10:24
1452,0,0,0,0,0,0,0,4/1/2100 10:24
1453,0,0,0,0,0,0,0,4/1/2100 10:24
1454,0,0,0,0,0,0,0,4/1/2100 10:24
1455,0,0,0,0,0,0,0,4/1/2100 10:24
1456,0,0,0,0,0,0,0,4/1/2100 10:24
1457,0,0,0,0,0,0,0,4/1/2100 10:24
1458,0,0,0,0,0,0,0,4/1/2100 10:24
1459,0,0,0,0,0,0,0,4/1/2100 10:24
1460,0,0,0,0,0,0,0,4/1/2100 10:24
1461,0,0,0,0,0,0,0,4/1/2100 10:24
1462,0,0,0,0,0,0,0,4/1/2100 10:24
1463,0,0,0,0,0,0,0,4/1/2100 10:24
1464,0,0,0,0,0,0,0,4/1/2100 10:24
1465,0,0,0,0,0,0,0,4/1/2100 10:24
1466,0,0,0,0,0,0,0,4/1/2100 10:24
1467,0,0,0,0,0,0,0,4/1/2100 10:24
1468,0,0,0,0,0,0,0,4/1/2100 10:24
1469,0,0,0,0,0,0,0,4/1/2100 10:24
1470,0,0,0,0,0,0,0,4/1/2100 10:24
1471,0,0,0,0,0,0,0,4/1/2100 10:24
1472,0,0,0,0,0,0,0,4/1/2100 10:24
1473,0,0,0,0,0,0,0,4/1/2100 10:24
1474,0,0,0,0,0,0,0,4/1/2100 10:24
1475,0,0,0,0,0,0,0,4/1/2100 10:24
1476,0,0,0,0,0,0,0,4/1/2100 10:24
1477,0,0,0,0,0,0,0,4/1/2100 10:24
1478,0,0,0,0,0,0,0,4/1/2100 10:24
1479,0,0,0,0,0,0,0,4/1/2100 10:24
1480,0,0,0,0,0,0,0,4/1/2100 10:24
1481,0,0,0,0,0,0,0,4/1/2100 10:24
1482,0,0,0,0,0,0,0,4/1/2100 10:24
1483,0,0,0,0,0,0,0,4/1/2100 10:24
1484,0,0,0,0,0,0,0,4/1/2100 10:24
1485,0,0,0,0,0,0,0,4/1/2100 10:24
1486,0,0,0,0,0,0,0,4/1/2100 10:24
1487,0,0,0,0,0,0,0,4/1/2100 10:24
1488,0,0,0,0,0,0,0,4/1/2100 10:24
1489,0,0,0,0,0,0,0,4/1/2100 10:24
1490,0,0,0,0,0,0,0,4/1/2100 10:24
1491,0,0,0,0,0,0,0,4/1/2100 10:24
1492,0,0,0,0,0,0,0,4/1/2100 10:24
1493,0,0,0,0,0,0,0,4/1/2100 10:24
1494,0,0,0,0,0,0,0,4/1/2100 10:24
1495,0,0,0,0,0,0,0,4/1/2100 10:24
1496,0,0,0,0,0,0,0,4/1/2100 10:24
1497,0,0,0,0,0,0,0,4/1/2100 10:24
1498,0,0,0,0,0,0,0,4/1/2100 10:24
1499,0,0,0,0,0,0,0,4/1/2100 10:24
1500,0,0,0,0,0,0,0,4/1/2100 10:24
1501,0,0,0,0,0,0,0,4/1/2100 10:25
1502,0,0,0,0,0,0,0,4/1/2100 10:25
1503,0,0,0,0,0,0,0,4/1/2100 10:25
1504,0,0,0,0,0,0,0,4/1/2100 10:25
1505,0,0,0,0,0,0,0,4/1/2100 10:25
1506,0,0,0,0,0,0,0,4/1/2100 10:25
1507,0,0,0,0,0,0,0,4/1/2100 10:25
1508,0,0,0,0,0,0,0,4/1/2100 10:25
1509,0,0,0,0,0,0,0,4/1/2100 10:25
1510,0,0,0,0,0,0,0,4/1/2100 10:25
1511,0,0,0,0,0,0,0,4/1/2100 10:25
1512,0,0,0,0,0,0,0,4/1/2100 10:25
1513,0,0,0,0,0,0,0,4/1/2100 10:25
1514,0,0,0,0,0,0,0,4/1/2100 10:25
1515,0,0,0,0,0,0,0,4/1/2100 10:25
1516,0,0,0,0,0,0,0,4/1/2100 10:25
1517,0,0,0,0,0,0,0,4/1/2100 10:25
1518,0,0,0,0,0,0,0,4/1/2100 10:25
1519,0,0,0,0,0,0,0,4/1/2100 10:25
1520,0,0,0,0,0,0,0,4/1/2100 10:25
1521,0,0,0,0,0,0,0,4/1/2100 10:25
1522,0,0,0,0,0,0,0,4/1/2100 10:25
1523,0,0,0,0,0,0,0,4/1/2100 10:25
1524,0,0,0,0,0,0,0,4/1/2100 10:25
1525,0,0,0,0,0,0,0,4/1/2100 10:25
1526,0,0,0,0,0,0,0,4/1/2100 10:25
1527,0,0,0,0,0,0,0,4/1/2100 10:25
1528,0,0,0,0,0,0,0,4/1/2100 10:25
1529,0,0,0,0,0,0,0,4/1/2100 10:25
1530,0,0,0,0,0,0,0,4/1/2100 10:25
1531,0,0,0,0,0,0,0,4/1/2100 10:25
1532,0,0,0,0,0,0,0,4/1/2100 10:25
1533,0,0,0,0,0,0,0,4/1/2100 10:25
1534,0,0,0,0,0,0,0,4/1/2100 10:25
1535,0,0,0,0,0,0,0,4/1/2100 10:25
1536,0,0,0,0,0,0,0,4/1/2100 10:25
1537,0,0,0,0,0,0,0,4/1/2100 10:25
1538,0,0,0,0,0,0,0,4/1/2100 10:25
1539,0,0,0,0,0,0,0,4/1/2100 10:25
1540,0,0,0,0,0,0,0,4/1/2100 10:25
1541,0,0,0,0,0,0,0,4/1/2100 10:25
1542,0,0,0,0,0,0,0,4/1/2100 10:25
1543,0,0,0,0,0,0,0,4/1/2100 10:25
1544,0,0,0,0,0,0,0,4/1/2100 10:25
1545,0,0,0,0,0,0,0,4/1/2100 10:25
1546,0,0,0,0,0,0,0,4/1/2100 10:25
1547,0,0,0,0,0,0,0,4/1/2100 10:25
1548,0,0,0,0,0,0,0,4/1/2100 10:25
1549,0,0,0,0,0,0,0,4/1/2100 10:25
1550,0,0,0,0,0,0,0,4/1/2100 10:25
1551,0,0,0,0,0,0,0,4/1/2100 10:25
1552,0,0,0,0,0,0,0,4/1/2100 10:25
1553,0,0,0,0,0,0,0,4/1/2100 10:25
1554,0,0,0,0,0,0,0,4/1/2100 10:25
1555,0,0,0,0,0,0,0,4/1/2100 10:25
1556,0,0,0,0,0,0,0,4/1/2100 10:25
1557,0,0,0,0,0,0,0,4/1/2100 10:25
1558,0,0,0,0,0,0,0,4/1/2100 10:25
1559,0,0,0,0,0,0,0,4/1/2100 10:25
1560,0,0,0,0,0,0,0,4/1/2100 10:25
1561,0,0,0,0,0,0,0,4/1/2100 10:26
1562,0,0,0,0,0,0,0,4/1/2100 10:26
1563,0,0,0,0,0,0,0,4/1/2100 10:26
1564,0,0,0,0,0,0,0,4/1/2100 10:26
1565,0,0,0,0,0,0,0,4/1/2100 10:26
1566,0,0,0,0,0,0,0,4/1/2100 10:26
1567,0,0,0,0,0,0,0,4/1/2100 10:26
1568,0,0,0,0,0,0,0,4/1/2100 10:26
1569,0,0,0,0,0,0,0,4/1/2100 10:26
1570,0,0,0,0,0,0,0,4/1/2100 10:26
1571,0,0,0,0,0,0,0,4/1/2100 10:26
1572,0,0,0,0,0,0,0,4/1/2100 10:26
1573,0,0,0,0,0,0,0,4/1/2100 10:26
1574,0,0,0,0,0,0,0,4/1/2100 10:26
1575,0,0,0,0,0,0,0,4/1/2100 10:26
1576,0,0,0,0,0,0,0,4/1/2100 10:26
1577,0,0,0,0,0,0,0,4/1/2100 10:26
1578,0,0,0,0,0,0,0,4/1/2100 10:26
1579,0,0,0,0,0,0,0,4/1/2100 10:26
1580,0,0,0,0,0,0,0,4/1/2100 10:26
1581,0,0,0,0,0,0,0,4/1/2100 10:26
1582,0,0,0,0,0,0,0,4/1/2100 10:26
1583,0,0,0,0,0,0,0,4/1/2100 10:26
1584,0,0,0,0,0,0,0,4/1/2100 10:26
1585,0,0,0,0,0,0,0,4/1/2100 10:26
1586,0,0,0,0,0,0,0,4/1/2100 10:26
1587,0,0,0,0,0,0,0,4/1/2100 10:26
1588,0,0,0,0,0,0,0,4/1/2100 10:26
1589,0,0,0,0,0,0,0,4/1/2100 10:26
1590,0,0,0,0,0,0,0,4/1/2100 10:26
1591,0,0,0,0,0,0,0,4/1/2100 10:26
1592,0,0,0,0,0,0,0,4/1/2100 10:26
1593,0,0,0,0,0,0,0,4/1/2100 10:26
1594,0,0,0,0,0,0,0,4/1/2100 10:26
1595,0,0,0,0,0,0,0,4/1/2100 10:26
1596,0,0,0,0,0,0,0,4/1/2100 10:26
1597,0,0,0,0,0,0,0,4/1/2100 10:26
1598,0,0,0,0,0,0,0,4/1/2100 10:26
1599,0,0,0,0,0,0,0,4/1/2100 10:26
1600,0,0,0,0,0,0,0,4/1/2100 10:26
1601,0,0,0,0,0,0,0,4/1/2100 10:26
1602,0,0,0,0,0,0,0,4/1/2100 10:26
1603,0,0,0,0,0,0,0,4/1/2100 10:26
1604,0,0,0,0,0,0,0,4/1/2100 10:26
1605,0,0,0,0,0,0,0,4/1/2100 10:26
1606,0,0,0,0,0,0,0,4/1/2100 10:26
1607,0,0,0,0,0,0,0,4/1/2100 10:26
1608,0,0,0,0,0,0,0,4/1/2100 10:26
1609,0,0,0,0,0,0,0,4/1/2100 10:26
1610,0,0,0,0,0,0,0,4/1/2100 10:26
1611,0,0,0,0,0,0,0,4/1/2100 10:26
1612,0,0,0,0,0,0,0,4/1/2100 10:26
1613,0,0,0,0,0,0,0,4/1/2100 10:26
1614,0,0,0,0,0,0,0,4/1/2100 10:26
1615,0,0,0,0,0,0,0,4/1/2100 10:26
1616,0,0,0,0,0,0,0,4/1/2100 10:26
1617,0,0,0,0,0,0,0,4/1/2100 10:26
1618,0,0,0,0,0,0,0,4/1/2100 10:26
1619,0,0,0,0,0,0,0,4/1/2100 10:26
1620,0,0,0,0,0,0,0,4/1/2100 10:26
1621,0,0,0,0,0,0,0,4/1/2100 10:27
1622,0,0,0,0,0,0,0,4/1/2100 10:27
1623,0,0,0,0,0,0,0,4/1/2100 10:27
1624,0,0,0,0,0,0,0,4/1/2100 10:27
1625,0,0,0,0,0,0,0,4/1/2100 10:27
1626,0,0,0,0,0,0,0,4/1/2100 10:27
1627,0,0,0,0,0,0,0,4/1/2100 10:27
1628,0,0,0,0,0,0,0,4/1/2100 10:27
1629,0,0,0,0,0,0,0,4/1/2100 10:27
1630,0,0,0,0,0,0,0,4/1/2100 10:27
1631,0,0,0,0,0,0,0,4/1/2100 10:27
1632,0,0,0,0,0,0,0,4/1/2100 10:27
1633,0,0,0,0,0,0,0,4/1/2100 10:27
1634,0,0,0,0,0,0,0,4/1/2100 10:27
1635,0,0,0,0,0,0,0,4/1/2100 10:27
1636,0,0,0,0,0,0,0,4/1/2100 10:27
1637,0,0,0,0,0,0,0,4/1/2100 10:27
1638,0,0,0,0,0,0,0,4/1/2100 10:27
1639,0,0,0,0,0,0,0,4/1/2100 10:27
1640,0,0,0,0,0,0,0,4/1/2100 10:27
1641,0,0,0,0,0,0,0,4/1/2100 10:27
1642,0,0,0,0,0,0,0,4/1/2100 10:27
1643,0,0,0,0,0,0,0,4/1/2100 10:27
1644,0,0,0,0,0,0,0,4/1/2100 10:27
1645,0,0,0,0,0,0,0,4/1/2100 10:27
1646,0,0,0,0,0,0,0,4/1/2100 10:27
1647,0,0,0,0,0,0,0,4/1/2100 10:27
1648,0,0,0,0,0,0,0,4/1/2100 10:27
1649,0,0,0,0,0,0,0,4/1/2100 10:27
1650,0,0,0,0,0,0,0,4/1/2100 10:27
1651,0,0,0,0,0,0,0,4/1/2100 10:27
1652,0,0,0,0,0,0,0,4/1/2100 10:27
1653,0,0,0,0,0,0,0,4/1/2100 10:27
1654,0,0,0,0,0,0,0,4/1/2100 10:27
1655,0,0,0,0,0,0,0,4/1/2100 10:27
1656,0,0,0,0,0,0,0,4/1/2100 10:27
1657,0,0,0,0,0,0,0,4/1/2100 10:27
1658,0,0,0,0,0,0,0,4/1/2100 10:27
1659,0,0,0,0,0,0,0,4/1/2100 10:27
1660,0,0,0,0,0,0,0,4/1/2100 10:27
1661,0,0,0,0,0,0,0,4/1/2100 10:27
1662,0,0,0,0,0,0,0,4/1/2100 10:27
1663,0,0,0,0,0,0,0,4/1/2100 10:27
1664,0,0,0,0,0,0,0,4/1/2100 10:27
1665,0,0,0,0,0,0,0,4/1/2100 10:27
1666,0,0,0,0,0,0,0,4/1/2100 10:27
1667,0,0,0,0,0,0,0,4/1/2100 10:27
1668,0,0,0,0,0,0,0,4/1/2100 10:27
1669,0,0,0,0,0,0,0,4/1/2100 10:27
1670,0,0,0,0,0,0,0,4/1/2100 10:27
1671,0,0,0,0,0,0,0,4/1/2100 10:27
1672,0,0,0,0,0,0,0,4/1/2100 10:27
1673,0,0,0,0,0,0,0,4/1/2100 10:27
1674,0,0,0,0,0,0,0,4/1/2100 10:27
1675,0,0,0,0,0,0,0,4/1/2100 10:27
1676,0,0,0,0,0,0,0,4/1/2100 10:27
1677,0,0,0,0,0,0,0,4/1/2100 10:27
1678,0,0,0,0,0,0,0,4/1/2100 10:27
1679,0,0,0,0,0,0,0,4/1/2100 10:27
1680,0,0,0,0,0,0,0,4/1/2100 10:27
1681,0,0,0,0,0,0,0,4/1/2100 10:28
1682,0,0,0,0,0,0,0,4/1/2100 10:28
1683,0,0,0,0,0,0,0,4/1/2100 10:28
1684,0,0,0,0,0,0,0,4/1/2100 10:28
1685,0,0,0,0,0,0,0,4/1/2100 10:28
1686,0,0,0,0,0,0,0,4/1/2100 10:28
1687,0,0,0,0,0,0,0,4/1/2100 10:28
1688,0,0,0,0,0,0,0,4/1/2100 10:28
1689,0,0,0,0,0,0,0,4/1/2100 10:28
1690,0,0,0,0,0,0,0,4/1/2100 10:28
1691,0,0,0,0,0,0,0,4/1/2100 10:28
1692,0,0,0,0,0,0,0,4/1/2100 10:28
1693,0,0,0,0,0,0,0,4/1/2100 10:28
1694,0,0,0,0,0,0,0,4/1/2100 10:28
1695,0,0,0,0,0,0,0,4/1/2100 10:28
1696,0,0,0,0,0,0,0,4/1/2100 10:28
1697,0,0,0,0,0,0,0,4/1/2100 10:28
1698,0,0,0,0,0,0,0,4/1/2100 10:28
1699,0,0,0,0,0,0,0,4/1/2100 10:28
1700,0,0,0,0,0,0,0,4/1/2100 10:28
1701,0,0,0,0,0,0,0,4/1/2100 10:28
1702,0,0,0,0,0,0,0,4/1/2100 10:28
1703,0,0,0,0,0,0,0,4/1/2100 10:28
1704,0,0,0,0,0,0,0,4/1/2100 10:28
1705,0,0,0,0,0,0,0,4/1/2100 10:28
1706,0,0,0,0,0,0,0,4/1/2100 10:28
1707,0,0,0,0,0,0,0,4/1/2100 10:28
1708,0,0,0,0,0,0,0,4/1/2100 10:28
1709,0,0,0,0,0,0,0,4/1/2100 10:28
1710,0,0,0,0,0,0,0,4/1/2100 10:28
1711,0,0,0,0,0,0,0,4/1/2100 10:28
1712,0,0,0,0,0,0,0,4/1/2100 10:28
1713,0,0,0,0,0,0,0,4/1/2100 10:28
1714,0,0,0,0,0,0,0,4/1/2100 10:28
1715,0,0,0,0,0,0,0,4/1/2100 10:28
1716,0,0,0,0,0,0,0,4/1/2100 10:28
1717,0,0,0,0,0,0,0,4/1/2100 10:28
1718,0,0,0,0,0,0,0,4/1/2100 10:28
1719,0,0,0,0,0,0,0,4/1/2100 10:28
1720,0,0,0,0,0,0,0,4/1/2100 10:28
1721,0,0,0,0,0,0,0,4/1/2100 10:28
1722,0,0,0,0,0,0,0,4/1/2100 10:28
1723,0,0,0,0,0,0,0,4/1/2100 10:28
1724,0,0,0,0,0,0,0,4/1/2100 10:28
1725,0,0,0,0,0,0,0,4/1/2100 10:28
1726,0,0,0,0,0,0,0,4/1/2100 10:28
1727,0,0,0,0,0,0,0,4/1/2100 10:28
1728,0,0,0,0,0,0,0,4/1/2100 10:28
1729,0,0,0,0,0,0,0,4/1/2100 10:28
1730,0,0,0,0,0,0,0,4/1/2100 10:28
1731,0,0,0,0,0,0,0,4/1/2100 10:28
1732,0,0,0,0,0,0,0,4/1/2100 10:28
1733,0,0,0,0,0,0,0,4/1/2100 10:28
1734,0,0,0,0,0,0,0,4/1/2100 10:28
1735,0,0,0,0,0,0,0,4/1/2100 10:28
1736,0,0,0,0,0,0,0,4/1/2100 10:28
1737,0,0,0,0,0,0,0,4/1/2100 10:28
1738,0,0,0,0,0,0,0,4/1/2100 10:28
1739,0,0,0,0,0,0,0,4/1/2100 10:28
1740,0,0,0,0,0,0,0,4/1/2100 10:28
1741,0,0,0,0,0,0,0,4/1/2100 10:29
1742,0,0,0,0,0,0,0,4/1/2100 10:29
1743,0,0,0,0,0,0,0,4/1/2100 10:29
1744,0,0,0,0,0,0,0,4/1/2100 10:29
1745,0,0,0,0,0,0,0,4/1/2100 10:29
1746,0,0,0,0,0,0,0,4/1/2100 10:29
1747,0,0,0,0,0,0,0,4/1/2100 10:29
1748,0,0,0,0,0,0,0,4/1/2100 10:29
1749,0,0,0,0,0,0,0,4/1/2100 10:29
1750,0,0,0,0,0,0,0,4/1/2100 10:29
1751,0,0,0,0,0,0,0,4/1/2100 10:29
1752,0,0,0,0,0,0,0,4/1/2100 10:29
1753,0,0,0,0,0,0,0,4/1/2100 10:29
1754,0,0,0,0,0,0,0,4/1/2100 10:29
1755,0,0,0,0,0,0,0,4/1/2100 10:29
1756,0,0,0,0,0,0,0,4/1/2100 10:29
1757,0,0,0,0,0,0,0,4/1/2100 10:29
1758,0,0,0,0,0,0,0,4/1/2100 10:29
1759,0,0,0,0,0,0,0,4/1/2100 10:29
1760,0,0,0,0,0,0,0,4/1/2100 10:29
1761,0,0,0,0,0,0,0,4/1/2100 10:29
1762,0,0,0,0,0,0,0,4/1/2100 10:29
1763,0,0,0,0,0,0,0,4/1/2100 10:29
1764,0,0,0,0,0,0,0,4/1/2100 10:29
1765,0,0,0,0,0,0,0,4/1/2100 10:29
1766,0,0,0,0,0,0,0,4/1/2100 10:29
1767,0,0,0,0,0,0,0,4/1/2100 10:29
1768,0,0,0,0,0,0,0,4/1/2100 10:29
1769,0,0,0,0,0,0,0,4/1/2100 10:29
1770,0,0,0,0,0,0,0,4/1/2100 10:29
1771,0,0,0,0,0,0,0,4/1/2100 10:29
1772,0,0,0,0,0,0,0,4/1/2100 10:29
1773,0,0,0,0,0,0,0,4/1/2100 10:29
1774,0,0,0,0,0,0,0,4/1/2100 10:29
1775,0,0,0,0,0,0,0,4/1/2100 10:29
1776,0,0,0,0,0,0,0,4/1/2100 10:29
1777,0,0,0,0,0,0,0,4/1/2100 10:29
1778,0,0,0,0,0,0,0,4/1/2100 10:29
1779,0,0,0,0,0,0,0,4/1/2100 10:29
1780,0,0,0,0,0,0,0,4/1/2100 10:29
1781,0,0,0,0,0,0,0,4/1/2100 10:29
1782,0,0,0,0,0,0,0,4/1/2100 10:29
1783,0,0,0,0,0,0,0,4/1/2100 10:29
1784,0,0,0,0,0,0,0,4/1/2100 10:29
1785,0,0,0,0,0,0,0,4/1/2100 10:29
1786,0,0,0,0,0,0,0,4/1/2100 10:29
1787,0,0,0,0,0,0,0,4/1/2100 10:29
1788,0,0,0,0,0,0,0,4/1/2100 10:29
1789,0,0,0,0,0,0,0,4/1/2100 10:29
1790,0,0,0,0,0,0,0,4/1/2100 10:29
1791,0,0,0,0,0,0,0,4/1/2100 10:29
1792,0,0,0,0,0,0,0,4/1/2100 10:29
1793,0,0,0,0,0,0,0,4/1/2100 10:29
1794,0,0,0,0,0,0,0,4/1/2100 10:29
1795,0,0,0,0,0,0,0,4/1/2100 10:29
1796,0,0,0,0,0,0,0,4/1/2100 10:29
1797,0,0,0,0,0,0,0,4/1/2100 10:29
1798,0,0,0,0,0,0,0,4/1/2100 10:29
1799,0,0,0,0,0,0,0,4/1/2100 10:29
1800,0,0,0,0,0,0,0,4/1/2100 10:29
1801,0,0,0,0,0,0,0,4/1/2100 10:30
1802,0,0,0,0,0,0,0,4/1/2100 10:30
1803,0,0,0,0,0,0,0,4/1/2100 10:30
1804,0,0,0,0,0,0,0,4/1/2100 10:30
1805,0,0,0,0,0,0,0,4/1/2100 10:30
1806,0,0,0,0,0,0,0,4/1/2100 10:30
1807,0,0,0,0,0,0,0,4/1/2100 10:30
1808,0,0,0,0,0,0,0,4/1/2100 10:30
1809,0,0,0,0,0,0,0,4/1/2100 10:30
1810,0,0,0,0,0,0,0,4/1/2100 10:30
1811,0,0,0,0,0,0,0,4/1/2100 10:30
1812,0,0,0,0,0,0,0,4/1/2100 10:30
1813,0,0,0,0,0,0,0,4/1/2100 10:30
1814,0,0,0,0,0,0,0,4/1/2100 10:30
1815,0,0,0,0,0,0,0,4/1/2100 10:30
1816,0,0,0,0,0,0,0,4/1/2100 10:30
1817,0,0,0,0,0,0,0,4/1/2100 10:30
1818,0,0,0,0,0,0,0,4/1/2100 10:30
1819,0,0,0,0,0,0,0,4/1/2100 10:30
1820,0,0,0,0,0,0,0,4/1/2100 10:30
1821,0,0,0,0,0,0,0,4/1/2100 10:30
1822,0,0,0,0,0,0,0,4/1/2100 10:30
1823,0,0,0,0,0,0,0,4/1/2100 10:30
1824,0,0,0,0,0,0,0,4/1/2100 10:30
1825,0,0,0,0,0,0,0,4/1/2100 10:30
1826,0,0,0,0,0,0,0,4/1/2100 10:30
1827,0,0,0,0,0,0,0,4/1/2100 10:30
1828,0,0,0,0,0,0,0,4/1/2100 10:30
1829,0,0,0,0,0,0,0,4/1/2100 10:30
1830,0,0,0,0,0,0,0,4/1/2100 10:30
1831,0,0,0,0,0,0,0,4/1/2100 10:30
1832,0,0,0,0,0,0,0,4/1/2100 10:30
1833,0,0,0,0,0,0,0,4/1/2100 10:30
1834,0,0,0,0,0,0,0,4/1/2100 10:30
1835,0,0,0,0,0,0,0,4/1/2100 10:30
1836,0,0,0,0,0,0,0,4/1/2100 10:30
1837,0,0,0,0,0,0,0,4/1/2100 10:30
1838,0,0,0,0,0,0,0,4/1/2100 10:30
1839,0,0,0,0,0,0,0,4/1/2100 10:30
1840,0,0,0,0,0,0,0,4/1/2100 10:30
1841,0,0,0,0,0,0,0,4/1/2100 10:30
1842,0,0,0,0,0,0,0,4/1/2100 10:30
1843,0,0,0,0,0,0,0,4/1/2100 10:30
1844,0,0,0,0,0,0,0,4/1/2100 10:30
1845,0,0,0,0,0,0,0,4/1/2100 10:30
1846,0,0,0,0,0,0,0,4/1/2100 10:30
1847,0,0,0,0,0,0,0,4/1/2100 10:30
1848,0,0,0,0,0,0,0,4/1/2100 10:30
1849,0,0,0,0,0,0,0,4/1/2100 10:30
1850,0,0,0,0,0,0,0,4/1/2100 10:30
1851,0,0,0,0,0,0,0,4/1/2100 10:30
1852,0,0,0,0,0,0,0,4/1/2100 10:30
1853,0,0,0,0,0,0,0,4/1/2100 10:30
1854,0,0,0,0,0,0,0,4/1/2100 10:30
1855,0,0,0,0,0,0,0,4/1/2100 10:30
1856,0,0,0,0,0,0,0,4/1/2100 10:30
1857,0,0,0,0,0,0,0,4/1/2100 10:30
1858,0,0,0,0,0,0,0,4/1/2100 10:30
1859,0,0,0,0,0,0,0,4/1/2100 10:30
1860,0,0,0,0,0,0,0,4/1/2100 10:30
1861,0,0,0,0,0,0,0,4/1/2100 10:31
1862,0,0,0,0,0,0,0,4/1/2100 10:31
1863,0,0,0,0,0,0,0,4/1/2100 10:31
1864,0,0,0,0,0,0,0,4/1/2100 10:31
1865,0,0,0,0,0,0,0,4/1/2100 10:31
1866,0,0,0,0,0,0,0,4/1/2100 10:31
1867,0,0,0,0,0,0,0,4/1/2100 10:31
1868,0,0,0,0,0,0,0,4/1/2100 10:31
1869,0,0,0,0,0,0,0,4/1/2100 10:31
1870,0,0,0,0,0,0,0,4/1/2100 10:31
1871,0,0,0,0,0,0,0,4/1/2100 10:31
1872,0,0,0,0,0,0,0,4/1/2100 10:31
1873,0,0,0,0,0,0,0,4/1/2100 10:31
1874,0,0,0,0,0,0,0,4/1/2100 10:31
1875,0,0,0,0,0,0,0,4/1/2100 10:31
1876,0,0,0,0,0,0,0,4/1/2100 10:31
1877,0,0,0,0,0,0,0,4/1/2100 10:31
1878,0,0,0,0,0,0,0,4/1/2100 10:31
1879,0,0,0,0,0,0,0,4/1/2100 10:31
1880,0,0,0,0,0,0,0,4/1/2100 10:31
1881,0,0,0,0,0,0,0,4/1/2100 10:31
1882,0,0,0,0,0,0,0,4/1/2100 10:31
1883,0,0,0,0,0,0,0,4/1/2100 10:31
1884,0,0,0,0,0,0,0,4/1/2100 10:31
1885,0,0,0,0,0,0,0,4/1/2100 10:31
1886,0,0,0,0,0,0,0,4/1/2100 10:31
1887,0,0,0,0,0,0,0,4/1/2100 10:31
1888,0,0,0,0,0,0,0,4/1/2100 10:31
1889,0,0,0,0,0,0,0,4/1/2100 10:31
1890,0,0,0,0,0,0,0,4/1/2100 10:31
1891,0,0,0,0,0,0,0,4/1/2100 10:31
1892,0,0,0,0,0,0,0,4/1/2100 10:31
1893,0,0,0,0,0,0,0,4/1/2100 10:31
1894,0,0,0,0,0,0,0,4/1/2100 10:31
1895,0,0,0,0,0,0,0,4/1/2100 10:31
1896,0,0,0,0,0,0,0,4/1/2100 10:31
1897,0,0,0,0,0,0,0,4/1/2100 10:31
1898,0,0,0,0,0,0,0,4/1/2100 10:31
1899,0,0,0,0,0,0,0,4/1/2100 10:31
1900,0,0,0,0,0,0,0,4/1/2100 10:31
1901,0,0,0,0,0,0,0,4/1/2100 10:31
1902,0,0,0,0,0,0,0,4/1/2100 10:31
1903,0,0,0,0,0,0,0,4/1/2100 10:31
1904,0,0,0,0,0,0,0,4/1/2100 10:31
1905,0,0,0,0,0,0,0,4/1/2100 10:31
1906,0,0,0,0,0,0,0,4/1/2100 10:31
1907,0,0,0,0,0,0,0,4/1/2100 10:31
1908,0,0,0,0,0,0,0,4/1/2100 10:31
1909,0,0,0,0,0,0,0,4/1/2100 10:31
1910,0,0,0,0,0,0,0,4/1/2100 10:31
1911,0,0,0,0,0,0,0,4/1/2100 10:31
1912,0,0,0,0,0,0,0,4/1/2100 10:31
1913,0,0,0,0,0,0,0,4/1/2100 10:31
1914,0,0,0,0,0,0,0,4/1/2100 10:31
1915,0,0,0,0,0,0,0,4/1/2100 10:31
1916,0,0,0,0,0,0,0,4/1/2100 10:31
1917,0,0,0,0,0,0,0,4/1/2100 10:31
1918,0,0,0,0,0,0,0,4/1/2100 10:31
1919,0,0,0,0,0,0,0,4/1/2100 10:31
1920,0,0,0,0,0,0,0,4/1/2100 10:31
1921,0,0,0,0,0,0,0,4/1/2100 10:32
1922,0,0,0,0,0,0,0,4/1/2100 10:32
1923,0,0,0,0,0,0,0,4/1/2100 10:32
1924,0,0,0,0,0,0,0,4/1/2100 10:32
1925,0,0,0,0,0,0,0,4/1/2100 10:32
1926,0,0,0,0,0,0,0,4/1/2100 10:32
1927,0,0,0,0,0,0,0,4/1/2100 10:32
1928,0,0,0,0,0,0,0,4/1/2100 10:32
1929,0,0,0,0,0,0,0,4/1/2100 10:32
1930,0,0,0,0,0,0,0,4/1/2100 10:32
1931,0,0,0,0,0,0,0,4/1/2100 10:32
1932,0,0,0,0,0,0,0,4/1/2100 10:32
1933,0,0,0,0,0,0,0,4/1/2100 10:32
1934,0,0,0,0,0,0,0,4/1/2100 10:32
1935,0,0,0,0,0,0,0,4/1/2100 10:32
1936,0,0,0,0,0,0,0,4/1/2100 10:32
1937,0,0,0,0,0,0,0,4/1/2100 10:32
1938,0,0,0,0,0,0,0,4/1/2100 10:32
1939,0,0,0,0,0,0,0,4/1/2100 10:32
1940,0,0,0,0,0,0,0,4/1/2100 10:32
1941,0,0,0,0,0,0,0,4/1/2100 10:32
1942,0,0,0,0,0,0,0,4/1/2100 10:32
1943,0,0,0,0,0,0,0,4/1/2100 10:32
1944,0,0,0,0,0,0,0,4/1/2100 10:32
1945,0,0,0,0,0,0,0,4/1/2100 10:32
1946,0,0,0,0,0,0,0,4/1/2100 10:32
1947,0,0,0,0,0,0,0,4/1/2100 10:32
1948,0,0,0,0,0,0,0,4/1/2100 10:32
1949,0,0,0,0,0,0,0,4/1/2100 10:32
1950,0,0,0,0,0,0,0,4/1/2100 10:32
1951,0,0,0,0,0,0,0,4/1/2100 10:32
1952,0,0,0,0,0,0,0,4/1/2100 10:32
1953,0,0,0,0,0,0,0,4/1/2100 10:32
1954,0,0,0,0,0,0,0,4/1/2100 10:32
1955,0,0,0,0,0,0,0,4/1/2100 10:32
1956,0,0,0,0,0,0,0,4/1/2100 10:32
1957,0,0,0,0,0,0,0,4/1/2100 10:32
1958,0,0,0,0,0,0,0,4/1/2100 10:32
1959,0,0,0,0,0,0,0,4/1/2100 10:32
1960,0,0,0,0,0,0,0,4/1/2100 10:32
1961,0,0,0,0,0,0,0,4/1/2100 10:32
1962,0,0,0,0,0,0,0,4/1/2100 10:32
1963,0,0,0,0,0,0,0,4/1/2100 10:32
1964,0,0,0,0,0,0,0,4/1/2100 10:32
1965,0,0,0,0,0,0,0,4/1/2100 10:32
1966,0,0,0,0,0,0,0,4/1/2100 10:32
1967,0,0,0,0,0,0,0,4/1/2100 10:32
1968,0,0,0,0,0,0,0,4/1/2100 10:32
1969,0,0,0,0,0,0,0,4/1/2100 10:32
1970,0,0,0,0,0,0,0,4/1/2100 10:32
1971,0,0,0,0,0,0,0,4/1/2100 10:32
1972,0,0,0,0,0,0,0,4/1/2100 10:32
1973,0,0,0,0,0,0,0,4/1/2100 10:32
1974,0,0,0,0,0,0,0,4/1/2100 10:32
1975,0,0,0,0,0,0,0,4/1/2100 10:32
1976,0,0,0,0,0,0,0,4/1/2100 10:32
1977,0,0,0,0,0,0,0,4/1/2100 10:32
1978,0,0,0,0,0,0,0,4/1/2100 10:32
1979,0,0,0,0,0,0,0,4/1/2100 10:32
1980,0,0,0,0,0,0,0,4/1/2100 10:32
1981,0,0,0,0,0,0,0,4/1/2100 10:33
1982,0,0,0,0,0,0,0,4/1/2100 10:33
1983,0,0,0,0,0,0,0,4/1/2100 10:33
1984,0,0,0,0,0,0,0,4/1/2100 10:33
1985,0,0,0,0,0,0,0,4/1/2100 10:33
1986,0,0,0,0,0,0,0,4/1/2100 10:33
1987,0,0,0,0,0,0,0,4/1/2100 10:33
1988,0,0,0,0,0,0,0,4/1/2100 10:33
1989,0,0,0,0,0,0,0,4/1/2100 10:33
1990,0,0,0,0,0,0,0,4/1/2100 10:33
1991,0,0,0,0,0,0,0,4/1/2100 10:33
1992,0,0,0,0,0,0,0,4/1/2100 10:33
1993,0,0,0,0,0,0,0,4/1/2100 10:33
1994,0,0,0,0,0,0,0,4/1/2100 10:33
1995,0,0,0,0,0,0,0,4/1/2100 10:33
1996,0,0,0,0,0,0,0,4/1/2100 10:33
1997,0,0,0,0,0,0,0,4/1/2100 10:33
1998,0,0,0,0,0,0,0,4/1/2100 10:33
1999,0,0,0,0,0,0,0,4/1/2100 10:33
2000,0,0,0,0,0,0,0,4/1/2100 10:33
2001,0,0,0,0,0,0,0,4/1/2100 10:33
2002,0,0,0,0,0,0,0,4/1/2100 10:33
2003,0,0,0,0,0,0,0,4/1/2100 10:33
2004,0,0,0,0,0,0,0,4/1/2100 10:33
2005,0,0,0,0,0,0,0,4/1/2100 10:33
2006,0,0,0,0,0,0,0,4/1/2100 10:33
2007,0,0,0,0,0,0,0,4/1/2100 10:33
2008,0,0,0,0,0,0,0,4/1/2100 10:33
2009,0,0,0,0,0,0,0,4/1/2100 10:33
2010,0,0,0,0,0,0,0,4/1/2100 10:33
2011,0,0,0,0,0,0,0,4/1/2100 10:33
2012,0,0,0,0,0,0,0,4/1/2100 10:33
2013,0,0,0,0,0,0,0,4/1/2100 10:33
2014,0,0,0,0,0,0,0,4/1/2100 10:33
2015,0,0,0,0,0,0,0,4/1/2100 10:33
2016,0,0,0,0,0,0,0,4/1/2100 10:33
2017,0,0,0,0,0,0,0,4/1/2100 10:33
2018,0,0,0,0,0,0,0,4/1/2100 10:33
2019,0,0,0,0,0,0,0,4/1/2100 10:33
2020,0,0,0,0,0,0,0,4/1/2100 10:33
2021,0,0,0,0,0,0,0,4/1/2100 10:33
2022,0,0,0,0,0,0,0,4/1/2100 10:33
2023,0,0,0,0,0,0,0,4/1/2100 10:33
2024,0,0,0,0,0,0,0,4/1/2100 10:33
2025,0,0,0,0,0,0,0,4/1/2100 10:33
2026,0,0,0,0,0,0,0,4/1/2100 10:33
2027,0,0,0,0,0,0,0,4/1/2100 10:33
2028,0,0,0,0,0,0,0,4/1/2100 10:33
2029,0,0,0,0,0,0,0,4/1/2100 10:33
2030,0,0,0,0,0,0,0,4/1/2100 10:33
2031,0,0,0,0,0,0,0,4/1/2100 10:33
2032,0,0,0,0,0,0,0,4/1/2100 10:33
2033,0,0,0,0,0,0,0,4/1/2100 10:33
2034,0,0,0,0,0,0,0,4/1/2100 10:33
2035,0,0,0,0,0,0,0,4/1/2100 10:33
2036,0,0,0,0,0,0,0,4/1/2100 10:33
2037,0,0,0,0,0,0,0,4/1/2100 10:33
2038,0,0,0,0,0,0,0,4/1/2100 10:33
2039,0,0,0,0,0,0,0,4/1/2100 10:33
2040,0,0,0,0,0,0,0,4/1/2100 10:33
2041,0,0,0,0,0,0,0,4/1/2100 10:34
2042,0,0,0,0,0,0,0,4/1/2100 10:34
2043,0,0,0,0,0,0,0,4/1/2100 10:34
2044,0,0,0,0,0,0,0,4/1/2100 10:34
2045,0,0,0,0,0,0,0,4/1/2100 10:34
2046,0,0,0,0,0,0,0,4/1/2100 10:34
2047,0,0,0,0,0,0,0,4/1/2100 10:34
2048,0,0,0,0,0,0,0,4/1/2100 10:34
2049,0,0,0,0,0,0,0,4/1/2100 10:34
2050,0,0,0,0,0,0,0,4/1/2100 10:34
2051,0,0,0,0,0,0,0,4/1/2100 10:34
2052,0,0,0,0,0,0,0,4/1/2100 10:34
2053,0,0,0,0,0,0,0,4/1/2100 10:34
2054,0,0,0,0,0,0,0,4/1/2100 10:34
2055,0,0,0,0,0,0,0,4/1/2100 10:34
2056,0,0,0,0,0,0,0,4/1/2100 10:34
2057,0,0,0,0,0,0,0,4/1/2100 10:34
2058,0,0,0,0,0,0,0,4/1/2100 10:34
2059,0,0,0,0,0,0,0,4/1/2100 10:34
2060,0,0,0,0,0,0,0,4/1/2100 10:34
2061,0,0,0,0,0,0,0,4/1/2100 10:34
2062,0,0,0,0,0,0,0,4/1/2100 10:34
2063,0,0,0,0,0,0,0,4/1/2100 10:34
2064,0,0,0,0,0,0,0,4/1/2100 10:34
2065,0,0,0,0,0,0,0,4/1/2100 10:34
2066,0,0,0,0,0,0,0,4/1/2100 10:34
2067,0,0,0,0,0,0,0,4/1/2100 10:34
2068,0,0,0,0,0,0,0,4/1/2100 10:34
2069,0,0,0,0,0,0,0,4/1/2100 10:34
2070,0,0,0,0,0,0,0,4/1/2100 10:34
2071,0,0,0,0,0,0,0,4/1/2100 10:34
2072,0,0,0,0,0,0,0,4/1/2100 10:34
2073,0,0,0,0,0,0,0,4/1/2100 10:34
2074,0,0,0,0,0,0,0,4/1/2100 10:34
2075,0,0,0,0,0,0,0,4/1/2100 10:34
2076,0,0,0,0,0,0,0,4/1/2100 10:34
2077,0,0,0,0,0,0,0,4/1/2100 10:34
2078,0,0,0,0,0,0,0,4/1/2100 10:34
2079,0,0,0,0,0,0,0,4/1/2100 10:34
2080,0,0,0,0,0,0,0,4/1/2100 10:34
2081,0,0,0,0,0,0,0,4/1/2100 10:34
2082,0,0,0,0,0,0,0,4/1/2100 10:34
2083,0,0,0,0,0,0,0,4/1/2100 10:34
2084,0,0,0,0,0,0,0,4/1/2100 10:34
2085,0,0,0,0,0,0,0,4/1/2100 10:34
2086,0,0,0,0,0,0,0,4/1/2100 10:34
2087,0,0,0,0,0,0,0,4/1/2100 10:34
2088,0,0,0,0,0,0,0,4/1/2100 10:34
2089,0,0,0,0,0,0,0,4/1/2100 10:34
2090,0,0,0,0,0,0,0,4/1/2100 10:34
2091,0,0,0,0,0,0,0,4/1/2100 10:34
2092,0,0,0,0,0,0,0,4/1/2100 10:34
2093,0,0,0,0,0,0,0,4/1/2100 10:34
2094,0,0,0,0,0,0,0,4/1/2100 10:34
2095,0,0,0,0,0,0,0,4/1/2100 10:34
2096,0,0,0,0,0,0,0,4/1/2100 10:34
2097,0,0,0,0,0,0,0,4/1/2100 10:34
2098,0,0,0,0,0,0,0,4/1/2100 10:34
2099,0,0,0,0,0,0,0,4/1/2100 10:34
2100,0,0,0,0,0,0,0,4/1/2100 10:34
2101,0,0,0,0,0,0,0,4/1/2100 10:35
2102,0,0,0,0,0,0,0,4/1/2100 10:35
2103,0,0,0,0,0,0,0,4/1/2100 10:35
2104,0,0,0,0,0,0,0,4/1/2100 10:35
2105,0,0,0,0,0,0,0,4/1/2100 10:35
2106,0,0,0,0,0,0,0,4/1/2100 10:35
2107,0,0,0,0,0,0,0,4/1/2100 10:35
2108,0,0,0,0,0,0,0,4/1/2100 10:35
2109,0,0,0,0,0,0,0,4/1/2100 10:35
2110,0,0,0,0,0,0,0,4/1/2100 10:35
2111,0,0,0,0,0,0,0,4/1/2100 10:35
2112,0,0,0,0,0,0,0,4/1/2100 10:35
2113,0,0,0,0,0,0,0,4/1/2100 10:35
2114,0,0,0,0,0,0,0,4/1/2100 10:35
2115,0,0,0,0,0,0,0,4/1/2100 10:35
2116,0,0,0,0,0,0,0,4/1/2100 10:35
2117,0,0,0,0,0,0,0,4/1/2100 10:35
2118,0,0,0,0,0,0,0,4/1/2100 10:35
2119,0,0,0,0,0,0,0,4/1/2100 10:35
2120,0,0,0,0,0,0,0,4/1/2100 10:35
2121,0,0,0,0,0,0,0,4/1/2100 10:35
2122,0,0,0,0,0,0,0,4/1/2100 10:35
2123,0,0,0,0,0,0,0,4/1/2100 10:35
2124,0,0,0,0,0,0,0,4/1/2100 10:35
2125,0,0,0,0,0,0,0,4/1/2100 10:35
2126,0,0,0,0,0,0,0,4/1/2100 10:35
2127,0,0,0,0,0,0,0,4/1/2100 10:35
2128,0,0,0,0,0,0,0,4/1/2100 10:35
2129,0,0,0,0,0,0,0,4/1/2100 10:35
2130,0,0,0,0,0,0,0,4/1/2100 10:35
2131,0,0,0,0,0,0,0,4/1/2100 10:35
2132,0,0,0,0,0,0,0,4/1/2100 10:35
2133,0,0,0,0,0,0,0,4/1/2100 10:35
2134,0,0,0,0,0,0,0,4/1/2100 10:35
2135,0,0,0,0,0,0,0,4/1/2100 10:35
2136,0,0,0,0,0,0,0,4/1/2100 10:35
2137,0,0,0,0,0,0,0,4/1/2100 10:35
2138,0,0,0,0,0,0,0,4/1/2100 10:35
2139,0,0,0,0,0,0,0,4/1/2100 10:35
2140,0,0,0,0,0,0,0,4/1/2100 10:35
2141,0,0,0,0,0,0,0,4/1/2100 10:35
2142,0,0,0,0,0,0,0,4/1/2100 10:35
2143,0,0,0,0,0,0,0,4/1/2100 10:35
2144,0,0,0,0,0,0,0,4/1/2100 10:35
2145,0,0,0,0,0,0,0,4/1/2100 10:35
2146,0,0,0,0,0,0,0,4/1/2100 10:35
2147,0,0,0,0,0,0,0,4/1/2100 10:35
2148,0,0,0,0,0,0,0,4/1/2100 10:35
2149,0,0,0,0,0,0,0,4/1/2100 10:35
2150,0,0,0,0,0,0,0,4/1/2100 10:35
2151,0,0,0,0,0,0,0,4/1/2100 10:35
2152,0,0,0,0,0,0,0,4/1/2100 10:35
2153,0,0,0,0,0,0,0,4/1/2100 10:35
2154,0,0,0,0,0,0,0,4/1/2100 10:35
2155,0,0,0,0,0,0,0,4/1/2100 10:35
2156,0,0,0,0,0,0,0,4/1/2100 10:35
2157,0,0,0,0,0,0,0,4/1/2100 10:35
2158,0,0,0,0,0,0,0,4/1/2100 10:35
2159,0,0,0,0,0,0,0,4/1/2100 10:35
2160,0,0,0,0,0,0,0,4/1/2100 10:35
2161,0,0,0,0,0,0,0,4/1/2100 10:36
2162,0,0,0,0,0,0,0,4/1/2100 10:36
2163,0,0,0,0,0,0,0,4/1/2100 10:36
2164,0,0,0,0,0,0,0,4/1/2100 10:36
2165,0,0,0,0,0,0,0,4/1/2100 10:36
2166,0,0,0,0,0,0,0,4/1/2100 10:36
2167,0,0,0,0,0,0,0,4/1/2100 10:36
2168,0,0,0,0,0,0,0,4/1/2100 10:36
2169,0,0,0,0,0,0,0,4/1/2100 10:36
2170,0,0,0,0,0,0,0,4/1/2100 10:36
2171,0,0,0,0,0,0,0,4/1/2100 10:36
2172,0,0,0,0,0,0,0,4/1/2100 10:36
2173,0,0,0,0,0,0,0,4/1/2100 10:36
2174,0,0,0,0,0,0,0,4/1/2100 10:36
2175,0,0,0,0,0,0,0,4/1/2100 10:36
2176,0,0,0,0,0,0,0,4/1/2100 10:36
2177,0,0,0,0,0,0,0,4/1/2100 10:36
2178,0,0,0,0,0,0,0,4/1/2100 10:36
2179,0,0,0,0,0,0,0,4/1/2100 10:36
2180,0,0,0,0,0,0,0,4/1/2100 10:36
2181,0,0,0,0,0,0,0,4/1/2100 10:36
2182,0,0,0,0,0,0,0,4/1/2100 10:36
2183,0,0,0,0,0,0,0,4/1/2100 10:36
2184,0,0,0,0,0,0,0,4/1/2100 10:36
2185,0,0,0,0,0,0,0,4/1/2100 10:36
2186,0,0,0,0,0,0,0,4/1/2100 10:36
2187,0,0,0,0,0,0,0,4/1/2100 10:36
2188,0,0,0,0,0,0,0,4/1/2100 10:36
2189,0,0,0,0,0,0,0,4/1/2100 10:36
2190,0,0,0,0,0,0,0,4/1/2100 10:36
2191,0,0,0,0,0,0,0,4/1/2100 10:36
2192,0,0,0,0,0,0,0,4/1/2100 10:36
2193,0,0,0,0,0,0,0,4/1/2100 10:36
2194,0,0,0,0,0,0,0,4/1/2100 10:36
2195,0,0,0,0,0,0,0,4/1/2100 10:36
2196,0,0,0,0,0,0,0,4/1/2100 10:36
2197,0,0,0,0,0,0,0,4/1/2100 10:36
2198,0,0,0,0,0,0,0,4/1/2100 10:36
2199,0,0,0,0,0,0,0,4/1/2100 10:36
2200,0,0,0,0,0,0,0,4/1/2100 10:36
2201,0,0,0,0,0,0,0,4/1/2100 10:36
2202,0,0,0,0,0,0,0,4/1/2100 10:36
2203,0,0,0,0,0,0,0,4/1/2100 10:36
2204,0,0,0,0,0,0,0,4/1/2100 10:36
2205,0,0,0,0,0,0,0,4/1/2100 10:36
2206,0,0,0,0,0,0,0,4/1/2100 10:36
2207,0,0,0,0,0,0,0,4/1/2100 10:36
2208,0,0,0,0,0,0,0,4/1/2100 10:36
2209,0,0,0,0,0,0,0,4/1/2100 10:36
2210,0,0,0,0,0,0,0,4/1/2100 10:36
2211,0,0,0,0,0,0,0,4/1/2100 10:36
2212,0,0,0,0,0,0,0,4/1/2100 10:36
2213,0,0,0,0,0,0,0,4/1/2100 10:36
2214,0,0,0,0,0,0,0,4/1/2100 10:36
2215,0,0,0,0,0,0,0,4/1/2100 10:36
2216,0,0,0,0,0,0,0,4/1/2100 10:36
2217,0,0,0,0,0,0,0,4/1/2100 10:36
2218,0,0,0,0,0,0,0,4/1/2100 10:36
2219,0,0,0,0,0,0,0,4/1/2100 10:36
2220,0,0,0,0,0,0,0,4/1/2100 10:36
2221,0,0,0,0,0,0,0,4/1/2100 10:37
2222,0,0,0,0,0,0,0,4/1/2100 10:37
2223,0,0,0,0,0,0,0,4/1/2100 10:37
2224,0,0,0,0,0,0,0,4/1/2100 10:37
2225,0,0,0,0,0,0,0,4/1/2100 10:37
2226,0,0,0,0,0,0,0,4/1/2100 10:37
2227,0,0,0,0,0,0,0,4/1/2100 10:37
2228,0,0,0,0,0,0,0,4/1/2100 10:37
2229,0,0,0,0,0,0,0,4/1/2100 10:37
2230,0,0,0,0,0,0,0,4/1/2100 10:37
2231,0,0,0,0,0,0,0,4/1/2100 10:37
2232,0,0,0,0,0,0,0,4/1/2100 10:37
2233,0,0,0,0,0,0,0,4/1/2100 10:37
2234,0,0,0,0,0,0,0,4/1/2100 10:37
2235,0,0,0,0,0,0,0,4/1/2100 10:37
2236,0,0,0,0,0,0,0,4/1/2100 10:37
2237,0,0,0,0,0,0,0,4/1/2100 10:37
2238,0,0,0,0,0,0,0,4/1/2100 10:37
2239,0,0,0,0,0,0,0,4/1/2100 10:37
2240,0,0,0,0,0,0,0,4/1/2100 10:37
2241,0,0,0,0,0,0,0,4/1/2100 10:37
2242,0,0,0,0,0,0,0,4/1/2100 10:37
2243,0,0,0,0,0,0,0,4/1/2100 10:37
2244,0,0,0,0,0,0,0,4/1/2100 10:37
2245,0,0,0,0,0,0,0,4/1/2100 10:37
2246,0,0,0,0,0,0,0,4/1/2100 10:37
2247,0,0,0,0,0,0,0,4/1/2100 10:37
2248,0,0,0,0,0,0,0,4/1/2100 10:37
2249,0,0,0,0,0,0,0,4/1/2100 10:37
2250,0,0,0,0,0,0,0,4/1/2100 10:37
2251,0,0,0,0,0,0,0,4/1/2100 10:37
2252,0,0,0,0,0,0,0,4/1/2100 10:37
2253,0,0,0,0,0,0,0,4/1/2100 10:37
2254,0,0,0,0,0,0,0,4/1/2100 10:37
2255,0,0,0,0,0,0,0,4/1/2100 10:37
2256,0,0,0,0,0,0,0,4/1/2100 10:37
2257,0,0,0,0,0,0,0,4/1/2100 10:37
2258,0,0,0,0,0,0,0,4/1/2100 10:37
2259,0,0,0,0,0,0,0,4/1/2100 10:37
2260,0,0,0,0,0,0,0,4/1/2100 10:37
2261,0,0,0,0,0,0,0,4/1/2100 10:37
2262,0,0,0,0,0,0,0,4/1/2100 10:37
2263,0,0,0,0,0,0,0,4/1/2100 10:37
2264,0,0,0,0,0,0,0,4/1/2100 10:37
2265,0,0,0,0,0,0,0,4/1/2100 10:37
2266,0,0,0,0,0,0,0,4/1/2100 10:37
2267,0,0,0,0,0,0,0,4/1/2100 10:37
2268,0,0,0,0,0,0,0,4/1/2100 10:37
2269,0,0,0,0,0,0,0,4/1/2100 10:37
2270,0,0,0,0,0,0,0,4/1/2100 10:37
2271,0,0,0,0,0,0,0,4/1/2100 10:37
2272,0,0,0,0,0,0,0,4/1/2100 10:37
2273,0,0,0,0,0,0,0,4/1/2100 10:37
2274,0,0,0,0,0,0,0,4/1/2100 10:37
2275,0,0,0,0,0,0,0,4/1/2100 10:37
2276,0,0,0,0,0,0,0,4/1/2100 10:37
2277,0,0,0,0,0,0,0,4/1/2100 10:37
2278,0,0,0,0,0,0,0,4/1/2100 10:37
2279,0,0,0,0,0,0,0,4/1/2100 10:37
2280,0,0,0,0,0,0,0,4/1/2100 10:37
2281,0,0,0,0,0,0,0,4/1/2100 10:38
2282,0,0,0,0,0,0,0,4/1/2100 10:38
2283,0,0,0,0,0,0,0,4/1/2100 10:38
2284,0,0,0,0,0,0,0,4/1/2100 10:38
2285,0,0,0,0,0,0,0,4/1/2100 10:38
2286,0,0,0,0,0,0,0,4/1/2100 10:38
2287,0,0,0,0,0,0,0,4/1/2100 10:38
2288,0,0,0,0,0,0,0,4/1/2100 10:38
2289,0,0,0,0,0,0,0,4/1/2100 10:38
2290,0,0,0,0,0,0,0,4/1/2100 10:38
2291,0,0,0,0,0,0,0,4/1/2100 10:38
2292,0,0,0,0,0,0,0,4/1/2100 10:38
2293,0,0,0,0,0,0,0,4/1/2100 10:38
2294,0,0,0,0,0,0,0,4/1/2100 10:38
2295,0,0,0,0,0,0,0,4/1/2100 10:38
2296,0,0,0,0,0,0,0,4/1/2100 10:38
2297,0,0,0,0,0,0,0,4/1/2100 10:38
2298,0,0,0,0,0,0,0,4/1/2100 10:38
2299,0,0,0,0,0,0,0,4/1/2100 10:38
2300,0,0,0,0,0,0,0,4/1/2100 10:38
2301,0,0,0,0,0,0,0,4/1/2100 10:38
2302,0,0,0,0,0,0,0,4/1/2100 10:38
2303,0,0,0,0,0,0,0,4/1/2100 10:38
2304,0,0,0,0,0,0,0,4/1/2100 10:38
2305,0,0,0,0,0,0,0,4/1/2100 10:38
2306,0,0,0,0,0,0,0,4/1/2100 10:38
2307,0,0,0,0,0,0,0,4/1/2100 10:38
2308,0,0,0,0,0,0,0,4/1/2100 10:38
2309,0,0,0,0,0,0,0,4/1/2100 10:38
2310,0,0,0,0,0,0,0,4/1/2100 10:38
2311,0,0,0,0,0,0,0,4/1/2100 10:38
2312,0,0,0,0,0,0,0,4/1/2100 10:38
2313,0,0,0,0,0,0,0,4/1/2100 10:38
2314,0,0,0,0,0,0,0,4/1/2100 10:38
2315,0,0,0,0,0,0,0,4/1/2100 10:38
2316,0,0,0,0,0,0,0,4/1/2100 10:38
2317,0,0,0,0,0,0,0,4/1/2100 10:38
2318,0,0,0,0,0,0,0,4/1/2100 10:38
2319,0,0,0,0,0,0,0,4/1/2100 10:38
2320,0,0,0,0,0,0,0,4/1/2100 10:38
2321,0,0,0,0,0,0,0,4/1/2100 10:38
2322,0,0,0,0,0,0,0,4/1/2100 10:38
2323,0,0,0,0,0,0,0,4/1/2100 10:38
2324,0,0,0,0,0,0,0,4/1/2100 10:38
2325,0,0,0,0,0,0,0,4/1/2100 10:38
2326,0,0,0,0,0,0,0,4/1/2100 10:38
2327,0,0,0,0,0,0,0,4/1/2100 10:38
2328,0,0,0,0,0,0,0,4/1/2100 10:38
2329,0,0,0,0,0,0,0,4/1/2100 10:38
2330,0,0,0,0,0,0,0,4/1/2100 10:38
2331,0,0,0,0,0,0,0,4/1/2100 10:38
2332,0,0,0,0,0,0,0,4/1/2100 10:38
2333,0,0,0,0,0,0,0,4/1/2100 10:38
2334,0,0,0,0,0,0,0,4/1/2100 10:38
2335,0,0,0,0,0,0,0,4/1/2100 10:38
2336,0,0,0,0,0,0,0,4/1/2100 10:38
2337,0,0,0,0,0,0,0,4/1/2100 10:38
2338,0,0,0,0,0,0,0,4/1/2100 10:38
2339,0,0,0,0,0,0,0,4/1/2100 10:38
2340,0,0,0,0,0,0,0,4/1/2100 10:38
2341,0,0,0,0,0,0,0,4/1/2100 10:39
2342,0,0,0,0,0,0,0,4/1/2100 10:39
2343,0,0,0,0,0,0,0,4/1/2100 10:39
2344,0,0,0,0,0,0,0,4/1/2100 10:39
2345,0,0,0,0,0,0,0,4/1/2100 10:39
2346,0,0,0,0,0,0,0,4/1/2100 10:39
2347,0,0,0,0,0,0,0,4/1/2100 10:39
2348,0,0,0,0,0,0,0,4/1/2100 10:39
2349,0,0,0,0,0,0,0,4/1/2100 10:39
2350,0,0,0,0,0,0,0,4/1/2100 10:39
2351,0,0,0,0,0,0,0,4/1/2100 10:39
2352,0,0,0,0,0,0,0,4/1/2100 10:39
2353,0,0,0,0,0,0,0,4/1/2100 10:39
2354,0,0,0,0,0,0,0,4/1/2100 10:39
2355,0,0,0,0,0,0,0,4/1/2100 10:39
2356,0,0,0,0,0,0,0,4/1/2100 10:39
2357,0,0,0,0,0,0,0,4/1/2100 10:39
2358,0,0,0,0,0,0,0,4/1/2100 10:39
2359,0,0,0,0,0,0,0,4/1/2100 10:39
2360,0,0,0,0,0,0,0,4/1/2100 10:39
2361,0,0,0,0,0,0,0,4/1/2100 10:39
2362,0,0,0,0,0,0,0,4/1/2100 10:39
2363,0,0,0,0,0,0,0,4/1/2100 10:39
2364,0,0,0,0,0,0,0,4/1/2100 10:39
2365,0,0,0,0,0,0,0,4/1/2100 10:39
2366,0,0,0,0,0,0,0,4/1/2100 10:39
2367,0,0,0,0,0,0,0,4/1/2100 10:39
2368,0,0,0,0,0,0,0,4/1/2100 10:39
2369,0,0,0,0,0,0,0,4/1/2100 10:39
2370,0,0,0,0,0,0,0,4/1/2100 10:39
2371,0,0,0,0,0,0,0,4/1/2100 10:39
2372,0,0,0,0,0,0,0,4/1/2100 10:39
2373,0,0,0,0,0,0,0,4/1/2100 10:39
2374,0,0,0,0,0,0,0,4/1/2100 10:39
2375,0,0,0,0,0,0,0,4/1/2100 10:39
2376,0,0,0,0,0,0,0,4/1/2100 10:39
2377,0,0,0,0,0,0,0,4/1/2100 10:39
2378,0,0,0,0,0,0,0,4/1/2100 10:39
2379,0,0,0,0,0,0,0,4/1/2100 10:39
2380,0,0,0,0,0,0,0,4/1/2100 10:39
2381,0,0,0,0,0,0,0,4/1/2100 10:39
2382,0,0,0,0,0,0,0,4/1/2100 10:39
2383,0,0,0,0,0,0,0,4/1/2100 10:39
2384,0,0,0,0,0,0,0,4/1/2100 10:39
2385,0,0,0,0,0,0,0,4/1/2100 10:39
2386,0,0,0,0,0,0,0,4/1/2100 10:39
2387,0,0,0,0,0,0,0,4/1/2100 10:39
2388,0,0,0,0,0,0,0,4/1/2100 10:39
2389,0,0,0,0,0,0,0,4/1/2100 10:39
2390,0,0,0,0,0,0,0,4/1/2100 10:39
2391,0,0,0,0,0,0,0,4/1/2100 10:39
2392,0,0,0,0,0,0,0,4/1/2100 10:39
2393,0,0,0,0,0,0,0,4/1/2100 10:39
2394,0,0,0,0,0,0,0,4/1/2100 10:39
2395,0,0,0,0,0,0,0,4/1/2100 10:39
2396,0,0,0,0,0,0,0,4/1/2100 10:39
2397,0,0,0,0,0,0,0,4/1/2100 10:39
2398,0,0,0,0,0,0,0,4/1/2100 10:39
2399,0,0,0,0,0,0,0,4/1/2100 10:39
2400,0,0,0,0,0,0,0,4/1/2100 10:39
2401,0,0,0,0,0,0,0,4/1/2100 10:40
2402,0,0,0,0,0,0,0,4/1/2100 10:40
2403,0,0,0,0,0,0,0,4/1/2100 10:40
2404,0,0,0,0,0,0,0,4/1/2100 10:40
2405,0,0,0,0,0,0,0,4/1/2100 10:40
2406,0,0,0,0,0,0,0,4/1/2100 10:40
2407,0,0,0,0,0,0,0,4/1/2100 10:40
2408,0,0,0,0,0,0,0,4/1/2100 10:40
2409,0,0,0,0,0,0,0,4/1/2100 10:40
2410,0,0,0,0,0,0,0,4/1/2100 10:40
2411,0,0,0,0,0,0,0,4/1/2100 10:40
2412,0,0,0,0,0,0,0,4/1/2100 10:40
2413,0,0,0,0,0,0,0,4/1/2100 10:40
2414,0,0,0,0,0,0,0,4/1/2100 10:40
2415,0,0,0,0,0,0,0,4/1/2100 10:40
2416,0,0,0,0,0,0,0,4/1/2100 10:40
2417,0,0,0,0,0,0,0,4/1/2100 10:40
2418,0,0,0,0,0,0,0,4/1/2100 10:40
2419,0,0,0,0,0,0,0,4/1/2100 10:40
2420,0,0,0,0,0,0,0,4/1/2100 10:40
2421,0,0,0,0,0,0,0,4/1/2100 10:40
2422,0,0,0,0,0,0,0,4/1/2100 10:40
2423,0,0,0,0,0,0,0,4/1/2100 10:40
2424,0,0,0,0,0,0,0,4/1/2100 10:40
2425,0,0,0,0,0,0,0,4/1/2100 10:40
2426,0,0,0,0,0,0,0,4/1/2100 10:40
2427,0,0,0,0,0,0,0,4/1/2100 10:40
2428,0,0,0,0,0,0,0,4/1/2100 10:40
2429,0,0,0,0,0,0,0,4/1/2100 10:40
2430,0,0,0,0,0,0,0,4/1/2100 10:40
2431,0,0,0,0,0,0,0,4/1/2100 10:40
2432,0,0,0,0,0,0,0,4/1/2100 10:40
2433,0,0,0,0,0,0,0,4/1/2100 10:40
2434,0,0,0,0,0,0,0,4/1/2100 10:40
2435,0,0,0,0,0,0,0,4/1/2100 10:40
2436,0,0,0,0,0,0,0,4/1/2100 10:40
2437,0,0,0,0,0,0,0,4/1/2100 10:40
2438,0,0,0,0,0,0,0,4/1/2100 10:40
2439,0,0,0,0,0,0,0,4/1/2100 10:40
2440,0,0,0,0,0,0,0,4/1/2100 10:40
2441,0,0,0,0,0,0,0,4/1/2100 10:40
2442,0,0,0,0,0,0,0,4/1/2100 10:40
2443,0,0,0,0,0,0,0,4/1/2100 10:40
2444,0,0,0,0,0,0,0,4/1/2100 10:40
2445,0,0,0,0,0,0,0,4/1/2100 10:40
2446,0,0,0,0,0,0,0,4/1/2100 10:40
2447,0,0,0,0,0,0,0,4/1/2100 10:40
2448,0,0,0,0,0,0,0,4/1/2100 10:40
2449,0,0,0,0,0,0,0,4/1/2100 10:40
2450,0,0,0,0,0,0,0,4/1/2100 10:40
2451,0,0,0,0,0,0,0,4/1/2100 10:40
2452,0,0,0,0,0,0,0,4/1/2100 10:40
2453,0,0,0,0,0,0,0,4/1/2100 10:40
2454,0,0,0,0,0,0,0,4/1/2100 10:40
2455,0,0,0,0,0,0,0,4/1/2100 10:40
2456,0,0,0,0,0,0,0,4/1/2100 10:40
2457,0,0,0,0,0,0,0,4/1/2100 10:40
2458,0,0,0,0,0,0,0,4/1/2100 10:40
2459,0,0,0,0,0,0,0,4/1/2100 10:40
2460,0,0,0,0,0,0,0,4/1/2100 10:40
2461,0,0,0,0,0,0,0,4/1/2100 10:41
2462,0,0,0,0,0,0,0,4/1/2100 10:41
2463,0,0,0,0,0,0,0,4/1/2100 10:41
2464,0,0,0,0,0,0,0,4/1/2100 10:41
2465,0,0,0,0,0,0,0,4/1/2100 10:41
2466,0,0,0,0,0,0,0,4/1/2100 10:41
2467,0,0,0,0,0,0,0,4/1/2100 10:41
2468,0,0,0,0,0,0,0,4/1/2100 10:41
2469,0,0,0,0,0,0,0,4/1/2100 10:41
2470,0,0,0,0,0,0,0,4/1/2100 10:41
2471,0,0,0,0,0,0,0,4/1/2100 10:41
2472,0,0,0,0,0,0,0,4/1/2100 10:41
2473,0,0,0,0,0,0,0,4/1/2100 10:41
2474,0,0,0,0,0,0,0,4/1/2100 10:41
2475,0,0,0,0,0,0,0,4/1/2100 10:41
2476,0,0,0,0,0,0,0,4/1/2100 10:41
2477,0,0,0,0,0,0,0,4/1/2100 10:41
2478,0,0,0,0,0,0,0,4/1/2100 10:41
2479,0,0,0,0,0,0,0,4/1/2100 10:41
2480,0,0,0,0,0,0,0,4/1/2100 10:41
2481,0,0,0,0,0,0,0,4/1/2100 10:41
2482,0,0,0,0,0,0,0,4/1/2100 10:41
2483,0,0,0,0,0,0,0,4/1/2100 10:41
2484,0,0,0,0,0,0,0,4/1/2100 10:41
2485,0,0,0,0,0,0,0,4/1/2100 10:41
2486,0,0,0,0,0,0,0,4/1/2100 10:41
2487,0,0,0,0,0,0,0,4/1/2100 10:41
2488,0,0,0,0,0,0,0,4/1/2100 10:41
2489,0,0,0,0,0,0,0,4/1/2100 10:41
2490,0,0,0,0,0,0,0,4/1/2100 10:41
2491,0,0,0,0,0,0,0,4/1/2100 10:41
2492,0,0,0,0,0,0,0,4/1/2100 10:41
2493,0,0,0,0,0,0,0,4/1/2100 10:41
2494,0,0,0,0,0,0,0,4/1/2100 10:41
2495,0,0,0,0,0,0,0,4/1/2100 10:41
2496,0,0,0,0,0,0,0,4/1/2100 10:41
2497,0,0,0,0,0,0,0,4/1/2100 10:41
2498,0,0,0,0,0,0,0,4/1/2100 10:41
2499,0,0,0,0,0,0,0,4/1/2100 10:41
2500,0,0,0,0,0,0,0,4/1/2100 10:41
2501,0,0,0,0,0,0,0,4/1/2100 10:41
2502,0,0,0,0,0,0,0,4/1/2100 10:41
2503,0,0,0,0,0,0,0,4/1/2100 10:41
2504,0,0,0,0,0,0,0,4/1/2100 10:41
2505,0,0,0,0,0,0,0,4/1/2100 10:41
2506,0,0,0,0,0,0,0,4/1/2100 10:41
2507,0,0,0,0,0,0,0,4/1/2100 10:41
2508,0,0,0,0,0,0,0,4/1/2100 10:41
2509,0,0,0,0,0,0,0,4/1/2100 10:41
2510,0,0,0,0,0,0,0,4/1/2100 10:41
2511,0,0,0,0,0,0,0,4/1/2100 10:41
2512,0,0,0,0,0,0,0,4/1/2100 10:41
2513,0,0,0,0,0,0,0,4/1/2100 10:41
2514,0,0,0,0,0,0,0,4/1/2100 10:41
2515,0,0,0,0,0,0,0,4/1/2100 10:41
2516,0,0,0,0,0,0,0,4/1/2100 10:41
2517,0,0,0,0,0,0,0,4/1/2100 10:41
2518,0,0,0,0,0,0,0,4/1/2100 10:41
2519,0,0,0,0,0,0,0,4/1/2100 10:41
2520,0,0,0,0,0,0,0,4/1/2100 10:41
2521,0,0,0,0,0,0,0,4/1/2100 10:42
2522,0,0,0,0,0,0,0,4/1/2100 10:42
2523,0,0,0,0,0,0,0,4/1/2100 10:42
2524,0,0,0,0,0,0,0,4/1/2100 10:42
2525,0,0,0,0,0,0,0,4/1/2100 10:42
2526,0,0,0,0,0,0,0,4/1/2100 10:42
2527,0,0,0,0,0,0,0,4/1/2100 10:42
2528,0,0,0,0,0,0,0,4/1/2100 10:42
2529,0,0,0,0,0,0,0,4/1/2100 10:42
2530,0,0,0,0,0,0,0,4/1/2100 10:42
2531,0,0,0,0,0,0,0,4/1/2100 10:42
2532,0,0,0,0,0,0,0,4/1/2100 10:42
2533,0,0,0,0,0,0,0,4/1/2100 10:42
2534,0,0,0,0,0,0,0,4/1/2100 10:42
2535,0,0,0,0,0,0,0,4/1/2100 10:42
2536,0,0,0,0,0,0,0,4/1/2100 10:42
2537,0,0,0,0,0,0,0,4/1/2100 10:42
2538,0,0,0,0,0,0,0,4/1/2100 10:42
2539,0,0,0,0,0,0,0,4/1/2100 10:42
2540,0,0,0,0,0,0,0,4/1/2100 10:42
2541,0,0,0,0,0,0,0,4/1/2100 10:42
2542,0,0,0,0,0,0,0,4/1/2100 10:42
2543,0,0,0,0,0,0,0,4/1/2100 10:42
2544,0,0,0,0,0,0,0,4/1/2100 10:42
2545,0,0,0,0,0,0,0,4/1/2100 10:42
2546,0,0,0,0,0,0,0,4/1/2100 10:42
2547,0,0,0,0,0,0,0,4/1/2100 10:42
2548,0,0,0,0,0,0,0,4/1/2100 10:42
2549,0,0,0,0,0,0,0,4/1/2100 10:42
2550,0,0,0,0,0,0,0,4/1/2100 10:42
2551,0,0,0,0,0,0,0,4/1/2100 10:42
2552,0,0,0,0,0,0,0,4/1/2100 10:42
2553,0,0,0,0,0,0,0,4/1/2100 10:42
2554,0,0,0,0,0,0,0,4/1/2100 10:42
2555,0,0,0,0,0,0,0,4/1/2100 10:42
2556,0,0,0,0,0,0,0,4/1/2100 10:42
2557,0,0,0,0,0,0,0,4/1/2100 10:42
2558,0,0,0,0,0,0,0,4/1/2100 10:42
2559,0,0,0,0,0,0,0,4/1/2100 10:42
2560,0,0,0,0,0,0,0,4/1/2100 10:42
2561,0,0,0,0,0,0,0,4/1/2100 10:42
2562,0,0,0,0,0,0,0,4/1/2100 10:42
2563,0,0,0,0,0,0,0,4/1/2100 10:42
2564,0,0,0,0,0,0,0,4/1/2100 10:42
2565,0,0,0,0,0,0,0,4/1/2100 10:42
2566,0,0,0,0,0,0,0,4/1/2100 10:42
2567,0,0,0,0,0,0,0,4/1/2100 10:42
2568,0,0,0,0,0,0,0,4/1/2100 10:42
2569,0,0,0,0,0,0,0,4/1/2100 10:42
2570,0,0,0,0,0,0,0,4/1/2100 10:42
2571,0,0,0,0,0,0,0,4/1/2100 10:42
2572,0,0,0,0,0,0,0,4/1/2100 10:42
2573,0,0,0,0,0,0,0,4/1/2100 10:42
2574,0,0,0,0,0,0,0,4/1/2100 10:42
2575,0,0,0,0,0,0,0,4/1/2100 10:42
2576,0,0,0,0,0,0,0,4/1/2100 10:42
2577,0,0,0,0,0,0,0,4/1/2100 10:42
2578,0,0,0,0,0,0,0,4/1/2100 10:42
2579,0,0,0,0,0,0,0,4/1/2100 10:42
2580,0,0,0,0,0,0,0,4/1/2100 10:42
2581,0,0,0,0,0,0,0,4/1/2100 10:43
2582,0,0,0,0,0,0,0,4/1/2100 10:43
2583,0,0,0,0,0,0,0,4/1/2100 10:43
2584,0,0,0,0,0,0,0,4/1/2100 10:43
2585,0,0,0,0,0,0,0,4/1/2100 10:43
2586,0,0,0,0,0,0,0,4/1/2100 10:43
2587,0,0,0,0,0,0,0,4/1/2100 10:43
2588,0,0,0,0,0,0,0,4/1/2100 10:43
2589,0,0,0,0,0,0,0,4/1/2100 10:43
2590,0,0,0,0,0,0,0,4/1/2100 10:43
2591,0,0,0,0,0,0,0,4/1/2100 10:43
2592,0,0,0,0,0,0,0,4/1/2100 10:43
2593,0,0,0,0,0,0,0,4/1/2100 10:43
2594,0,0,0,0,0,0,0,4/1/2100 10:43
2595,0,0,0,0,0,0,0,4/1/2100 10:43
2596,0,0,0,0,0,0,0,4/1/2100 10:43
2597,0,0,0,0,0,0,0,4/1/2100 10:43
2598,0,0,0,0,0,0,0,4/1/2100 10:43
2599,0,0,0,0,0,0,0,4/1/2100 10:43
2600,0,0,0,0,0,0,0,4/1/2100 10:43
2601,0,0,0,0,0,0,0,4/1/2100 10:43
2602,0,0,0,0,0,0,0,4/1/2100 10:43
2603,0,0,0,0,0,0,0,4/1/2100 10:43
2604,0,0,0,0,0,0,0,4/1/2100 10:43
2605,0,0,0,0,0,0,0,4/1/2100 10:43
2606,0,0,0,0,0,0,0,4/1/2100 10:43
2607,0,0,0,0,0,0,0,4/1/2100 10:43
2608,0,0,0,0,0,0,0,4/1/2100 10:43
2609,0,0,0,0,0,0,0,4/1/2100 10:43
2610,0,0,0,0,0,0,0,4/1/2100 10:43
2611,0,0,0,0,0,0,0,4/1/2100 10:43
2612,0,0,0,0,0,0,0,4/1/2100 10:43
2613,0,0,0,0,0,0,0,4/1/2100 10:43
2614,0,0,0,0,0,0,0,4/1/2100 10:43
2615,0,0,0,0,0,0,0,4/1/2100 10:43
2616,0,0,0,0,0,0,0,4/1/2100 10:43
2617,0,0,0,0,0,0,0,4/1/2100 10:43
2618,0,0,0,0,0,0,0,4/1/2100 10:43
2619,0,0,0,0,0,0,0,4/1/2100 10:43
2620,0,0,0,0,0,0,0,4/1/2100 10:43
2621,0,0,0,0,0,0,0,4/1/2100 10:43
2622,0,0,0,0,0,0,0,4/1/2100 10:43
2623,0,0,0,0,0,0,0,4/1/2100 10:43
2624,0,0,0,0,0,0,0,4/1/2100 10:43
2625,0,0,0,0,0,0,0,4/1/2100 10:43
2626,0,0,0,0,0,0,0,4/1/2100 10:43
2627,0,0,0,0,0,0,0,4/1/2100 10:43
2628,0,0,0,0,0,0,0,4/1/2100 10:43
2629,0,0,0,0,0,0,0,4/1/2100 10:43
2630,0,0,0,0,0,0,0,4/1/2100 10:43
2631,0,0,0,0,0,0,0,4/1/2100 10:43
2632,0,0,0,0,0,0,0,4/1/2100 10:43
2633,0,0,0,0,0,0,0,4/1/2100 10:43
2634,0,0,0,0,0,0,0,4/1/2100 10:43
2635,0,0,0,0,0,0,0,4/1/2100 10:43
2636,0,0,0,0,0,0,0,4/1/2100 10:43
2637,0,0,0,0,0,0,0,4/1/2100 10:43
2638,0,0,0,0,0,0,0,4/1/2100 10:43
2639,0,0,0,0,0,0,0,4/1/2100 10:43
2640,0,0,0,0,0,0,0,4/1/2100 10:43
2641,0,0,0,0,0,0,0,4/1/2100 10:44
2642,0,0,0,0,0,0,0,4/1/2100 10:44
2643,0,0,0,0,0,0,0,4/1/2100 10:44
2644,0,0,0,0,0,0,0,4/1/2100 10:44
2645,0,0,0,0,0,0,0,4/1/2100 10:44
2646,0,0,0,0,0,0,0,4/1/2100 10:44
2647,0,0,0,0,0,0,0,4/1/2100 10:44
2648,0,0,0,0,0,0,0,4/1/2100 10:44
2649,0,0,0,0,0,0,0,4/1/2100 10:44
2650,0,0,0,0,0,0,0,4/1/2100 10:44
2651,0,0,0,0,0,0,0,4/1/2100 10:44
2652,0,0,0,0,0,0,0,4/1/2100 10:44
2653,0,0,0,0,0,0,0,4/1/2100 10:44
2654,0,0,0,0,0,0,0,4/1/2100 10:44
2655,0,0,0,0,0,0,0,4/1/2100 10:44
2656,0,0,0,0,0,0,0,4/1/2100 10:44
2657,0,0,0,0,0,0,0,4/1/2100 10:44
2658,0,0,0,0,0,0,0,4/1/2100 10:44
2659,0,0,0,0,0,0,0,4/1/2100 10:44
2660,0,0,0,0,0,0,0,4/1/2100 10:44
2661,0,0,0,0,0,0,0,4/1/2100 10:44
2662,0,0,0,0,0,0,0,4/1/2100 10:44
2663,0,0,0,0,0,0,0,4/1/2100 10:44
2664,0,0,0,0,0,0,0,4/1/2100 10:44
2665,0,0,0,0,0,0,0,4/1/2100 10:44
2666,0,0,0,0,0,0,0,4/1/2100 10:44
2667,0,0,0,0,0,0,0,4/1/2100 10:44
2668,0,0,0,0,0,0,0,4/1/2100 10:44
2669,0,0,0,0,0,0,0,4/1/2100 10:44
2670,0,0,0,0,0,0,0,4/1/2100 10:44
2671,0,0,0,0,0,0,0,4/1/2100 10:44
2672,0,0,0,0,0,0,0,4/1/2100 10:44
2673,0,0,0,0,0,0,0,4/1/2100 10:44
2674,0,0,0,0,0,0,0,4/1/2100 10:44
2675,0,0,0,0,0,0,0,4/1/2100 10:44
2676,0,0,0,0,0,0,0,4/1/2100 10:44
2677,0,0,0,0,0,0,0,4/1/2100 10:44
2678,0,0,0,0,0,0,0,4/1/2100 10:44
2679,0,0,0,0,0,0,0,4/1/2100 10:44
2680,0,0,0,0,0,0,0,4/1/2100 10:44
2681,0,0,0,0,0,0,0,4/1/2100 10:44
2682,0,0,0,0,0,0,0,4/1/2100 10:44
2683,0,0,0,0,0,0,0,4/1/2100 10:44
2684,0,0,0,0,0,0,0,4/1/2100 10:44
2685,0,0,0,0,0,0,0,4/1/2100 10:44
2686,0,0,0,0,0,0,0,4/1/2100 10:44
2687,0,0,0,0,0,0,0,4/1/2100 10:44
2688,0,0,0,0,0,0,0,4/1/2100 10:44
2689,0,0,0,0,0,0,0,4/1/2100 10:44
2690,0,0,0,0,0,0,0,4/1/2100 10:44
2691,0,0,0,0,0,0,0,4/1/2100 10:44
2692,0,0,0,0,0,0,0,4/1/2100 10:44
2693,0,0,0,0,0,0,0,4/1/2100 10:44
2694,0,0,0,0,0,0,0,4/1/2100 10:44
2695,0,0,0,0,0,0,0,4/1/2100 10:44
2696,0,0,0,0,0,0,0,4/1/2100 10:44
2697,0,0,0,0,0,0,0,4/1/2100 10:44
2698,0,0,0,0,0,0,0,4/1/2100 10:44
2699,0,0,0,0,0,0,0,4/1/2100 10:44
2700,0,0,0,0,0,0,0,4/1/2100 10:44
2701,0,0,0,0,0,0,0,4/1/2100 10:45
2702,0,0,0,0,0,0,0,4/1/2100 10:45
2703,0,0,0,0,0,0,0,4/1/2100 10:45
2704,0,0,0,0,0,0,0,4/1/2100 10:45
2705,0,0,0,0,0,0,0,4/1/2100 10:45
2706,0,0,0,0,0,0,0,4/1/2100 10:45
2707,0,0,0,0,0,0,0,4/1/2100 10:45
2708,0,0,0,0,0,0,0,4/1/2100 10:45
2709,0,0,0,0,0,0,0,4/1/2100 10:45
2710,0,0,0,0,0,0,0,4/1/2100 10:45
2711,0,0,0,0,0,0,0,4/1/2100 10:45
2712,0,0,0,0,0,0,0,4/1/2100 10:45
2713,0,0,0,0,0,0,0,4/1/2100 10:45
2714,0,0,0,0,0,0,0,4/1/2100 10:45
2715,0,0,0,0,0,0,0,4/1/2100 10:45
2716,0,0,0,0,0,0,0,4/1/2100 10:45
2717,0,0,0,0,0,0,0,4/1/2100 10:45
2718,0,0,0,0,0,0,0,4/1/2100 10:45
2719,0,0,0,0,0,0,0,4/1/2100 10:45
2720,0,0,0,0,0,0,0,4/1/2100 10:45
2721,0,0,0,0,0,0,0,4/1/2100 10:45
2722,0,0,0,0,0,0,0,4/1/2100 10:45
2723,0,0,0,0,0,0,0,4/1/2100 10:45
2724,0,0,0,0,0,0,0,4/1/2100 10:45
2725,0,0,0,0,0,0,0,4/1/2100 10:45
2726,0,0,0,0,0,0,0,4/1/2100 10:45
2727,0,0,0,0,0,0,0,4/1/2100 10:45
2728,0,0,0,0,0,0,0,4/1/2100 10:45
2729,0,0,0,0,0,0,0,4/1/2100 10:45
2730,0,0,0,0,0,0,0,4/1/2100 10:45
2731,0,0,0,0,0,0,0,4/1/2100 10:45
2732,0,0,0,0,0,0,0,4/1/2100 10:45
2733,0,0,0,0,0,0,0,4/1/2100 10:45
2734,0,0,0,0,0,0,0,4/1/2100 10:45
2735,0,0,0,0,0,0,0,4/1/2100 10:45
2736,0,0,0,0,0,0,0,4/1/2100 10:45
2737,0,0,0,0,0,0,0,4/1/2100 10:45
2738,0,0,0,0,0,0,0,4/1/2100 10:45
2739,0,0,0,0,0,0,0,4/1/2100 10:45
2740,0,0,0,0,0,0,0,4/1/2100 10:45
2741,0,0,0,0,0,0,0,4/1/2100 10:45
2742,0,0,0,0,0,0,0,4/1/2100 10:45
2743,0,0,0,0,0,0,0,4/1/2100 10:45
2744,0,0,0,0,0,0,0,4/1/2100 10:45
2745,0,0,0,0,0,0,0,4/1/2100 10:45
2746,0,0,0,0,0,0,0,4/1/2100 10:45
2747,0,0,0,0,0,0,0,4/1/2100 10:45
2748,0,0,0,0,0,0,0,4/1/2100 10:45
2749,0,0,0,0,0,0,0,4/1/2100 10:45
2750,0,0,0,0,0,0,0,4/1/2100 10:45
2751,0,0,0,0,0,0,0,4/1/2100 10:45
2752,0,0,0,0,0,0,0,4/1/2100 10:45
2753,0,0,0,0,0,0,0,4/1/2100 10:45
2754,0,0,0,0,0,0,0,4/1/2100 10:45
2755,0,0,0,0,0,0,0,4/1/2100 10:45
2756,0,0,0,0,0,0,0,4/1/2100 10:45
2757,0,0,0,0,0,0,0,4/1/2100 10:45
2758,0,0,0,0,0,0,0,4/1/2100 10:45
2759,0,0,0,0,0,0,0,4/1/2100 10:45
2760,0,0,0,0,0,0,0,4/1/2100 10:45
2761,0,0,0,0,0,0,0,4/1/2100 10:46
2762,0,0,0,0,0,0,0,4/1/2100 10:46
2763,0,0,0,0,0,0,0,4/1/2100 10:46
2764,0,0,0,0,0,0,0,4/1/2100 10:46
2765,0,0,0,0,0,0,0,4/1/2100 10:46
2766,0,0,0,0,0,0,0,4/1/2100 10:46
2767,0,0,0,0,0,0,0,4/1/2100 10:46
2768,0,0,0,0,0,0,0,4/1/2100 10:46
2769,0,0,0,0,0,0,0,4/1/2100 10:46
2770,0,0,0,0,0,0,0,4/1/2100 10:46
2771,0,0,0,0,0,0,0,4/1/2100 10:46
2772,0,0,0,0,0,0,0,4/1/2100 10:46
2773,0,0,0,0,0,0,0,4/1/2100 10:46
2774,0,0,0,0,0,0,0,4/1/2100 10:46
2775,0,0,0,0,0,0,0,4/1/2100 10:46
2776,0,0,0,0,0,0,0,4/1/2100 10:46
2777,0,0,0,0,0,0,0,4/1/2100 10:46
2778,0,0,0,0,0,0,0,4/1/2100 10:46
2779,0,0,0,0,0,0,0,4/1/2100 10:46
2780,0,0,0,0,0,0,0,4/1/2100 10:46
2781,0,0,0,0,0,0,0,4/1/2100 10:46
2782,0,0,0,0,0,0,0,4/1/2100 10:46
2783,0,0,0,0,0,0,0,4/1/2100 10:46
2784,0,0,0,0,0,0,0,4/1/2100 10:46
2785,0,0,0,0,0,0,0,4/1/2100 10:46
2786,0,0,0,0,0,0,0,4/1/2100 10:46
2787,0,0,0,0,0,0,0,4/1/2100 10:46
2788,0,0,0,0,0,0,0,4/1/2100 10:46
2789,0,0,0,0,0,0,0,4/1/2100 10:46
2790,0,0,0,0,0,0,0,4/1/2100 10:46
2791,0,0,0,0,0,0,0,4/1/2100 10:46
2792,0,0,0,0,0,0,0,4/1/2100 10:46
2793,0,0,0,0,0,0,0,4/1/2100 10:46
2794,0,0,0,0,0,0,0,4/1/2100 10:46
2795,0,0,0,0,0,0,0,4/1/2100 10:46
2796,0,0,0,0,0,0,0,4/1/2100 10:46
2797,0,0,0,0,0,0,0,4/1/2100 10:46
2798,0,0,0,0,0,0,0,4/1/2100 10:46
2799,0,0,0,0,0,0,0,4/1/2100 10:46
2800,0,0,0,0,0,0,0,4/1/2100 10:46
2801,0,0,0,0,0,0,0,4/1/2100 10:46
2802,0,0,0,0,0,0,0,4/1/2100 10:46
2803,0,0,0,0,0,0,0,4/1/2100 10:46
2804,0,0,0,0,0,0,0,4/1/2100 10:46
2805,0,0,0,0,0,0,0,4/1/2100 10:46
2806,0,0,0,0,0,0,0,4/1/2100 10:46
2807,0,0,0,0,0,0,0,4/1/2100 10:46
2808,0,0,0,0,0,0,0,4/1/2100 10:46
2809,0,0,0,0,0,0,0,4/1/2100 10:46
2810,0,0,0,0,0,0,0,4/1/2100 10:46
2811,0,0,0,0,0,0,0,4/1/2100 10:46
2812,0,0,0,0,0,0,0,4/1/2100 10:46
2813,0,0,0,0,0,0,0,4/1/2100 10:46
2814,0,0,0,0,0,0,0,4/1/2100 10:46
2815,0,0,0,0,0,0,0,4/1/2100 10:46
2816,0,0,0,0,0,0,0,4/1/2100 10:46
2817,0,0,0,0,0,0,0,4/1/2100 10:46
2818,0,0,0,0,0,0,0,4/1/2100 10:46
2819,0,0,0,0,0,0,0,4/1/2100 10:46
2820,0,0,0,0,0,0,0,4/1/2100 10:46
2821,0,0,0,0,0,0,0,4/1/2100 10:47
2822,0,0,0,0,0,0,0,4/1/2100 10:47
2823,0,0,0,0,0,0,0,4/1/2100 10:47
2824,0,0,0,0,0,0,0,4/1/2100 10:47
2825,0,0,0,0,0,0,0,4/1/2100 10:47
2826,0,0,0,0,0,0,0,4/1/2100 10:47
2827,0,0,0,0,0,0,0,4/1/2100 10:47
2828,0,0,0,0,0,0,0,4/1/2100 10:47
2829,0,0,0,0,0,0,0,4/1/2100 10:47
2830,0,0,0,0,0,0,0,4/1/2100 10:47
2831,0,0,0,0,0,0,0,4/1/2100 10:47
2832,0,0,0,0,0,0,0,4/1/2100 10:47
2833,0,0,0,0,0,0,0,4/1/2100 10:47
2834,0,0,0,0,0,0,0,4/1/2100 10:47
2835,0,0,0,0,0,0,0,4/1/2100 10:47
2836,0,0,0,0,0,0,0,4/1/2100 10:47
2837,0,0,0,0,0,0,0,4/1/2100 10:47
2838,0,0,0,0,0,0,0,4/1/2100 10:47
2839,0,0,0,0,0,0,0,4/1/2100 10:47
2840,0,0,0,0,0,0,0,4/1/2100 10:47
2841,0,0,0,0,0,0,0,4/1/2100 10:47
2842,0,0,0,0,0,0,0,4/1/2100 10:47
2843,0,0,0,0,0,0,0,4/1/2100 10:47
2844,0,0,0,0,0,0,0,4/1/2100 10:47
2845,0,0,0,0,0,0,0,4/1/2100 10:47
2846,0,0,0,0,0,0,0,4/1/2100 10:47
2847,0,0,0,0,0,0,0,4/1/2100 10:47
2848,0,0,0,0,0,0,0,4/1/2100 10:47
2849,0,0,0,0,0,0,0,4/1/2100 10:47
2850,0,0,0,0,0,0,0,4/1/2100 10:47
2851,0,0,0,0,0,0,0,4/1/2100 10:47
2852,0,0,0,0,0,0,0,4/1/2100 10:47
2853,0,0,0,0,0,0,0,4/1/2100 10:47
2854,0,0,0,0,0,0,0,4/1/2100 10:47
2855,0,0,0,0,0,0,0,4/1/2100 10:47
2856,0,0,0,0,0,0,0,4/1/2100 10:47
2857,0,0,0,0,0,0,0,4/1/2100 10:47
2858,0,0,0,0,0,0,0,4/1/2100 10:47
2859,0,0,0,0,0,0,0,4/1/2100 10:47
2860,0,0,0,0,0,0,0,4/1/2100 10:47
2861,0,0,0,0,0,0,0,4/1/2100 10:47
2862,0,0,0,0,0,0,0,4/1/2100 10:47
2863,0,0,0,0,0,0,0,4/1/2100 10:47
2864,0,0,0,0,0,0,0,4/1/2100 10:47
2865,0,0,0,0,0,0,0,4/1/2100 10:47
2866,0,0,0,0,0,0,0,4/1/2100 10:47
2867,0,0,0,0,0,0,0,4/1/2100 10:47
2868,0,0,0,0,0,0,0,4/1/2100 10:47
2869,0,0,0,0,0,0,0,4/1/2100 10:47
2870,0,0,0,0,0,0,0,4/1/2100 10:47
2871,0,0,0,0,0,0,0,4/1/2100 10:47
2872,0,0,0,0,0,0,0,4/1/2100 10:47
2873,0,0,0,0,0,0,0,4/1/2100 10:47
2874,0,0,0,0,0,0,0,4/1/2100 10:47
2875,0,0,0,0,0,0,0,4/1/2100 10:47
2876,0,0,0,0,0,0,0,4/1/2100 10:47
2877,0,0,0,0,0,0,0,4/1/2100 10:47
2878,0,0,0,0,0,0,0,4/1/2100 10:47
2879,0,0,0,0,0,0,0,4/1/2100 10:47
2880,0,0,0,0,0,0,0,4/1/2100 10:47
2881,0,0,0,0,0,0,0,4/1/2100 10:48
2882,0,0,0,0,0,0,0,4/1/2100 10:48
2883,0,0,0,0,0,0,0,4/1/2100 10:48
2884,0,0,0,0,0,0,0,4/1/2100 10:48
2885,0,0,0,0,0,0,0,4/1/2100 10:48
2886,0,0,0,0,0,0,0,4/1/2100 10:48
2887,0,0,0,0,0,0,0,4/1/2100 10:48
2888,0,0,0,0,0,0,0,4/1/2100 10:48
2889,0,0,0,0,0,0,0,4/1/2100 10:48
2890,0,0,0,0,0,0,0,4/1/2100 10:48
2891,0,0,0,0,0,0,0,4/1/2100 10:48
2892,0,0,0,0,0,0,0,4/1/2100 10:48
2893,0,0,0,0,0,0,0,4/1/2100 10:48
2894,0,0,0,0,0,0,0,4/1/2100 10:48
2895,0,0,0,0,0,0,0,4/1/2100 10:48
2896,0,0,0,0,0,0,0,4/1/2100 10:48
2897,0,0,0,0,0,0,0,4/1/2100 10:48
2898,0,0,0,0,0,0,0,4/1/2100 10:48
2899,0,0,0,0,0,0,0,4/1/2100 10:48
2900,0,0,0,0,0,0,0,4/1/2100 10:48
2901,0,0,0,0,0,0,0,4/1/2100 10:48
2902,0,0,0,0,0,0,0,4/1/2100 10:48
2903,0,0,0,0,0,0,0,4/1/2100 10:48
2904,0,0,0,0,0,0,0,4/1/2100 10:48
2905,0,0,0,0,0,0,0,4/1/2100 10:48
2906,0,0,0,0,0,0,0,4/1/2100 10:48
2907,0,0,0,0,0,0,0,4/1/2100 10:48
2908,0,0,0,0,0,0,0,4/1/2100 10:48
2909,0,0,0,0,0,0,0,4/1/2100 10:48
2910,0,0,0,0,0,0,0,4/1/2100 10:48
2911,0,0,0,0,0,0,0,4/1/2100 10:48
2912,0,0,0,0,0,0,0,4/1/2100 10:48
2913,0,0,0,0,0,0,0,4/1/2100 10:48
2914,0,0,0,0,0,0,0,4/1/2100 10:48
2915,0,0,0,0,0,0,0,4/1/2100 10:48
2916,0,0,0,0,0,0,0,4/1/2100 10:48
2917,0,0,0,0,0,0,0,4/1/2100 10:48
2918,0,0,0,0,0,0,0,4/1/2100 10:48
2919,0,0,0,0,0,0,0,4/1/2100 10:48
2920,0,0,0,0,0,0,0,4/1/2100 10:48
2921,0,0,0,0,0,0,0,4/1/2100 10:48
2922,0,0,0,0,0,0,0,4/1/2100 10:48
2923,0,0,0,0,0,0,0,4/1/2100 10:48
2924,0,0,0,0,0,0,0,4/1/2100 10:48
2925,0,0,0,0,0,0,0,4/1/2100 10:48
2926,0,0,0,0,0,0,0,4/1/2100 10:48
2927,0,0,0,0,0,0,0,4/1/2100 10:48
2928,0,0,0,0,0,0,0,4/1/2100 10:48
2929,0,0,0,0,0,0,0,4/1/2100 10:48
2930,0,0,0,0,0,0,0,4/1/2100 10:48
2931,0,0,0,0,0,0,0,4/1/2100 10:48
2932,0,0,0,0,0,0,0,4/1/2100 10:48
2933,0,0,0,0,0,0,0,4/1/2100 10:48
2934,0,0,0,0,0,0,0,4/1/2100 10:48
2935,0,0,0,0,0,0,0,4/1/2100 10:48
2936,0,0,0,0,0,0,0,4/1/2100 10:48
2937,0,0,0,0,0,0,0,4/1/2100 10:48
2938,0,0,0,0,0,0,0,4/1/2100 10:48
2939,0,0,0,0,0,0,0,4/1/2100 10:48
2940,0,0,0,0,0,0,0,4/1/2100 10:48
2941,0,0,0,0,0,0,0,4/1/2100 10:49
2942,0,0,0,0,0,0,0,4/1/2100 10:49
2943,0,0,0,0,0,0,0,4/1/2100 10:49
2944,0,0,0,0,0,0,0,4/1/2100 10:49
2945,0,0,0,0,0,0,0,4/1/2100 10:49
2946,0,0,0,0,0,0,0,4/1/2100 10:49
2947,0,0,0,0,0,0,0,4/1/2100 10:49
2948,0,0,0,0,0,0,0,4/1/2100 10:49
2949,0,0,0,0,0,0,0,4/1/2100 10:49
2950,0,0,0,0,0,0,0,4/1/2100 10:49
2951,0,0,0,0,0,0,0,4/1/2100 10:49
2952,0,0,0,0,0,0,0,4/1/2100 10:49
2953,0,0,0,0,0,0,0,4/1/2100 10:49
2954,0,0,0,0,0,0,0,4/1/2100 10:49
2955,0,0,0,0,0,0,0,4/1/2100 10:49
2956,0,0,0,0,0,0,0,4/1/2100 10:49
2957,0,0,0,0,0,0,0,4/1/2100 10:49
2958,0,0,0,0,0,0,0,4/1/2100 10:49
2959,0,0,0,0,0,0,0,4/1/2100 10:49
2960,0,0,0,0,0,0,0,4/1/2100 10:49
2961,0,0,0,0,0,0,0,4/1/2100 10:49
2962,0,0,0,0,0,0,0,4/1/2100 10:49
2963,0,0,0,0,0,0,0,4/1/2100 10:49
2964,0,0,0,0,0,0,0,4/1/2100 10:49
2965,0,0,0,0,0,0,0,4/1/2100 10:49
2966,0,0,0,0,0,0,0,4/1/2100 10:49
2967,0,0,0,0,0,0,0,4/1/2100 10:49
2968,0,0,0,0,0,0,0,4/1/2100 10:49
2969,0,0,0,0,0,0,0,4/1/2100 10:49
2970,0,0,0,0,0,0,0,4/1/2100 10:49
2971,0,0,0,0,0,0,0,4/1/2100 10:49
2972,0,0,0,0,0,0,0,4/1/2100 10:49
2973,0,0,0,0,0,0,0,4/1/2100 10:49
2974,0,0,0,0,0,0,0,4/1/2100 10:49
2975,0,0,0,0,0,0,0,4/1/2100 10:49
2976,0,0,0,0,0,0,0,4/1/2100 10:49
2977,0,0,0,0,0,0,0,4/1/2100 10:49
2978,0,0,0,0,0,0,0,4/1/2100 10:49
2979,0,0,0,0,0,0,0,4/1/2100 10:49
2980,0,0,0,0,0,0,0,4/1/2100 10:49
2981,0,0,0,0,0,0,0,4/1/2100 10:49
2982,0,0,0,0,0,0,0,4/1/2100 10:49
2983,0,0,0,0,0,0,0,4/1/2100 10:49
2984,0,0,0,0,0,0,0,4/1/2100 10:49
2985,0,0,0,0,0,0,0,4/1/2100 10:49
2986,0,0,0,0,0,0,0,4/1/2100 10:49
2987,0,0,0,0,0,0,0,4/1/2100 10:49
2988,0,0,0,0,0,0,0,4/1/2100 10:49
2989,0,0,0,0,0,0,0,4/1/2100 10:49
2990,0,0,0,0,0,0,0,4/1/2100 10:49
2991,0,0,0,0,0,0,0,4/1/2100 10:49
2992,0,0,0,0,0,0,0,4/1/2100 10:49
2993,0,0,0,0,0,0,0,4/1/2100 10:49
2994,0,0,0,0,0,0,0,4/1/2100 10:49
2995,0,0,0,0,0,0,0,4/1/2100 10:49
2996,0,0,0,0,0,0,0,4/1/2100 10:49
2997,0,0,0,0,0,0,0,4/1/2100 10:49
2998,0,0,0,0,0,0,0,4/1/2100 10:49
2999,0,0,0,0,0,0,0,4/1/2100 10:49
3000,0,0,0,0,0,0,0,4/1/2100 10:49
3001,0,0,0,0,0,0,0,4/1/2100 10:50
3002,0,0,0,0,0,0,0,4/1/2100 10:50
3003,0,0,0,0,0,0,0,4/1/2100 10:50
3004,0,0,0,0,0,0,0,4/1/2100 10:50
3005,0,0,0,0,0,0,0,4/1/2100 10:50
3006,0,0,0,0,0,0,0,4/1/2100 10:50
3007,0,0,0,0,0,0,0,4/1/2100 10:50
3008,0,0,0,0,0,0,0,4/1/2100 10:50
3009,0,0,0,0,0,0,0,4/1/2100 10:50
3010,0,0,0,0,0,0,0,4/1/2100 10:50
3011,0,0,0,0,0,0,0,4/1/2100 10:50
3012,0,0,0,0,0,0,0,4/1/2100 10:50
3013,0,0,0,0,0,0,0,4/1/2100 10:50
3014,0,0,0,0,0,0,0,4/1/2100 10:50
3015,0,0,0,0,0,0,0,4/1/2100 10:50
3016,0,0,0,0,0,0,0,4/1/2100 10:50
3017,0,0,0,0,0,0,0,4/1/2100 10:50
3018,0,0,0,0,0,0,0,4/1/2100 10:50
3019,0,0,0,0,0,0,0,4/1/2100 10:50
3020,0,0,0,0,0,0,0,4/1/2100 10:50
3021,0,0,0,0,0,0,0,4/1/2100 10:50
3022,0,0,0,0,0,0,0,4/1/2100 10:50
3023,0,0,0,0,0,0,0,4/1/2100 10:50
3024,0,0,0,0,0,0,0,4/1/2100 10:50
3025,0,0,0,0,0,0,0,4/1/2100 10:50
3026,0,0,0,0,0,0,0,4/1/2100 10:50
3027,0,0,0,0,0,0,0,4/1/2100 10:50
3028,0,0,0,0,0,0,0,4/1/2100 10:50
3029,0,0,0,0,0,0,0,4/1/2100 10:50
3030,0,0,0,0,0,0,0,4/1/2100 10:50
3031,0,0,0,0,0,0,0,4/1/2100 10:50
3032,0,0,0,0,0,0,0,4/1/2100 10:50
3033,0,0,0,0,0,0,0,4/1/2100 10:50
3034,0,0,0,0,0,0,0,4/1/2100 10:50
3035,0,0,0,0,0,0,0,4/1/2100 10:50
3036,0,0,0,0,0,0,0,4/1/2100 10:50
3037,0,0,0,0,0,0,0,4/1/2100 10:50
3038,0,0,0,0,0,0,0,4/1/2100 10:50
3039,0,0,0,0,0,0,0,4/1/2100 10:50
3040,0,0,0,0,0,0,0,4/1/2100 10:50
3041,0,0,0,0,0,0,0,4/1/2100 10:50
3042,0,0,0,0,0,0,0,4/1/2100 10:50
3043,0,0,0,0,0,0,0,4/1/2100 10:50
3044,0,0,0,0,0,0,0,4/1/2100 10:50
3045,0,0,0,0,0,0,0,4/1/2100 10:50
3046,0,0,0,0,0,0,0,4/1/2100 10:50
3047,0,0,0,0,0,0,0,4/1/2100 10:50
3048,0,0,0,0,0,0,0,4/1/2100 10:50
3049,0,0,0,0,0,0,0,4/1/2100 10:50
3050,0,0,0,0,0,0,0,4/1/2100 10:50
3051,0,0,0,0,0,0,0,4/1/2100 10:50
3052,0,0,0,0,0,0,0,4/1/2100 10:50
3053,0,0,0,0,0,0,0,4/1/2100 10:50
3054,0,0,0,0,0,0,0,4/1/2100 10:50
3055,0,0,0,0,0,0,0,4/1/2100 10:50
3056,0,0,0,0,0,0,0,4/1/2100 10:50
3057,0,0,0,0,0,0,0,4/1/2100 10:50
3058,0,0,0,0,0,0,0,4/1/2100 10:50
3059,0,0,0,0,0,0,0,4/1/2100 10:50
3060,0,0,0,0,0,0,0,4/1/2100 10:50
3061,0,0,0,0,0,0,0,4/1/2100 10:51
3062,0,0,0,0,0,0,0,4/1/2100 10:51
3063,0,0,0,0,0,0,0,4/1/2100 10:51
3064,0,0,0,0,0,0,0,4/1/2100 10:51
3065,0,0,0,0,0,0,0,4/1/2100 10:51
3066,0,0,0,0,0,0,0,4/1/2100 10:51
3067,0,0,0,0,0,0,0,4/1/2100 10:51
3068,0,0,0,0,0,0,0,4/1/2100 10:51
3069,0,0,0,0,0,0,0,4/1/2100 10:51
3070,0,0,0,0,0,0,0,4/1/2100 10:51
3071,0,0,0,0,0,0,0,4/1/2100 10:51
3072,0,0,0,0,0,0,0,4/1/2100 10:51
3073,0,0,0,0,0,0,0,4/1/2100 10:51
3074,0,0,0,0,0,0,0,4/1/2100 10:51
3075,0,0,0,0,0,0,0,4/1/2100 10:51
3076,0,0,0,0,0,0,0,4/1/2100 10:51
3077,0,0,0,0,0,0,0,4/1/2100 10:51
3078,0,0,0,0,0,0,0,4/1/2100 10:51
3079,0,0,0,0,0,0,0,4/1/2100 10:51
3080,0,0,0,0,0,0,0,4/1/2100 10:51
3081,0,0,0,0,0,0,0,4/1/2100 10:51
3082,0,0,0,0,0,0,0,4/1/2100 10:51
3083,0,0,0,0,0,0,0,4/1/2100 10:51
3084,0,0,0,0,0,0,0,4/1/2100 10:51
3085,0,0,0,0,0,0,0,4/1/2100 10:51
3086,0,0,0,0,0,0,0,4/1/2100 10:51
3087,0,0,0,0,0,0,0,4/1/2100 10:51
3088,0,0,0,0,0,0,0,4/1/2100 10:51
3089,0,0,0,0,0,0,0,4/1/2100 10:51
3090,0,0,0,0,0,0,0,4/1/2100 10:51
3091,0,0,0,0,0,0,0,4/1/2100 10:51
3092,0,0,0,0,0,0,0,4/1/2100 10:51
3093,0,0,0,0,0,0,0,4/1/2100 10:51
3094,0,0,0,0,0,0,0,4/1/2100 10:51
3095,0,0,0,0,0,0,0,4/1/2100 10:51
3096,0,0,0,0,0,0,0,4/1/2100 10:51
3097,0,0,0,0,0,0,0,4/1/2100 10:51
3098,0,0,0,0,0,0,0,4/1/2100 10:51
3099,0,0,0,0,0,0,0,4/1/2100 10:51
3100,0,0,0,0,0,0,0,4/1/2100 10:51
3101,0,0,0,0,0,0,0,4/1/2100 10:51
3102,0,0,0,0,0,0,0,4/1/2100 10:51
3103,0,0,0,0,0,0,0,4/1/2100 10:51
3104,0,0,0,0,0,0,0,4/1/2100 10:51
3105,0,0,0,0,0,0,0,4/1/2100 10:51
3106,0,0,0,0,0,0,0,4/1/2100 10:51
3107,0,0,0,0,0,0,0,4/1/2100 10:51
3108,0,0,0,0,0,0,0,4/1/2100 10:51
3109,0,0,0,0,0,0,0,4/1/2100 10:51
3110,0,0,0,0,0,0,0,4/1/2100 10:51
3111,0,0,0,0,0,0,0,4/1/2100 10:51
3112,0,0,0,0,0,0,0,4/1/2100 10:51
3113,0,0,0,0,0,0,0,4/1/2100 10:51
3114,0,0,0,0,0,0,0,4/1/2100 10:51
3115,0,0,0,0,0,0,0,4/1/2100 10:51
3116,0,0,0,0,0,0,0,4/1/2100 10:51
3117,0,0,0,0,0,0,0,4/1/2100 10:51
3118,0,0,0,0,0,0,0,4/1/2100 10:51
3119,0,0,0,0,0,0,0,4/1/2100 10:51
3120,0,0,0,0,0,0,0,4/1/2100 10:51
3121,0,0,0,0,0,0,0,4/1/2100 10:52
3122,0,0,0,0,0,0,0,4/1/2100 10:52
3123,0,0,0,0,0,0,0,4/1/2100 10:52
3124,0,0,0,0,0,0,0,4/1/2100 10:52
3125,0,0,0,0,0,0,0,4/1/2100 10:52
3126,0,0,0,0,0,0,0,4/1/2100 10:52
3127,0,0,0,0,0,0,0,4/1/2100 10:52
3128,0,0,0,0,0,0,0,4/1/2100 10:52
3129,0,0,0,0,0,0,0,4/1/2100 10:52
3130,0,0,0,0,0,0,0,4/1/2100 10:52
3131,0,0,0,0,0,0,0,4/1/2100 10:52
3132,0,0,0,0,0,0,0,4/1/2100 10:52
3133,0,0,0,0,0,0,0,4/1/2100 10:52
3134,0,0,0,0,0,0,0,4/1/2100 10:52
3135,0,0,0,0,0,0,0,4/1/2100 10:52
3136,0,0,0,0,0,0,0,4/1/2100 10:52
3137,0,0,0,0,0,0,0,4/1/2100 10:52
3138,0,0,0,0,0,0,0,4/1/2100 10:52
3139,0,0,0,0,0,0,0,4/1/2100 10:52
3140,0,0,0,0,0,0,0,4/1/2100 10:52
3141,0,0,0,0,0,0,0,4/1/2100 10:52
3142,0,0,0,0,0,0,0,4/1/2100 10:52
3143,0,0,0,0,0,0,0,4/1/2100 10:52
3144,0,0,0,0,0,0,0,4/1/2100 10:52
3145,0,0,0,0,0,0,0,4/1/2100 10:52
3146,0,0,0,0,0,0,0,4/1/2100 10:52
3147,0,0,0,0,0,0,0,4/1/2100 10:52
3148,0,0,0,0,0,0,0,4/1/2100 10:52
3149,0,0,0,0,0,0,0,4/1/2100 10:52
3150,0,0,0,0,0,0,0,4/1/2100 10:52
3151,0,0,0,0,0,0,0,4/1/2100 10:52
3152,0,0,0,0,0,0,0,4/1/2100 10:52
3153,0,0,0,0,0,0,0,4/1/2100 10:52
3154,0,0,0,0,0,0,0,4/1/2100 10:52
3155,0,0,0,0,0,0,0,4/1/2100 10:52
3156,0,0,0,0,0,0,0,4/1/2100 10:52
3157,0,0,0,0,0,0,0,4/1/2100 10:52
3158,0,0,0,0,0,0,0,4/1/2100 10:52
3159,0,0,0,0,0,0,0,4/1/2100 10:52
3160,0,0,0,0,0,0,0,4/1/2100 10:52
3161,0,0,0,0,0,0,0,4/1/2100 10:52
3162,0,0,0,0,0,0,0,4/1/2100 10:52
3163,0,0,0,0,0,0,0,4/1/2100 10:52
3164,0,0,0,0,0,0,0,4/1/2100 10:52
3165,0,0,0,0,0,0,0,4/1/2100 10:52
3166,0,0,0,0,0,0,0,4/1/2100 10:52
3167,0,0,0,0,0,0,0,4/1/2100 10:52
3168,0,0,0,0,0,0,0,4/1/2100 10:52
3169,0,0,0,0,0,0,0,4/1/2100 10:52
3170,0,0,0,0,0,0,0,4/1/2100 10:52
3171,0,0,0,0,0,0,0,4/1/2100 10:52
3172,0,0,0,0,0,0,0,4/1/2100 10:52
3173,0,0,0,0,0,0,0,4/1/2100 10:52
3174,0,0,0,0,0,0,0,4/1/2100 10:52
3175,0,0,0,0,0,0,0,4/1/2100 10:52
3176,0,0,0,0,0,0,0,4/1/2100 10:52
3177,0,0,0,0,0,0,0,4/1/2100 10:52
3178,0,0,0,0,0,0,0,4/1/2100 10:52
3179,0,0,0,0,0,0,0,4/1/2100 10:52
3180,0,0,0,0,0,0,0,4/1/2100 10:52
3181,0,0,0,0,0,0,0,4/1/2100 10:53
3182,0,0,0,0,0,0,0,4/1/2100 10:53
3183,0,0,0,0,0,0,0,4/1/2100 10:53
3184,0,0,0,0,0,0,0,4/1/2100 10:53
3185,0,0,0,0,0,0,0,4/1/2100 10:53
3186,0,0,0,0,0,0,0,4/1/2100 10:53
3187,0,0,0,0,0,0,0,4/1/2100 10:53
3188,0,0,0,0,0,0,0,4/1/2100 10:53
3189,0,0,0,0,0,0,0,4/1/2100 10:53
3190,0,0,0,0,0,0,0,4/1/2100 10:53
3191,0,0,0,0,0,0,0,4/1/2100 10:53
3192,0,0,0,0,0,0,0,4/1/2100 10:53
3193,0,0,0,0,0,0,0,4/1/2100 10:53
3194,0,0,0,0,0,0,0,4/1/2100 10:53
3195,0,0,0,0,0,0,0,4/1/2100 10:53
3196,0,0,0,0,0,0,0,4/1/2100 10:53
3197,0,0,0,0,0,0,0,4/1/2100 10:53
3198,0,0,0,0,0,0,0,4/1/2100 10:53
3199,0,0,0,0,0,0,0,4/1/2100 10:53
3200,0,0,0,0,0,0,0,4/1/2100 10:53
3201,0,0,0,0,0,0,0,4/1/2100 10:53
3202,0,0,0,0,0,0,0,4/1/2100 10:53
3203,0,0,0,0,0,0,0,4/1/2100 10:53
3204,0,0,0,0,0,0,0,4/1/2100 10:53
3205,0,0,0,0,0,0,0,4/1/2100 10:53
3206,0,0,0,0,0,0,0,4/1/2100 10:53
3207,0,0,0,0,0,0,0,4/1/2100 10:53
3208,0,0,0,0,0,0,0,4/1/2100 10:53
3209,0,0,0,0,0,0,0,4/1/2100 10:53
3210,0,0,0,0,0,0,0,4/1/2100 10:53
3211,0,0,0,0,0,0,0,4/1/2100 10:53
3212,0,0,0,0,0,0,0,4/1/2100 10:53
3213,0,0,0,0,0,0,0,4/1/2100 10:53
3214,0,0,0,0,0,0,0,4/1/2100 10:53
3215,0,0,0,0,0,0,0,4/1/2100 10:53
3216,0,0,0,0,0,0,0,4/1/2100 10:53
3217,0,0,0,0,0,0,0,4/1/2100 10:53
3218,0,0,0,0,0,0,0,4/1/2100 10:53
3219,0,0,0,0,0,0,0,4/1/2100 10:53
3220,0,0,0,0,0,0,0,4/1/2100 10:53
3221,0,0,0,0,0,0,0,4/1/2100 10:53
3222,0,0,0,0,0,0,0,4/1/2100 10:53
3223,0,0,0,0,0,0,0,4/1/2100 10:53
3224,0,0,0,0,0,0,0,4/1/2100 10:53
3225,0,0,0,0,0,0,0,4/1/2100 10:53
3226,0,0,0,0,0,0,0,4/1/2100 10:53
3227,0,0,0,0,0,0,0,4/1/2100 10:53
3228,0,0,0,0,0,0,0,4/1/2100 10:53
3229,0,0,0,0,0,0,0,4/1/2100 10:53
3230,0,0,0,0,0,0,0,4/1/2100 10:53
3231,0,0,0,0,0,0,0,4/1/2100 10:53
3232,0,0,0,0,0,0,0,4/1/2100 10:53
3233,0,0,0,0,0,0,0,4/1/2100 10:53
3234,0,0,0,0,0,0,0,4/1/2100 10:53
3235,0,0,0,0,0,0,0,4/1/2100 10:53
3236,0,0,0,0,0,0,0,4/1/2100 10:53
3237,0,0,0,0,0,0,0,4/1/2100 10:53
3238,0,0,0,0,0,0,0,4/1/2100 10:53
3239,0,0,0,0,0,0,0,4/1/2100 10:53
3240,0,0,0,0,0,0,0,4/1/2100 10:53
3241,0,0,0,0,0,0,0,4/1/2100 10:54
3242,0,0,0,0,0,0,0,4/1/2100 10:54
3243,0,0,0,0,0,0,0,4/1/2100 10:54
3244,0,0,0,0,0,0,0,4/1/2100 10:54
3245,0,0,0,0,0,0,0,4/1/2100 10:54
3246,0,0,0,0,0,0,0,4/1/2100 10:54
3247,0,0,0,0,0,0,0,4/1/2100 10:54
3248,0,0,0,0,0,0,0,4/1/2100 10:54
3249,0,0,0,0,0,0,0,4/1/2100 10:54
3250,0,0,0,0,0,0,0,4/1/2100 10:54
3251,0,0,0,0,0,0,0,4/1/2100 10:54
3252,0,0,0,0,0,0,0,4/1/2100 10:54
3253,0,0,0,0,0,0,0,4/1/2100 10:54
3254,0,0,0,0,0,0,0,4/1/2100 10:54
3255,0,0,0,0,0,0,0,4/1/2100 10:54
3256,0,0,0,0,0,0,0,4/1/2100 10:54
3257,0,0,0,0,0,0,0,4/1/2100 10:54
3258,0,0,0,0,0,0,0,4/1/2100 10:54
3259,0,0,0,0,0,0,0,4/1/2100 10:54
3260,0,0,0,0,0,0,0,4/1/2100 10:54
3261,0,0,0,0,0,0,0,4/1/2100 10:54
3262,0,0,0,0,0,0,0,4/1/2100 10:54
3263,0,0,0,0,0,0,0,4/1/2100 10:54
3264,0,0,0,0,0,0,0,4/1/2100 10:54
3265,0,0,0,0,0,0,0,4/1/2100 10:54
3266,0,0,0,0,0,0,0,4/1/2100 10:54
3267,0,0,0,0,0,0,0,4/1/2100 10:54
3268,0,0,0,0,0,0,0,4/1/2100 10:54
3269,0,0,0,0,0,0,0,4/1/2100 10:54
3270,0,0,0,0,0,0,0,4/1/2100 10:54
3271,0,0,0,0,0,0,0,4/1/2100 10:54
3272,0,0,0,0,0,0,0,4/1/2100 10:54
3273,0,0,0,0,0,0,0,4/1/2100 10:54
3274,0,0,0,0,0,0,0,4/1/2100 10:54
3275,0,0,0,0,0,0,0,4/1/2100 10:54
3276,0,0,0,0,0,0,0,4/1/2100 10:54
3277,0,0,0,0,0,0,0,4/1/2100 10:54
3278,0,0,0,0,0,0,0,4/1/2100 10:54
3279,0,0,0,0,0,0,0,4/1/2100 10:54
3280,0,0,0,0,0,0,0,4/1/2100 10:54
3281,0,0,0,0,0,0,0,4/1/2100 10:54
3282,0,0,0,0,0,0,0,4/1/2100 10:54
3283,0,0,0,0,0,0,0,4/1/2100 10:54
3284,0,0,0,0,0,0,0,4/1/2100 10:54
3285,0,0,0,0,0,0,0,4/1/2100 10:54
3286,0,0,0,0,0,0,0,4/1/2100 10:54
3287,0,0,0,0,0,0,0,4/1/2100 10:54
3288,0,0,0,0,0,0,0,4/1/2100 10:54
3289,0,0,0,0,0,0,0,4/1/2100 10:54
3290,0,0,0,0,0,0,0,4/1/2100 10:54
3291,0,0,0,0,0,0,0,4/1/2100 10:54
3292,0,0,0,0,0,0,0,4/1/2100 10:54
3293,0,0,0,0,0,0,0,4/1/2100 10:54
3294,0,0,0,0,0,0,0,4/1/2100 10:54
3295,0,0,0,0,0,0,0,4/1/2100 10:54
3296,0,0,0,0,0,0,0,4/1/2100 10:54
3297,0,0,0,0,0,0,0,4/1/2100 10:54
3298,0,0,0,0,0,0,0,4/1/2100 10:54
3299,0,0,0,0,0,0,0,4/1/2100 10:54
3300,0,0,0,0,0,0,0,4/1/2100 10:54
3301,0,0,0,0,0,0,0,4/1/2100 10:55
3302,0,0,0,0,0,0,0,4/1/2100 10:55
3303,0,0,0,0,0,0,0,4/1/2100 10:55
3304,0,0,0,0,0,0,0,4/1/2100 10:55
3305,0,0,0,0,0,0,0,4/1/2100 10:55
3306,0,0,0,0,0,0,0,4/1/2100 10:55
3307,0,0,0,0,0,0,0,4/1/2100 10:55
3308,0,0,0,0,0,0,0,4/1/2100 10:55
3309,0,0,0,0,0,0,0,4/1/2100 10:55
3310,0,0,0,0,0,0,0,4/1/2100 10:55
3311,0,0,0,0,0,0,0,4/1/2100 10:55
3312,0,0,0,0,0,0,0,4/1/2100 10:55
3313,0,0,0,0,0,0,0,4/1/2100 10:55
3314,0,0,0,0,0,0,0,4/1/2100 10:55
3315,0,0,0,0,0,0,0,4/1/2100 10:55
3316,0,0,0,0,0,0,0,4/1/2100 10:55
3317,0,0,0,0,0,0,0,4/1/2100 10:55
3318,0,0,0,0,0,0,0,4/1/2100 10:55
3319,0,0,0,0,0,0,0,4/1/2100 10:55
3320,0,0,0,0,0,0,0,4/1/2100 10:55
3321,0,0,0,0,0,0,0,4/1/2100 10:55
3322,0,0,0,0,0,0,0,4/1/2100 10:55
3323,0,0,0,0,0,0,0,4/1/2100 10:55
3324,0,0,0,0,0,0,0,4/1/2100 10:55
3325,0,0,0,0,0,0,0,4/1/2100 10:55
3326,0,0,0,0,0,0,0,4/1/2100 10:55
3327,0,0,0,0,0,0,0,4/1/2100 10:55
3328,0,0,0,0,0,0,0,4/1/2100 10:55
3329,0,0,0,0,0,0,0,4/1/2100 10:55
3330,0,0,0,0,0,0,0,4/1/2100 10:55
3331,0,0,0,0,0,0,0,4/1/2100 10:55
3332,0,0,0,0,0,0,0,4/1/2100 10:55
3333,0,0,0,0,0,0,0,4/1/2100 10:55
3334,0,0,0,0,0,0,0,4/1/2100 10:55
3335,0,0,0,0,0,0,0,4/1/2100 10:55
3336,0,0,0,0,0,0,0,4/1/2100 10:55
3337,0,0,0,0,0,0,0,4/1/2100 10:55
3338,0,0,0,0,0,0,0,4/1/2100 10:55
3339,0,0,0,0,0,0,0,4/1/2100 10:55
3340,0,0,0,0,0,0,0,4/1/2100 10:55
3341,0,0,0,0,0,0,0,4/1/2100 10:55
3342,0,0,0,0,0,0,0,4/1/2100 10:55
3343,0,0,0,0,0,0,0,4/1/2100 10:55
3344,0,0,0,0,0,0,0,4/1/2100 10:55
3345,0,0,0,0,0,0,0,4/1/2100 10:55
3346,0,0,0,0,0,0,0,4/1/2100 10:55
3347,0,0,0,0,0,0,0,4/1/2100 10:55
3348,0,0,0,0,0,0,0,4/1/2100 10:55
3349,0,0,0,0,0,0,0,4/1/2100 10:55
3350,0,0,0,0,0,0,0,4/1/2100 10:55
3351,0,0,0,0,0,0,0,4/1/2100 10:55
3352,0,0,0,0,0,0,0,4/1/2100 10:55
3353,0,0,0,0,0,0,0,4/1/2100 10:55
3354,0,0,0,0,0,0,0,4/1/2100 10:55
3355,0,0,0,0,0,0,0,4/1/2100 10:55
3356,0,0,0,0,0,0,0,4/1/2100 10:55
3357,0,0,0,0,0,0,0,4/1/2100 10:55
3358,0,0,0,0,0,0,0,4/1/2100 10:55
3359,0,0,0,0,0,0,0,4/1/2100 10:55
3360,0,0,0,0,0,0,0,4/1/2100 10:55
3361,0,0,0,0,0,0,0,4/1/2100 10:56
3362,0,0,0,0,0,0,0,4/1/2100 10:56
3363,0,0,0,0,0,0,0,4/1/2100 10:56
3364,0,0,0,0,0,0,0,4/1/2100 10:56
3365,0,0,0,0,0,0,0,4/1/2100 10:56
3366,0,0,0,0,0,0,0,4/1/2100 10:56
3367,0,0,0,0,0,0,0,4/1/2100 10:56
3368,0,0,0,0,0,0,0,4/1/2100 10:56
3369,0,0,0,0,0,0,0,4/1/2100 10:56
3370,0,0,0,0,0,0,0,4/1/2100 10:56
3371,0,0,0,0,0,0,0,4/1/2100 10:56
3372,0,0,0,0,0,0,0,4/1/2100 10:56
3373,0,0,0,0,0,0,0,4/1/2100 10:56
3374,0,0,0,0,0,0,0,4/1/2100 10:56
3375,0,0,0,0,0,0,0,4/1/2100 10:56
3376,0,0,0,0,0,0,0,4/1/2100 10:56
3377,0,0,0,0,0,0,0,4/1/2100 10:56
3378,0,0,0,0,0,0,0,4/1/2100 10:56
3379,0,0,0,0,0,0,0,4/1/2100 10:56
3380,0,0,0,0,0,0,0,4/1/2100 10:56
3381,0,0,0,0,0,0,0,4/1/2100 10:56
3382,0,0,0,0,0,0,0,4/1/2100 10:56
3383,0,0,0,0,0,0,0,4/1/2100 10:56
3384,0,0,0,0,0,0,0,4/1/2100 10:56
3385,0,0,0,0,0,0,0,4/1/2100 10:56
3386,0,0,0,0,0,0,0,4/1/2100 10:56
3387,0,0,0,0,0,0,0,4/1/2100 10:56
3388,0,0,0,0,0,0,0,4/1/2100 10:56
3389,0,0,0,0,0,0,0,4/1/2100 10:56
3390,0,0,0,0,0,0,0,4/1/2100 10:56
3391,0,0,0,0,0,0,0,4/1/2100 10:56
3392,0,0,0,0,0,0,0,4/1/2100 10:56
3393,0,0,0,0,0,0,0,4/1/2100 10:56
3394,0,0,0,0,0,0,0,4/1/2100 10:56
3395,0,0,0,0,0,0,0,4/1/2100 10:56
3396,0,0,0,0,0,0,0,4/1/2100 10:56
3397,0,0,0,0,0,0,0,4/1/2100 10:56
3398,0,0,0,0,0,0,0,4/1/2100 10:56
3399,0,0,0,0,0,0,0,4/1/2100 10:56
3400,0,0,0,0,0,0,0,4/1/2100 10:56
3401,0,0,0,0,0,0,0,4/1/2100 10:56
3402,0,0,0,0,0,0,0,4/1/2100 10:56
3403,0,0,0,0,0,0,0,4/1/2100 10:56
3404,0,0,0,0,0,0,0,4/1/2100 10:56
3405,0,0,0,0,0,0,0,4/1/2100 10:56
3406,0,0,0,0,0,0,0,4/1/2100 10:56
3407,0,0,0,0,0,0,0,4/1/2100 10:56
3408,0,0,0,0,0,0,0,4/1/2100 10:56
3409,0,0,0,0,0,0,0,4/1/2100 10:56
3410,0,0,0,0,0,0,0,4/1/2100 10:56
3411,0,0,0,0,0,0,0,4/1/2100 10:56
3412,0,0,0,0,0,0,0,4/1/2100 10:56
3413,0,0,0,0,0,0,0,4/1/2100 10:56
3414,0,0,0,0,0,0,0,4/1/2100 10:56
3415,0,0,0,0,0,0,0,4/1/2100 10:56
3416,0,0,0,0,0,0,0,4/1/2100 10:56
3417,0,0,0,0,0,0,0,4/1/2100 10:56
3418,0,0,0,0,0,0,0,4/1/2100 10:56
3419,0,0,0,0,0,0,0,4/1/2100 10:56
3420,0,0,0,0,0,0,0,4/1/2100 10:56
3421,0,0,0,0,0,0,0,4/1/2100 10:57
3422,0,0,0,0,0,0,0,4/1/2100 10:57
3423,0,0,0,0,0,0,0,4/1/2100 10:57
3424,0,0,0,0,0,0,0,4/1/2100 10:57
3425,0,0,0,0,0,0,0,4/1/2100 10:57
3426,0,0,0,0,0,0,0,4/1/2100 10:57
3427,0,0,0,0,0,0,0,4/1/2100 10:57
3428,0,0,0,0,0,0,0,4/1/2100 10:57
3429,0,0,0,0,0,0,0,4/1/2100 10:57
3430,0,0,0,0,0,0,0,4/1/2100 10:57
3431,0,0,0,0,0,0,0,4/1/2100 10:57
3432,0,0,0,0,0,0,0,4/1/2100 10:57
3433,0,0,0,0,0,0,0,4/1/2100 10:57
3434,0,0,0,0,0,0,0,4/1/2100 10:57
3435,0,0,0,0,0,0,0,4/1/2100 10:57
3436,0,0,0,0,0,0,0,4/1/2100 10:57
3437,0,0,0,0,0,0,0,4/1/2100 10:57
3438,0,0,0,0,0,0,0,4/1/2100 10:57
3439,0,0,0,0,0,0,0,4/1/2100 10:57
3440,0,0,0,0,0,0,0,4/1/2100 10:57
3441,0,0,0,0,0,0,0,4/1/2100 10:57
3442,0,0,0,0,0,0,0,4/1/2100 10:57
3443,0,0,0,0,0,0,0,4/1/2100 10:57
3444,0,0,0,0,0,0,0,4/1/2100 10:57
3445,0,0,0,0,0,0,0,4/1/2100 10:57
3446,0,0,0,0,0,0,0,4/1/2100 10:57
3447,0,0,0,0,0,0,0,4/1/2100 10:57
3448,0,0,0,0,0,0,0,4/1/2100 10:57
3449,0,0,0,0,0,0,0,4/1/2100 10:57
3450,0,0,0,0,0,0,0,4/1/2100 10:57
3451,0,0,0,0,0,0,0,4/1/2100 10:57
3452,0,0,0,0,0,0,0,4/1/2100 10:57
3453,0,0,0,0,0,0,0,4/1/2100 10:57
3454,0,0,0,0,0,0,0,4/1/2100 10:57
3455,0,0,0,0,0,0,0,4/1/2100 10:57
3456,0,0,0,0,0,0,0,4/1/2100 10:57
3457,0,0,0,0,0,0,0,4/1/2100 10:57
3458,0,0,0,0,0,0,0,4/1/2100 10:57
3459,0,0,0,0,0,0,0,4/1/2100 10:57
3460,0,0,0,0,0,0,0,4/1/2100 10:57
3461,0,0,0,0,0,0,0,4/1/2100 10:57
3462,0,0,0,0,0,0,0,4/1/2100 10:57
3463,0,0,0,0,0,0,0,4/1/2100 10:57
3464,0,0,0,0,0,0,0,4/1/2100 10:57
3465,0,0,0,0,0,0,0,4/1/2100 10:57
3466,0,0,0,0,0,0,0,4/1/2100 10:57
3467,0,0,0,0,0,0,0,4/1/2100 10:57
3468,0,0,0,0,0,0,0,4/1/2100 10:57
3469,0,0,0,0,0,0,0,4/1/2100 10:57
3470,0,0,0,0,0,0,0,4/1/2100 10:57
3471,0,0,0,0,0,0,0,4/1/2100 10:57
3472,0,0,0,0,0,0,0,4/1/2100 10:57
3473,0,0,0,0,0,0,0,4/1/2100 10:57
3474,0,0,0,0,0,0,0,4/1/2100 10:57
3475,0,0,0,0,0,0,0,4/1/2100 10:57
3476,0,0,0,0,0,0,0,4/1/2100 10:57
3477,0,0,0,0,0,0,0,4/1/2100 10:57
3478,0,0,0,0,0,0,0,4/1/2100 10:57
3479,0,0,0,0,0,0,0,4/1/2100 10:57
3480,0,0,0,0,0,0,0,4/1/2100 10:57
3481,0,0,0,0,0,0,0,4/1/2100 10:58
3482,0,0,0,0,0,0,0,4/1/2100 10:58
3483,0,0,0,0,0,0,0,4/1/2100 10:58
3484,0,0,0,0,0,0,0,4/1/2100 10:58
3485,0,0,0,0,0,0,0,4/1/2100 10:58
3486,0,0,0,0,0,0,0,4/1/2100 10:58
3487,0,0,0,0,0,0,0,4/1/2100 10:58
3488,0,0,0,0,0,0,0,4/1/2100 10:58
3489,0,0,0,0,0,0,0,4/1/2100 10:58
3490,0,0,0,0,0,0,0,4/1/2100 10:58
3491,0,0,0,0,0,0,0,4/1/2100 10:58
3492,0,0,0,0,0,0,0,4/1/2100 10:58
3493,0,0,0,0,0,0,0,4/1/2100 10:58
3494,0,0,0,0,0,0,0,4/1/2100 10:58
3495,0,0,0,0,0,0,0,4/1/2100 10:58
3496,0,0,0,0,0,0,0,4/1/2100 10:58
3497,0,0,0,0,0,0,0,4/1/2100 10:58
3498,0,0,0,0,0,0,0,4/1/2100 10:58
3499,0,0,0,0,0,0,0,4/1/2100 10:58
3500,0,0,0,0,0,0,0,4/1/2100 10:58
3501,0,0,0,0,0,0,0,4/1/2100 10:58
3502,0,0,0,0,0,0,0,4/1/2100 10:58
3503,0,0,0,0,0,0,0,4/1/2100 10:58
3504,0,0,0,0,0,0,0,4/1/2100 10:58
3505,0,0,0,0,0,0,0,4/1/2100 10:58
3506,0,0,0,0,0,0,0,4/1/2100 10:58
3507,0,0,0,0,0,0,0,4/1/2100 10:58
3508,0,0,0,0,0,0,0,4/1/2100 10:58
3509,0,0,0,0,0,0,0,4/1/2100 10:58
3510,0,0,0,0,0,0,0,4/1/2100 10:58
3511,0,0,0,0,0,0,0,4/1/2100 10:58
3512,0,0,0,0,0,0,0,4/1/2100 10:58
3513,0,0,0,0,0,0,0,4/1/2100 10:58
3514,0,0,0,0,0,0,0,4/1/2100 10:58
3515,0,0,0,0,0,0,0,4/1/2100 10:58
3516,0,0,0,0,0,0,0,4/1/2100 10:58
3517,0,0,0,0,0,0,0,4/1/2100 10:58
3518,0,0,0,0,0,0,0,4/1/2100 10:58
3519,0,0,0,0,0,0,0,4/1/2100 10:58
3520,0,0,0,0,0,0,0,4/1/2100 10:58
3521,0,0,0,0,0,0,0,4/1/2100 10:58
3522,0,0,0,0,0,0,0,4/1/2100 10:58
3523,0,0,0,0,0,0,0,4/1/2100 10:58
3524,0,0,0,0,0,0,0,4/1/2100 10:58
3525,0,0,0,0,0,0,0,4/1/2100 10:58
3526,0,0,0,0,0,0,0,4/1/2100 10:58
3527,0,0,0,0,0,0,0,4/1/2100 10:58
3528,0,0,0,0,0,0,0,4/1/2100 10:58
3529,0,0,0,0,0,0,0,4/1/2100 10:58
3530,0,0,0,0,0,0,0,4/1/2100 10:58
3531,0,0,0,0,0,0,0,4/1/2100 10:58
3532,0,0,0,0,0,0,0,4/1/2100 10:58
3533,0,0,0,0,0,0,0,4/1/2100 10:58
3534,0,0,0,0,0,0,0,4/1/2100 10:58
3535,0,0,0,0,0,0,0,4/1/2100 10:58
3536,0,0,0,0,0,0,0,4/1/2100 10:58
3537,0,0,0,0,0,0,0,4/1/2100 10:58
3538,0,0,0,0,0,0,0,4/1/2100 10:58
3539,0,0,0,0,0,0,0,4/1/2100 10:58
3540,0,0,0,0,0,0,0,4/1/2100 10:58
3541,0,0,0,0,0,0,0,4/1/2100 10:59
3542,0,0,0,0,0,0,0,4/1/2100 10:59
3543,0,0,0,0,0,0,0,4/1/2100 10:59
3544,0,0,0,0,0,0,0,4/1/2100 10:59
3545,0,0,0,0,0,0,0,4/1/2100 10:59
3546,0,0,0,0,0,0,0,4/1/2100 10:59
3547,0,0,0,0,0,0,0,4/1/2100 10:59
3548,0,0,0,0,0,0,0,4/1/2100 10:59
3549,0,0,0,0,0,0,0,4/1/2100 10:59
3550,0,0,0,0,0,0,0,4/1/2100 10:59
3551,0,0,0,0,0,0,0,4/1/2100 10:59
3552,0,0,0,0,0,0,0,4/1/2100 10:59
3553,0,0,0,0,0,0,0,4/1/2100 10:59
3554,0,0,0,0,0,0,0,4/1/2100 10:59
3555,0,0,0,0,0,0,0,4/1/2100 10:59
3556,0,0,0,0,0,0,0,4/1/2100 10:59
3557,0,0,0,0,0,0,0,4/1/2100 10:59
3558,0,0,0,0,0,0,0,4/1/2100 10:59
3559,0,0,0,0,0,0,0,4/1/2100 10:59
3560,0,0,0,0,0,0,0,4/1/2100 10:59
3561,0,0,0,0,0,0,0,4/1/2100 10:59
3562,0,0,0,0,0,0,0,4/1/2100 10:59
3563,0,0,0,0,0,0,0,4/1/2100 10:59
3564,0,0,0,0,0,0,0,4/1/2100 10:59
3565,0,0,0,0,0,0,0,4/1/2100 10:59
3566,0,0,0,0,0,0,0,4/1/2100 10:59
3567,0,0,0,0,0,0,0,4/1/2100 10:59
3568,0,0,0,0,0,0,0,4/1/2100 10:59
3569,0,0,0,0,0,0,0,4/1/2100 10:59
3570,0,0,0,0,0,0,0,4/1/2100 10:59
3571,0,0,0,0,0,0,0,4/1/2100 10:59
3572,0,0,0,0,0,0,0,4/1/2100 10:59
3573,0,0,0,0,0,0,0,4/1/2100 10:59
3574,0,0,0,0,0,0,0,4/1/2100 10:59
3575,0,0,0,0,0,0,0,4/1/2100 10:59
3576,0,0,0,0,0,0,0,4/1/2100 10:59
3577,0,0,0,0,0,0,0,4/1/2100 10:59
3578,0,0,0,0,0,0,0,4/1/2100 10:59
3579,0,0,0,0,0,0,0,4/1/2100 10:59
3580,0,0,0,0,0,0,0,4/1/2100 10:59
3581,0,0,0,0,0,0,0,4/1/2100 10:59
3582,0,0,0,0,0,0,0,4/1/2100 10:59
3583,0,0,0,0,0,0,0,4/1/2100 10:59
3584,0,0,0,0,0,0,0,4/1/2100 10:59
3585,0,0,0,0,0,0,0,4/1/2100 10:59
3586,0,0,0,0,0,0,0,4/1/2100 10:59
3587,0,0,0,0,0,0,0,4/1/2100 10:59
3588,0,0,0,0,0,0,0,4/1/2100 10:59
3589,0,0,0,0,0,0,0,4/1/2100 10:59
3590,0,0,0,0,0,0,0,4/1/2100 10:59
3591,0,0,0,0,0,0,0,4/1/2100 10:59
3592,0,0,0,0,0,0,0,4/1/2100 10:59
3593,0,0,0,0,0,0,0,4/1/2100 10:59
3594,0,0,0,0,0,0,0,4/1/2100 10:59
3595,0,0,0,0,0,0,0,4/1/2100 10:59
3596,0,0,0,0,0,0,0,4/1/2100 10:59
3597,0,0,0,0,0,0,0,4/1/2100 10:59
3598,0,0,0,0,0,0,0,4/1/2100 10:59
3599,0,0,0,0,0,0,0,4/1/2100 10:59
3600,0,0,0,0,0,0,0,4/1/2100 10:59
3601,0,0,0,0,0,0,0,4/1/2100 11:00
3602,0,0,0,0,0,0,0,4/1/2100 11:00
3603,0,0,0,0,0,0,0,4/1/2100 11:00
3604,0,0,0,0,0,0,0,4/1/2100 11:00
3605,0,0,0,0,0,0,0,4/1/2100 11:00
3606,0,0,0,0,0,0,0,4/1/2100 11:00
3607,0,0,0,0,0,0,0,4/1/2100 11:00
3608,0,0,0,0,0,0,0,4/1/2100 11:00
3609,0,0,0,0,0,0,0,4/1/2100 11:00
3610,0,0,0,0,0,0,0,4/1/2100 11:00
3611,0,0,0,0,0,0,0,4/1/2100 11:00
3612,0,0,0,0,0,0,0,4/1/2100 11:00
3613,0,0,0,0,0,0,0,4/1/2100 11:00
3614,0,0,0,0,0,0,0,4/1/2100 11:00
3615,0,0,0,0,0,0,0,4/1/2100 11:00
3616,0,0,0,0,0,0,0,4/1/2100 11:00
3617,0,0,0,0,0,0,0,4/1/2100 11:00
3618,0,0,0,0,0,0,0,4/1/2100 11:00
3619,0,0,0,0,0,0,0,4/1/2100 11:00
3620,0,0,0,0,0,0,0,4/1/2100 11:00
3621,0,0,0,0,0,0,0,4/1/2100 11:00
3622,0,0,0,0,0,0,0,4/1/2100 11:00
3623,0,0,0,0,0,0,0,4/1/2100 11:00
3624,0,0,0,0,0,0,0,4/1/2100 11:00
3625,0,0,0,0,0,0,0,4/1/2100 11:00
3626,0,0,0,0,0,0,0,4/1/2100 11:00
3627,0,0,0,0,0,0,0,4/1/2100 11:00
3628,0,0,0,0,0,0,0,4/1/2100 11:00
3629,0,0,0,0,0,0,0,4/1/2100 11:00
3630,0,0,0,0,0,0,0,4/1/2100 11:00
3631,0,0,0,0,0,0,0,4/1/2100 11:00
3632,0,0,0,0,0,0,0,4/1/2100 11:00
3633,0,0,0,0,0,0,0,4/1/2100 11:00
3634,0,0,0,0,0,0,0,4/1/2100 11:00
3635,0,0,0,0,0,0,0,4/1/2100 11:00
3636,0,0,0,0,0,0,0,4/1/2100 11:00
3637,0,0,0,0,0,0,0,4/1/2100 11:00
3638,0,0,0,0,0,0,0,4/1/2100 11:00
3639,0,0,0,0,0,0,0,4/1/2100 11:00
3640,0,0,0,0,0,0,0,4/1/2100 11:00
3641,0,0,0,0,0,0,0,4/1/2100 11:00
3642,0,0,0,0,0,0,0,4/1/2100 11:00
3643,0,0,0,0,0,0,0,4/1/2100 11:00
3644,0,0,0,0,0,0,0,4/1/2100 11:00
3645,0,0,0,0,0,0,0,4/1/2100 11:00
3646,0,0,0,0,0,0,0,4/1/2100 11:00
3647,0,0,0,0,0,0,0,4/1/2100 11:00
3648,0,0,0,0,0,0,0,4/1/2100 11:00
3649,0,0,0,0,0,0,0,4/1/2100 11:00
3650,0,0,0,0,0,0,0,4/1/2100 11:00
3651,0,0,0,0,0,0,0,4/1/2100 11:00
3652,0,0,0,0,0,0,0,4/1/2100 11:00
3653,0,0,0,0,0,0,0,4/1/2100 11:00
3654,0,0,0,0,0,0,0,4/1/2100 11:00
3655,0,0,0,0,0,0,0,4/1/2100 11:00
3656,0,0,0,0,0,0,0,4/1/2100 11:00
3657,0,0,0,0,0,0,0,4/1/2100 11:00
3658,0,0,0,0,0,0,0,4/1/2100 11:00
3659,0,0,0,0,0,0,0,4/1/2100 11:00
3660,0,0,0,0,0,0,0,4/1/2100 11:00
3661,0,0,0,0,0,0,0,4/1/2100 11:01
3662,0,0,0,0,0,0,0,4/1/2100 11:01
3663,0,0,0,0,0,0,0,4/1/2100 11:01
3664,0,0,0,0,0,0,0,4/1/2100 11:01
3665,0,0,0,0,0,0,0,4/1/2100 11:01
3666,0,0,0,0,0,0,0,4/1/2100 11:01
3667,0,0,0,0,0,0,0,4/1/2100 11:01
3668,0,0,0,0,0,0,0,4/1/2100 11:01
3669,0,0,0,0,0,0,0,4/1/2100 11:01
3670,0,0,0,0,0,0,0,4/1/2100 11:01
3671,0,0,0,0,0,0,0,4/1/2100 11:01
3672,0,0,0,0,0,0,0,4/1/2100 11:01
3673,0,0,0,0,0,0,0,4/1/2100 11:01
3674,0,0,0,0,0,0,0,4/1/2100 11:01
3675,0,0,0,0,0,0,0,4/1/2100 11:01
3676,0,0,0,0,0,0,0,4/1/2100 11:01
3677,0,0,0,0,0,0,0,4/1/2100 11:01
3678,0,0,0,0,0,0,0,4/1/2100 11:01
3679,0,0,0,0,0,0,0,4/1/2100 11:01
3680,0,0,0,0,0,0,0,4/1/2100 11:01
3681,0,0,0,0,0,0,0,4/1/2100 11:01
3682,0,0,0,0,0,0,0,4/1/2100 11:01
3683,0,0,0,0,0,0,0,4/1/2100 11:01
3684,0,0,0,0,0,0,0,4/1/2100 11:01
3685,0,0,0,0,0,0,0,4/1/2100 11:01
3686,0,0,0,0,0,0,0,4/1/2100 11:01
3687,0,0,0,0,0,0,0,4/1/2100 11:01
3688,0,0,0,0,0,0,0,4/1/2100 11:01
3689,0,0,0,0,0,0,0,4/1/2100 11:01
3690,0,0,0,0,0,0,0,4/1/2100 11:01
3691,0,0,0,0,0,0,0,4/1/2100 11:01
3692,0,0,0,0,0,0,0,4/1/2100 11:01
3693,0,0,0,0,0,0,0,4/1/2100 11:01
3694,0,0,0,0,0,0,0,4/1/2100 11:01
3695,0,0,0,0,0,0,0,4/1/2100 11:01
3696,0,0,0,0,0,0,0,4/1/2100 11:01
3697,0,0,0,0,0,0,0,4/1/2100 11:01
3698,0,0,0,0,0,0,0,4/1/2100 11:01
3699,0,0,0,0,0,0,0,4/1/2100 11:01
3700,0,0,0,0,0,0,0,4/1/2100 11:01
3701,0,0,0,0,0,0,0,4/1/2100 11:01
3702,0,0,0,0,0,0,0,4/1/2100 11:01
3703,0,0,0,0,0,0,0,4/1/2100 11:01
3704,0,0,0,0,0,0,0,4/1/2100 11:01
3705,0,0,0,0,0,0,0,4/1/2100 11:01
3706,0,0,0,0,0,0,0,4/1/2100 11:01
3707,0,0,0,0,0,0,0,4/1/2100 11:01
3708,0,0,0,0,0,0,0,4/1/2100 11:01
3709,0,0,0,0,0,0,0,4/1/2100 11:01
3710,0,0,0,0,0,0,0,4/1/2100 11:01
3711,0,0,0,0,0,0,0,4/1/2100 11:01
3712,0,0,0,0,0,0,0,4/1/2100 11:01
3713,0,0,0,0,0,0,0,4/1/2100 11:01
3714,0,0,0,0,0,0,0,4/1/2100 11:01
3715,0,0,0,0,0,0,0,4/1/2100 11:01
3716,0,0,0,0,0,0,0,4/1/2100 11:01
3717,0,0,0,0,0,0,0,4/1/2100 11:01
3718,0,0,0,0,0,0,0,4/1/2100 11:01
3719,0,0,0,0,0,0,0,4/1/2100 11:01
3720,0,0,0,0,0,0,0,4/1/2100 11:01
3721,0,0,0,0,0,0,0,4/1/2100 11:02
3722,0,0,0,0,0,0,0,4/1/2100 11:02
3723,0,0,0,0,0,0,0,4/1/2100 11:02
3724,0,0,0,0,0,0,0,4/1/2100 11:02
3725,0,0,0,0,0,0,0,4/1/2100 11:02
3726,0,0,0,0,0,0,0,4/1/2100 11:02
3727,0,0,0,0,0,0,0,4/1/2100 11:02
3728,0,0,0,0,0,0,0,4/1/2100 11:02
3729,0,0,0,0,0,0,0,4/1/2100 11:02
3730,0,0,0,0,0,0,0,4/1/2100 11:02
3731,0,0,0,0,0,0,0,4/1/2100 11:02
3732,0,0,0,0,0,0,0,4/1/2100 11:02
3733,0,0,0,0,0,0,0,4/1/2100 11:02
3734,0,0,0,0,0,0,0,4/1/2100 11:02
3735,0,0,0,0,0,0,0,4/1/2100 11:02
3736,0,0,0,0,0,0,0,4/1/2100 11:02
3737,0,0,0,0,0,0,0,4/1/2100 11:02
3738,0,0,0,0,0,0,0,4/1/2100 11:02
3739,0,0,0,0,0,0,0,4/1/2100 11:02
3740,0,0,0,0,0,0,0,4/1/2100 11:02
3741,0,0,0,0,0,0,0,4/1/2100 11:02
3742,0,0,0,0,0,0,0,4/1/2100 11:02
3743,0,0,0,0,0,0,0,4/1/2100 11:02
3744,0,0,0,0,0,0,0,4/1/2100 11:02
3745,0,0,0,0,0,0,0,4/1/2100 11:02
3746,0,0,0,0,0,0,0,4/1/2100 11:02
3747,0,0,0,0,0,0,0,4/1/2100 11:02
3748,0,0,0,0,0,0,0,4/1/2100 11:02
3749,0,0,0,0,0,0,0,4/1/2100 11:02
3750,0,0,0,0,0,0,0,4/1/2100 11:02
3751,0,0,0,0,0,0,0,4/1/2100 11:02
3752,0,0,0,0,0,0,0,4/1/2100 11:02
3753,0,0,0,0,0,0,0,4/1/2100 11:02
3754,0,0,0,0,0,0,0,4/1/2100 11:02
3755,0,0,0,0,0,0,0,4/1/2100 11:02
3756,0,0,0,0,0,0,0,4/1/2100 11:02
3757,0,0,0,0,0,0,0,4/1/2100 11:02
3758,0,0,0,0,0,0,0,4/1/2100 11:02
3759,0,0,0,0,0,0,0,4/1/2100 11:02
3760,0,0,0,0,0,0,0,4/1/2100 11:02
3761,0,0,0,0,0,0,0,4/1/2100 11:02
3762,0,0,0,0,0,0,0,4/1/2100 11:02
3763,0,0,0,0,0,0,0,4/1/2100 11:02
3764,0,0,0,0,0,0,0,4/1/2100 11:02
3765,0,0,0,0,0,0,0,4/1/2100 11:02
3766,0,0,0,0,0,0,0,4/1/2100 11:02
3767,0,0,0,0,0,0,0,4/1/2100 11:02
3768,0,0,0,0,0,0,0,4/1/2100 11:02
3769,0,0,0,0,0,0,0,4/1/2100 11:02
3770,0,0,0,0,0,0,0,4/1/2100 11:02
3771,0,0,0,0,0,0,0,4/1/2100 11:02
3772,0,0,0,0,0,0,0,4/1/2100 11:02
3773,0,0,0,0,0,0,0,4/1/2100 11:02
3774,0,0,0,0,0,0,0,4/1/2100 11:02
3775,0,0,0,0,0,0,0,4/1/2100 11:02
3776,0,0,0,0,0,0,0,4/1/2100 11:02
3777,0,0,0,0,0,0,0,4/1/2100 11:02
3778,0,0,0,0,0,0,0,4/1/2100 11:02
3779,0,0,0,0,0,0,0,4/1/2100 11:02
3780,0,0,0,0,0,0,0,4/1/2100 11:02
3781,0,0,0,0,0,0,0,4/1/2100 11:03
3782,0,0,0,0,0,0,0,4/1/2100 11:03
3783,0,0,0,0,0,0,0,4/1/2100 11:03
3784,0,0,0,0,0,0,0,4/1/2100 11:03
3785,0,0,0,0,0,0,0,4/1/2100 11:03
3786,0,0,0,0,0,0,0,4/1/2100 11:03
3787,0,0,0,0,0,0,0,4/1/2100 11:03
3788,0,0,0,0,0,0,0,4/1/2100 11:03
3789,0,0,0,0,0,0,0,4/1/2100 11:03
3790,0,0,0,0,0,0,0,4/1/2100 11:03
3791,0,0,0,0,0,0,0,4/1/2100 11:03
3792,0,0,0,0,0,0,0,4/1/2100 11:03
3793,0,0,0,0,0,0,0,4/1/2100 11:03
3794,0,0,0,0,0,0,0,4/1/2100 11:03
3795,0,0,0,0,0,0,0,4/1/2100 11:03
3796,0,0,0,0,0,0,0,4/1/2100 11:03
3797,0,0,0,0,0,0,0,4/1/2100 11:03
3798,0,0,0,0,0,0,0,4/1/2100 11:03
3799,0,0,0,0,0,0,0,4/1/2100 11:03
3800,0,0,0,0,0,0,0,4/1/2100 11:03
3801,0,0,0,0,0,0,0,4/1/2100 11:03
3802,0,0,0,0,0,0,0,4/1/2100 11:03
3803,0,0,0,0,0,0,0,4/1/2100 11:03
3804,0,0,0,0,0,0,0,4/1/2100 11:03
3805,0,0,0,0,0,0,0,4/1/2100 11:03
3806,0,0,0,0,0,0,0,4/1/2100 11:03
3807,0,0,0,0,0,0,0,4/1/2100 11:03
3808,0,0,0,0,0,0,0,4/1/2100 11:03
3809,0,0,0,0,0,0,0,4/1/2100 11:03
3810,0,0,0,0,0,0,0,4/1/2100 11:03
3811,0,0,0,0,0,0,0,4/1/2100 11:03
3812,0,0,0,0,0,0,0,4/1/2100 11:03
3813,0,0,0,0,0,0,0,4/1/2100 11:03
3814,0,0,0,0,0,0,0,4/1/2100 11:03
3815,0,0,0,0,0,0,0,4/1/2100 11:03
3816,0,0,0,0,0,0,0,4/1/2100 11:03
3817,0,0,0,0,0,0,0,4/1/2100 11:03
3818,0,0,0,0,0,0,0,4/1/2100 11:03
3819,0,0,0,0,0,0,0,4/1/2100 11:03
3820,0,0,0,0,0,0,0,4/1/2100 11:03
3821,0,0,0,0,0,0,0,4/1/2100 11:03
3822,0,0,0,0,0,0,0,4/1/2100 11:03
3823,0,0,0,0,0,0,0,4/1/2100 11:03
3824,0,0,0,0,0,0,0,4/1/2100 11:03
3825,0,0,0,0,0,0,0,4/1/2100 11:03
3826,0,0,0,0,0,0,0,4/1/2100 11:03
3827,0,0,0,0,0,0,0,4/1/2100 11:03
3828,0,0,0,0,0,0,0,4/1/2100 11:03
3829,0,0,0,0,0,0,0,4/1/2100 11:03
3830,0,0,0,0,0,0,0,4/1/2100 11:03
3831,0,0,0,0,0,0,0,4/1/2100 11:03
3832,0,0,0,0,0,0,0,4/1/2100 11:03
3833,0,0,0,0,0,0,0,4/1/2100 11:03
3834,0,0,0,0,0,0,0,4/1/2100 11:03
3835,0,0,0,0,0,0,0,4/1/2100 11:03
3836,0,0,0,0,0,0,0,4/1/2100 11:03
3837,0,0,0,0,0,0,0,4/1/2100 11:03
3838,0,0,0,0,0,0,0,4/1/2100 11:03
3839,0,0,0,0,0,0,0,4/1/2100 11:03
3840,0,0,0,0,0,0,0,4/1/2100 11:03
3841,0,0,0,0,0,0,0,4/1/2100 11:04
3842,0,0,0,0,0,0,0,4/1/2100 11:04
3843,0,0,0,0,0,0,0,4/1/2100 11:04
3844,0,0,0,0,0,0,0,4/1/2100 11:04
3845,0,0,0,0,0,0,0,4/1/2100 11:04
3846,0,0,0,0,0,0,0,4/1/2100 11:04
3847,0,0,0,0,0,0,0,4/1/2100 11:04
3848,0,0,0,0,0,0,0,4/1/2100 11:04
3849,0,0,0,0,0,0,0,4/1/2100 11:04
3850,0,0,0,0,0,0,0,4/1/2100 11:04
3851,0,0,0,0,0,0,0,4/1/2100 11:04
3852,0,0,0,0,0,0,0,4/1/2100 11:04
3853,0,0,0,0,0,0,0,4/1/2100 11:04
3854,0,0,0,0,0,0,0,4/1/2100 11:04
3855,0,0,0,0,0,0,0,4/1/2100 11:04
3856,0,0,0,0,0,0,0,4/1/2100 11:04
3857,0,0,0,0,0,0,0,4/1/2100 11:04
3858,0,0,0,0,0,0,0,4/1/2100 11:04
3859,0,0,0,0,0,0,0,4/1/2100 11:04
3860,0,0,0,0,0,0,0,4/1/2100 11:04
3861,0,0,0,0,0,0,0,4/1/2100 11:04
3862,0,0,0,0,0,0,0,4/1/2100 11:04
3863,0,0,0,0,0,0,0,4/1/2100 11:04
3864,0,0,0,0,0,0,0,4/1/2100 11:04
3865,0,0,0,0,0,0,0,4/1/2100 11:04
3866,0,0,0,0,0,0,0,4/1/2100 11:04
3867,0,0,0,0,0,0,0,4/1/2100 11:04
3868,0,0,0,0,0,0,0,4/1/2100 11:04
3869,0,0,0,0,0,0,0,4/1/2100 11:04
3870,0,0,0,0,0,0,0,4/1/2100 11:04
3871,0,0,0,0,0,0,0,4/1/2100 11:04
3872,0,0,0,0,0,0,0,4/1/2100 11:04
3873,0,0,0,0,0,0,0,4/1/2100 11:04
3874,0,0,0,0,0,0,0,4/1/2100 11:04
3875,0,0,0,0,0,0,0,4/1/2100 11:04
3876,0,0,0,0,0,0,0,4/1/2100 11:04
3877,0,0,0,0,0,0,0,4/1/2100 11:04
3878,0,0,0,0,0,0,0,4/1/2100 11:04
3879,0,0,0,0,0,0,0,4/1/2100 11:04
3880,0,0,0,0,0,0,0,4/1/2100 11:04
3881,0,0,0,0,0,0,0,4/1/2100 11:04
3882,0,0,0,0,0,0,0,4/1/2100 11:04
3883,0,0,0,0,0,0,0,4/1/2100 11:04
3884,0,0,0,0,0,0,0,4/1/2100 11:04
3885,0,0,0,0,0,0,0,4/1/2100 11:04
3886,0,0,0,0,0,0,0,4/1/2100 11:04
3887,0,0,0,0,0,0,0,4/1/2100 11:04
3888,0,0,0,0,0,0,0,4/1/2100 11:04
3889,0,0,0,0,0,0,0,4/1/2100 11:04
3890,0,0,0,0,0,0,0,4/1/2100 11:04
3891,0,0,0,0,0,0,0,4/1/2100 11:04
3892,0,0,0,0,0,0,0,4/1/2100 11:04
3893,0,0,0,0,0,0,0,4/1/2100 11:04
3894,0,0,0,0,0,0,0,4/1/2100 11:04
3895,0,0,0,0,0,0,0,4/1/2100 11:04
3896,0,0,0,0,0,0,0,4/1/2100 11:04
3897,0,0,0,0,0,0,0,4/1/2100 11:04
3898,0,0,0,0,0,0,0,4/1/2100 11:04
3899,0,0,0,0,0,0,0,4/1/2100 11:04
3900,0,0,0,0,0,0,0,4/1/2100 11:04
3901,0,0,0,0,0,0,0,4/1/2100 11:05
3902,0,0,0,0,0,0,0,4/1/2100 11:05
3903,0,0,0,0,0,0,0,4/1/2100 11:05
3904,0,0,0,0,0,0,0,4/1/2100 11:05
3905,0,0,0,0,0,0,0,4/1/2100 11:05
3906,0,0,0,0,0,0,0,4/1/2100 11:05
3907,0,0,0,0,0,0,0,4/1/2100 11:05
3908,0,0,0,0,0,0,0,4/1/2100 11:05
3909,0,0,0,0,0,0,0,4/1/2100 11:05
3910,0,0,0,0,0,0,0,4/1/2100 11:05
3911,0,0,0,0,0,0,0,4/1/2100 11:05
3912,0,0,0,0,0,0,0,4/1/2100 11:05
3913,0,0,0,0,0,0,0,4/1/2100 11:05
3914,0,0,0,0,0,0,0,4/1/2100 11:05
3915,0,0,0,0,0,0,0,4/1/2100 11:05
3916,0,0,0,0,0,0,0,4/1/2100 11:05
3917,0,0,0,0,0,0,0,4/1/2100 11:05
3918,0,0,0,0,0,0,0,4/1/2100 11:05
3919,0,0,0,0,0,0,0,4/1/2100 11:05
3920,0,0,0,0,0,0,0,4/1/2100 11:05
3921,0,0,0,0,0,0,0,4/1/2100 11:05
3922,0,0,0,0,0,0,0,4/1/2100 11:05
3923,0,0,0,0,0,0,0,4/1/2100 11:05
3924,0,0,0,0,0,0,0,4/1/2100 11:05
3925,0,0,0,0,0,0,0,4/1/2100 11:05
3926,0,0,0,0,0,0,0,4/1/2100 11:05
3927,0,0,0,0,0,0,0,4/1/2100 11:05
3928,0,0,0,0,0,0,0,4/1/2100 11:05
3929,0,0,0,0,0,0,0,4/1/2100 11:05
3930,0,0,0,0,0,0,0,4/1/2100 11:05
3931,0,0,0,0,0,0,0,4/1/2100 11:05
3932,0,0,0,0,0,0,0,4/1/2100 11:05
3933,0,0,0,0,0,0,0,4/1/2100 11:05
3934,0,0,0,0,0,0,0,4/1/2100 11:05
3935,0,0,0,0,0,0,0,4/1/2100 11:05
3936,0,0,0,0,0,0,0,4/1/2100 11:05
3937,0,0,0,0,0,0,0,4/1/2100 11:05
3938,0,0,0,0,0,0,0,4/1/2100 11:05
3939,0,0,0,0,0,0,0,4/1/2100 11:05
3940,0,0,0,0,0,0,0,4/1/2100 11:05
3941,0,0,0,0,0,0,0,4/1/2100 11:05
3942,0,0,0,0,0,0,0,4/1/2100 11:05
3943,0,0,0,0,0,0,0,4/1/2100 11:05
3944,0,0,0,0,0,0,0,4/1/2100 11:05
3945,0,0,0,0,0,0,0,4/1/2100 11:05
3946,0,0,0,0,0,0,0,4/1/2100 11:05
3947,0,0,0,0,0,0,0,4/1/2100 11:05
3948,0,0,0,0,0,0,0,4/1/2100 11:05
3949,0,0,0,0,0,0,0,4/1/2100 11:05
3950,0,0,0,0,0,0,0,4/1/2100 11:05
3951,0,0,0,0,0,0,0,4/1/2100 11:05
3952,0,0,0,0,0,0,0,4/1/2100 11:05
3953,0,0,0,0,0,0,0,4/1/2100 11:05
3954,0,0,0,0,0,0,0,4/1/2100 11:05
3955,0,0,0,0,0,0,0,4/1/2100 11:05
3956,0,0,0,0,0,0,0,4/1/2100 11:05
3957,0,0,0,0,0,0,0,4/1/2100 11:05
3958,0,0,0,0,0,0,0,4/1/2100 11:05
3959,0,0,0,0,0,0,0,4/1/2100 11:05
3960,0,0,0,0,0,0,0,4/1/2100 11:05
3961,0,0,0,0,0,0,0,4/1/2100 11:06
3962,0,0,0,0,0,0,0,4/1/2100 11:06
3963,0,0,0,0,0,0,0,4/1/2100 11:06
3964,0,0,0,0,0,0,0,4/1/2100 11:06
3965,0,0,0,0,0,0,0,4/1/2100 11:06
3966,0,0,0,0,0,0,0,4/1/2100 11:06
3967,0,0,0,0,0,0,0,4/1/2100 11:06
3968,0,0,0,0,0,0,0,4/1/2100 11:06
3969,0,0,0,0,0,0,0,4/1/2100 11:06
3970,0,0,0,0,0,0,0,4/1/2100 11:06
3971,0,0,0,0,0,0,0,4/1/2100 11:06
3972,0,0,0,0,0,0,0,4/1/2100 11:06
3973,0,0,0,0,0,0,0,4/1/2100 11:06
3974,0,0,0,0,0,0,0,4/1/2100 11:06
3975,0,0,0,0,0,0,0,4/1/2100 11:06
3976,0,0,0,0,0,0,0,4/1/2100 11:06
3977,0,0,0,0,0,0,0,4/1/2100 11:06
3978,0,0,0,0,0,0,0,4/1/2100 11:06
3979,0,0,0,0,0,0,0,4/1/2100 11:06
3980,0,0,0,0,0,0,0,4/1/2100 11:06
3981,0,0,0,0,0,0,0,4/1/2100 11:06
3982,0,0,0,0,0,0,0,4/1/2100 11:06
3983,0,0,0,0,0,0,0,4/1/2100 11:06
3984,0,0,0,0,0,0,0,4/1/2100 11:06
3985,0,0,0,0,0,0,0,4/1/2100 11:06
3986,0,0,0,0,0,0,0,4/1/2100 11:06
3987,0,0,0,0,0,0,0,4/1/2100 11:06
3988,0,0,0,0,0,0,0,4/1/2100 11:06
3989,0,0,0,0,0,0,0,4/1/2100 11:06
3990,0,0,0,0,0,0,0,4/1/2100 11:06
3991,0,0,0,0,0,0,0,4/1/2100 11:06
3992,0,0,0,0,0,0,0,4/1/2100 11:06
3993,0,0,0,0,0,0,0,4/1/2100 11:06
3994,0,0,0,0,0,0,0,4/1/2100 11:06
3995,0,0,0,0,0,0,0,4/1/2100 11:06
3996,0,0,0,0,0,0,0,4/1/2100 11:06
3997,0,0,0,0,0,0,0,4/1/2100 11:06
3998,0,0,0,0,0,0,0,4/1/2100 11:06
3999,0,0,0,0,0,0,0,4/1/2100 11:06
4000,0,0,0,0,0,0,0,4/1/2100 11:06
4001,0,0,0,0,0,0,0,4/1/2100 11:06
4002,0,0,0,0,0,0,0,4/1/2100 11:06
4003,0,0,0,0,0,0,0,4/1/2100 11:06
4004,0,0,0,0,0,0,0,4/1/2100 11:06
4005,0,0,0,0,0,0,0,4/1/2100 11:06
4006,0,0,0,0,0,0,0,4/1/2100 11:06
4007,0,0,0,0,0,0,0,4/1/2100 11:06
4008,0,0,0,0,0,0,0,4/1/2100 11:06
4009,0,0,0,0,0,0,0,4/1/2100 11:06
4010,0,0,0,0,0,0,0,4/1/2100 11:06
4011,0,0,0,0,0,0,0,4/1/2100 11:06
4012,0,0,0,0,0,0,0,4/1/2100 11:06
4013,0,0,0,0,0,0,0,4/1/2100 11:06
4014,0,0,0,0,0,0,0,4/1/2100 11:06
4015,0,0,0,0,0,0,0,4/1/2100 11:06
4016,0,0,0,0,0,0,0,4/1/2100 11:06
4017,0,0,0,0,0,0,0,4/1/2100 11:06
4018,0,0,0,0,0,0,0,4/1/2100 11:06
4019,0,0,0,0,0,0,0,4/1/2100 11:06
4020,0,0,0,0,0,0,0,4/1/2100 11:06
4021,0,0,0,0,0,0,0,4/1/2100 11:07
4022,0,0,0,0,0,0,0,4/1/2100 11:07
4023,0,0,0,0,0,0,0,4/1/2100 11:07
4024,0,0,0,0,0,0,0,4/1/2100 11:07
4025,0,0,0,0,0,0,0,4/1/2100 11:07
4026,0,0,0,0,0,0,0,4/1/2100 11:07
4027,0,0,0,0,0,0,0,4/1/2100 11:07
4028,0,0,0,0,0,0,0,4/1/2100 11:07
4029,0,0,0,0,0,0,0,4/1/2100 11:07
4030,0,0,0,0,0,0,0,4/1/2100 11:07
4031,0,0,0,0,0,0,0,4/1/2100 11:07
4032,0,0,0,0,0,0,0,4/1/2100 11:07
4033,0,0,0,0,0,0,0,4/1/2100 11:07
4034,0,0,0,0,0,0,0,4/1/2100 11:07
4035,0,0,0,0,0,0,0,4/1/2100 11:07
4036,0,0,0,0,0,0,0,4/1/2100 11:07
4037,0,0,0,0,0,0,0,4/1/2100 11:07
4038,0,0,0,0,0,0,0,4/1/2100 11:07
4039,0,0,0,0,0,0,0,4/1/2100 11:07
4040,0,0,0,0,0,0,0,4/1/2100 11:07
4041,0,0,0,0,0,0,0,4/1/2100 11:07
4042,0,0,0,0,0,0,0,4/1/2100 11:07
4043,0,0,0,0,0,0,0,4/1/2100 11:07
4044,0,0,0,0,0,0,0,4/1/2100 11:07
4045,0,0,0,0,0,0,0,4/1/2100 11:07
4046,0,0,0,0,0,0,0,4/1/2100 11:07
4047,0,0,0,0,0,0,0,4/1/2100 11:07
4048,0,0,0,0,0,0,0,4/1/2100 11:07
4049,0,0,0,0,0,0,0,4/1/2100 11:07
4050,0,0,0,0,0,0,0,4/1/2100 11:07
4051,0,0,0,0,0,0,0,4/1/2100 11:07
4052,0,0,0,0,0,0,0,4/1/2100 11:07
4053,0,0,0,0,0,0,0,4/1/2100 11:07
4054,0,0,0,0,0,0,0,4/1/2100 11:07
4055,0,0,0,0,0,0,0,4/1/2100 11:07
4056,0,0,0,0,0,0,0,4/1/2100 11:07
4057,0,0,0,0,0,0,0,4/1/2100 11:07
4058,0,0,0,0,0,0,0,4/1/2100 11:07
4059,0,0,0,0,0,0,0,4/1/2100 11:07
4060,0,0,0,0,0,0,0,4/1/2100 11:07
4061,0,0,0,0,0,0,0,4/1/2100 11:07
4062,0,0,0,0,0,0,0,4/1/2100 11:07
4063,0,0,0,0,0,0,0,4/1/2100 11:07
4064,0,0,0,0,0,0,0,4/1/2100 11:07
4065,0,0,0,0,0,0,0,4/1/2100 11:07
4066,0,0,0,0,0,0,0,4/1/2100 11:07
4067,0,0,0,0,0,0,0,4/1/2100 11:07
4068,0,0,0,0,0,0,0,4/1/2100 11:07
4069,0,0,0,0,0,0,0,4/1/2100 11:07
4070,0,0,0,0,0,0,0,4/1/2100 11:07
4071,0,0,0,0,0,0,0,4/1/2100 11:07
4072,0,0,0,0,0,0,0,4/1/2100 11:07
4073,0,0,0,0,0,0,0,4/1/2100 11:07
4074,0,0,0,0,0,0,0,4/1/2100 11:07
4075,0,0,0,0,0,0,0,4/1/2100 11:07
4076,0,0,0,0,0,0,0,4/1/2100 11:07
4077,0,0,0,0,0,0,0,4/1/2100 11:07
4078,0,0,0,0,0,0,0,4/1/2100 11:07
4079,0,0,0,0,0,0,0,4/1/2100 11:07
4080,0,0,0,0,0,0,0,4/1/2100 11:07
4081,0,0,0,0,0,0,0,4/1/2100 11:08
4082,0,0,0,0,0,0,0,4/1/2100 11:08
4083,0,0,0,0,0,0,0,4/1/2100 11:08
4084,0,0,0,0,0,0,0,4/1/2100 11:08
4085,0,0,0,0,0,0,0,4/1/2100 11:08
4086,0,0,0,0,0,0,0,4/1/2100 11:08
4087,0,0,0,0,0,0,0,4/1/2100 11:08
4088,0,0,0,0,0,0,0,4/1/2100 11:08
4089,0,0,0,0,0,0,0,4/1/2100 11:08
4090,0,0,0,0,0,0,0,4/1/2100 11:08
4091,0,0,0,0,0,0,0,4/1/2100 11:08
4092,0,0,0,0,0,0,0,4/1/2100 11:08
4093,0,0,0,0,0,0,0,4/1/2100 11:08
4094,0,0,0,0,0,0,0,4/1/2100 11:08
4095,0,0,0,0,0,0,0,4/1/2100 11:08
4096,0,0,0,0,0,0,0,4/1/2100 11:08
4097,0,0,0,0,0,0,0,4/1/2100 11:08
4098,0,0,0,0,0,0,0,4/1/2100 11:08
4099,0,0,0,0,0,0,0,4/1/2100 11:08
4100,0,0,0,0,0,0,0,4/1/2100 11:08
4101,0,0,0,0,0,0,0,4/1/2100 11:08
4102,0,0,0,0,0,0,0,4/1/2100 11:08
4103,0,0,0,0,0,0,0,4/1/2100 11:08
4104,0,0,0,0,0,0,0,4/1/2100 11:08
4105,0,0,0,0,0,0,0,4/1/2100 11:08
4106,0,0,0,0,0,0,0,4/1/2100 11:08
4107,0,0,0,0,0,0,0,4/1/2100 11:08
4108,0,0,0,0,0,0,0,4/1/2100 11:08
4109,0,0,0,0,0,0,0,4/1/2100 11:08
4110,0,0,0,0,0,0,0,4/1/2100 11:08
4111,0,0,0,0,0,0,0,4/1/2100 11:08
4112,0,0,0,0,0,0,0,4/1/2100 11:08
4113,0,0,0,0,0,0,0,4/1/2100 11:08
4114,0,0,0,0,0,0,0,4/1/2100 11:08
4115,0,0,0,0,0,0,0,4/1/2100 11:08
4116,0,0,0,0,0,0,0,4/1/2100 11:08
4117,0,0,0,0,0,0,0,4/1/2100 11:08
4118,0,0,0,0,0,0,0,4/1/2100 11:08
4119,0,0,0,0,0,0,0,4/1/2100 11:08
4120,0,0,0,0,0,0,0,4/1/2100 11:08
4121,0,0,0,0,0,0,0,4/1/2100 11:08
4122,0,0,0,0,0,0,0,4/1/2100 11:08
4123,0,0,0,0,0,0,0,4/1/2100 11:08
4124,0,0,0,0,0,0,0,4/1/2100 11:08
4125,0,0,0,0,0,0,0,4/1/2100 11:08
4126,0,0,0,0,0,0,0,4/1/2100 11:08
4127,0,0,0,0,0,0,0,4/1/2100 11:08
4128,0,0,0,0,0,0,0,4/1/2100 11:08
4129,0,0,0,0,0,0,0,4/1/2100 11:08
4130,0,0,0,0,0,0,0,4/1/2100 11:08
4131,0,0,0,0,0,0,0,4/1/2100 11:08
4132,0,0,0,0,0,0,0,4/1/2100 11:08
4133,0,0,0,0,0,0,0,4/1/2100 11:08
4134,0,0,0,0,0,0,0,4/1/2100 11:08
4135,0,0,0,0,0,0,0,4/1/2100 11:08
4136,0,0,0,0,0,0,0,4/1/2100 11:08
4137,0,0,0,0,0,0,0,4/1/2100 11:08
4138,0,0,0,0,0,0,0,4/1/2100 11:08
4139,0,0,0,0,0,0,0,4/1/2100 11:08
4140,0,0,0,0,0,0,0,4/1/2100 11:08
4141,0,0,0,0,0,0,0,4/1/2100 11:09
4142,0,0,0,0,0,0,0,4/1/2100 11:09
4143,0,0,0,0,0,0,0,4/1/2100 11:09
4144,0,0,0,0,0,0,0,4/1/2100 11:09
4145,0,0,0,0,0,0,0,4/1/2100 11:09
4146,0,0,0,0,0,0,0,4/1/2100 11:09
4147,0,0,0,0,0,0,0,4/1/2100 11:09
4148,0,0,0,0,0,0,0,4/1/2100 11:09
4149,0,0,0,0,0,0,0,4/1/2100 11:09
4150,0,0,0,0,0,0,0,4/1/2100 11:09
4151,0,0,0,0,0,0,0,4/1/2100 11:09
4152,0,0,0,0,0,0,0,4/1/2100 11:09
4153,0,0,0,0,0,0,0,4/1/2100 11:09
4154,0,0,0,0,0,0,0,4/1/2100 11:09
4155,0,0,0,0,0,0,0,4/1/2100 11:09
4156,0,0,0,0,0,0,0,4/1/2100 11:09
4157,0,0,0,0,0,0,0,4/1/2100 11:09
4158,0,0,0,0,0,0,0,4/1/2100 11:09
4159,0,0,0,0,0,0,0,4/1/2100 11:09
4160,0,0,0,0,0,0,0,4/1/2100 11:09
4161,0,0,0,0,0,0,0,4/1/2100 11:09
4162,0,0,0,0,0,0,0,4/1/2100 11:09
4163,0,0,0,0,0,0,0,4/1/2100 11:09
4164,0,0,0,0,0,0,0,4/1/2100 11:09
4165,0,0,0,0,0,0,0,4/1/2100 11:09
4166,0,0,0,0,0,0,0,4/1/2100 11:09
4167,0,0,0,0,0,0,0,4/1/2100 11:09
4168,0,0,0,0,0,0,0,4/1/2100 11:09
4169,0,0,0,0,0,0,0,4/1/2100 11:09
4170,0,0,0,0,0,0,0,4/1/2100 11:09
4171,0,0,0,0,0,0,0,4/1/2100 11:09
4172,0,0,0,0,0,0,0,4/1/2100 11:09
4173,0,0,0,0,0,0,0,4/1/2100 11:09
4174,0,0,0,0,0,0,0,4/1/2100 11:09
4175,0,0,0,0,0,0,0,4/1/2100 11:09
4176,0,0,0,0,0,0,0,4/1/2100 11:09
4177,0,0,0,0,0,0,0,4/1/2100 11:09
4178,0,0,0,0,0,0,0,4/1/2100 11:09
4179,0,0,0,0,0,0,0,4/1/2100 11:09
4180,0,0,0,0,0,0,0,4/1/2100 11:09
4181,0,0,0,0,0,0,0,4/1/2100 11:09
4182,0,0,0,0,0,0,0,4/1/2100 11:09
4183,0,0,0,0,0,0,0,4/1/2100 11:09
4184,0,0,0,0,0,0,0,4/1/2100 11:09
4185,0,0,0,0,0,0,0,4/1/2100 11:09
4186,0,0,0,0,0,0,0,4/1/2100 11:09
4187,0,0,0,0,0,0,0,4/1/2100 11:09
4188,0,0,0,0,0,0,0,4/1/2100 11:09
4189,0,0,0,0,0,0,0,4/1/2100 11:09
4190,0,0,0,0,0,0,0,4/1/2100 11:09
4191,0,0,0,0,0,0,0,4/1/2100 11:09
4192,0,0,0,0,0,0,0,4/1/2100 11:09
4193,0,0,0,0,0,0,0,4/1/2100 11:09
4194,0,0,0,0,0,0,0,4/1/2100 11:09
4195,0,0,0,0,0,0,0,4/1/2100 11:09
4196,0,0,0,0,0,0,0,4/1/2100 11:09
4197,0,0,0,0,0,0,0,4/1/2100 11:09
4198,0,0,0,0,0,0,0,4/1/2100 11:09
4199,0,0,0,0,0,0,0,4/1/2100 11:09
4200,0,0,0,0,0,0,0,4/1/2100 11:09
4201,0,0,0,0,0,0,0,4/1/2100 11:10
4202,0,0,0,0,0,0,0,4/1/2100 11:10
4203,0,0,0,0,0,0,0,4/1/2100 11:10
4204,0,0,0,0,0,0,0,4/1/2100 11:10
4205,0,0,0,0,0,0,0,4/1/2100 11:10
4206,0,0,0,0,0,0,0,4/1/2100 11:10
4207,0,0,0,0,0,0,0,4/1/2100 11:10
4208,0,0,0,0,0,0,0,4/1/2100 11:10
4209,0,0,0,0,0,0,0,4/1/2100 11:10
4210,0,0,0,0,0,0,0,4/1/2100 11:10
4211,0,0,0,0,0,0,0,4/1/2100 11:10
4212,0,0,0,0,0,0,0,4/1/2100 11:10
4213,0,0,0,0,0,0,0,4/1/2100 11:10
4214,0,0,0,0,0,0,0,4/1/2100 11:10
4215,0,0,0,0,0,0,0,4/1/2100 11:10
4216,0,0,0,0,0,0,0,4/1/2100 11:10
4217,0,0,0,0,0,0,0,4/1/2100 11:10
4218,0,0,0,0,0,0,0,4/1/2100 11:10
4219,0,0,0,0,0,0,0,4/1/2100 11:10
4220,0,0,0,0,0,0,0,4/1/2100 11:10
4221,0,0,0,0,0,0,0,4/1/2100 11:10
4222,0,0,0,0,0,0,0,4/1/2100 11:10
4223,0,0,0,0,0,0,0,4/1/2100 11:10
4224,0,0,0,0,0,0,0,4/1/2100 11:10
4225,0,0,0,0,0,0,0,4/1/2100 11:10
4226,0,0,0,0,0,0,0,4/1/2100 11:10
4227,0,0,0,0,0,0,0,4/1/2100 11:10
4228,0,0,0,0,0,0,0,4/1/2100 11:10
4229,0,0,0,0,0,0,0,4/1/2100 11:10
4230,0,0,0,0,0,0,0,4/1/2100 11:10
4231,0,0,0,0,0,0,0,4/1/2100 11:10
4232,0,0,0,0,0,0,0,4/1/2100 11:10
4233,0,0,0,0,0,0,0,4/1/2100 11:10
4234,0,0,0,0,0,0,0,4/1/2100 11:10
4235,0,0,0,0,0,0,0,4/1/2100 11:10
4236,0,0,0,0,0,0,0,4/1/2100 11:10
4237,0,0,0,0,0,0,0,4/1/2100 11:10
4238,0,0,0,0,0,0,0,4/1/2100 11:10
4239,0,0,0,0,0,0,0,4/1/2100 11:10
4240,0,0,0,0,0,0,0,4/1/2100 11:10
4241,0,0,0,0,0,0,0,4/1/2100 11:10
4242,0,0,0,0,0,0,0,4/1/2100 11:10
4243,0,0,0,0,0,0,0,4/1/2100 11:10
4244,0,0,0,0,0,0,0,4/1/2100 11:10
4245,0,0,0,0,0,0,0,4/1/2100 11:10
4246,0,0,0,0,0,0,0,4/1/2100 11:10
4247,0,0,0,0,0,0,0,4/1/2100 11:10
4248,0,0,0,0,0,0,0,4/1/2100 11:10
4249,0,0,0,0,0,0,0,4/1/2100 11:10
4250,0,0,0,0,0,0,0,4/1/2100 11:10
4251,0,0,0,0,0,0,0,4/1/2100 11:10
4252,0,0,0,0,0,0,0,4/1/2100 11:10
4253,0,0,0,0,0,0,0,4/1/2100 11:10
4254,0,0,0,0,0,0,0,4/1/2100 11:10
4255,0,0,0,0,0,0,0,4/1/2100 11:10
4256,0,0,0,0,0,0,0,4/1/2100 11:10
4257,0,0,0,0,0,0,0,4/1/2100 11:10
4258,0,0,0,0,0,0,0,4/1/2100 11:10
4259,0,0,0,0,0,0,0,4/1/2100 11:10
4260,0,0,0,0,0,0,0,4/1/2100 11:10
4261,0,0,0,0,0,0,0,4/1/2100 11:11
4262,0,0,0,0,0,0,0,4/1/2100 11:11
4263,0,0,0,0,0,0,0,4/1/2100 11:11
4264,0,0,0,0,0,0,0,4/1/2100 11:11
4265,0,0,0,0,0,0,0,4/1/2100 11:11
4266,0,0,0,0,0,0,0,4/1/2100 11:11
4267,0,0,0,0,0,0,0,4/1/2100 11:11
4268,0,0,0,0,0,0,0,4/1/2100 11:11
4269,0,0,0,0,0,0,0,4/1/2100 11:11
4270,0,0,0,0,0,0,0,4/1/2100 11:11
4271,0,0,0,0,0,0,0,4/1/2100 11:11
4272,0,0,0,0,0,0,0,4/1/2100 11:11
4273,0,0,0,0,0,0,0,4/1/2100 11:11
4274,0,0,0,0,0,0,0,4/1/2100 11:11
4275,0,0,0,0,0,0,0,4/1/2100 11:11
4276,0,0,0,0,0,0,0,4/1/2100 11:11
4277,0,0,0,0,0,0,0,4/1/2100 11:11
4278,0,0,0,0,0,0,0,4/1/2100 11:11
4279,0,0,0,0,0,0,0,4/1/2100 11:11
4280,0,0,0,0,0,0,0,4/1/2100 11:11
4281,0,0,0,0,0,0,0,4/1/2100 11:11
4282,0,0,0,0,0,0,0,4/1/2100 11:11
4283,0,0,0,0,0,0,0,4/1/2100 11:11
4284,0,0,0,0,0,0,0,4/1/2100 11:11
4285,0,0,0,0,0,0,0,4/1/2100 11:11
4286,0,0,0,0,0,0,0,4/1/2100 11:11
4287,0,0,0,0,0,0,0,4/1/2100 11:11
4288,0,0,0,0,0,0,0,4/1/2100 11:11
4289,0,0,0,0,0,0,0,4/1/2100 11:11
4290,0,0,0,0,0,0,0,4/1/2100 11:11
4291,0,0,0,0,0,0,0,4/1/2100 11:11
4292,0,0,0,0,0,0,0,4/1/2100 11:11
4293,0,0,0,0,0,0,0,4/1/2100 11:11
4294,0,0,0,0,0,0,0,4/1/2100 11:11
4295,0,0,0,0,0,0,0,4/1/2100 11:11
4296,0,0,0,0,0,0,0,4/1/2100 11:11
4297,0,0,0,0,0,0,0,4/1/2100 11:11
4298,0,0,0,0,0,0,0,4/1/2100 11:11
4299,0,0,0,0,0,0,0,4/1/2100 11:11
4300,0,0,0,0,0,0,0,4/1/2100 11:11
4301,0,0,0,0,0,0,0,4/1/2100 11:11
4302,0,0,0,0,0,0,0,4/1/2100 11:11
4303,0,0,0,0,0,0,0,4/1/2100 11:11
4304,0,0,0,0,0,0,0,4/1/2100 11:11
4305,0,0,0,0,0,0,0,4/1/2100 11:11
4306,0,0,0,0,0,0,0,4/1/2100 11:11
4307,0,0,0,0,0,0,0,4/1/2100 11:11
4308,0,0,0,0,0,0,0,4/1/2100 11:11
4309,0,0,0,0,0,0,0,4/1/2100 11:11
4310,0,0,0,0,0,0,0,4/1/2100 11:11
4311,0,0,0,0,0,0,0,4/1/2100 11:11
4312,0,0,0,0,0,0,0,4/1/2100 11:11
4313,0,0,0,0,0,0,0,4/1/2100 11:11
4314,0,0,0,0,0,0,0,4/1/2100 11:11
4315,0,0,0,0,0,0,0,4/1/2100 11:11
4316,0,0,0,0,0,0,0,4/1/2100 11:11
4317,0,0,0,0,0,0,0,4/1/2100 11:11
4318,0,0,0,0,0,0,0,4/1/2100 11:11
4319,0,0,0,0,0,0,0,4/1/2100 11:11
4320,0,0,0,0,0,0,0,4/1/2100 11:11
4321,0,0,0,0,0,0,0,4/1/2100 11:12
4322,0,0,0,0,0,0,0,4/1/2100 11:12
4323,0,0,0,0,0,0,0,4/1/2100 11:12
4324,0,0,0,0,0,0,0,4/1/2100 11:12
4325,0,0,0,0,0,0,0,4/1/2100 11:12
4326,0,0,0,0,0,0,0,4/1/2100 11:12
4327,0,0,0,0,0,0,0,4/1/2100 11:12
4328,0,0,0,0,0,0,0,4/1/2100 11:12
4329,0,0,0,0,0,0,0,4/1/2100 11:12
4330,0,0,0,0,0,0,0,4/1/2100 11:12
4331,0,0,0,0,0,0,0,4/1/2100 11:12
4332,0,0,0,0,0,0,0,4/1/2100 11:12
4333,0,0,0,0,0,0,0,4/1/2100 11:12
4334,0,0,0,0,0,0,0,4/1/2100 11:12
4335,0,0,0,0,0,0,0,4/1/2100 11:12
4336,0,0,0,0,0,0,0,4/1/2100 11:12
4337,0,0,0,0,0,0,0,4/1/2100 11:12
4338,0,0,0,0,0,0,0,4/1/2100 11:12
4339,0,0,0,0,0,0,0,4/1/2100 11:12
4340,0,0,0,0,0,0,0,4/1/2100 11:12
4341,0,0,0,0,0,0,0,4/1/2100 11:12
4342,0,0,0,0,0,0,0,4/1/2100 11:12
4343,0,0,0,0,0,0,0,4/1/2100 11:12
4344,0,0,0,0,0,0,0,4/1/2100 11:12
4345,0,0,0,0,0,0,0,4/1/2100 11:12
4346,0,0,0,0,0,0,0,4/1/2100 11:12
4347,0,0,0,0,0,0,0,4/1/2100 11:12
4348,0,0,0,0,0,0,0,4/1/2100 11:12
4349,0,0,0,0,0,0,0,4/1/2100 11:12
4350,0,0,0,0,0,0,0,4/1/2100 11:12
4351,0,0,0,0,0,0,0,4/1/2100 11:12
4352,0,0,0,0,0,0,0,4/1/2100 11:12
4353,0,0,0,0,0,0,0,4/1/2100 11:12
4354,0,0,0,0,0,0,0,4/1/2100 11:12
4355,0,0,0,0,0,0,0,4/1/2100 11:12
4356,0,0,0,0,0,0,0,4/1/2100 11:12
4357,0,0,0,0,0,0,0,4/1/2100 11:12
4358,0,0,0,0,0,0,0,4/1/2100 11:12
4359,0,0,0,0,0,0,0,4/1/2100 11:12
4360,0,0,0,0,0,0,0,4/1/2100 11:12
4361,0,0,0,0,0,0,0,4/1/2100 11:12
4362,0,0,0,0,0,0,0,4/1/2100 11:12
4363,0,0,0,0,0,0,0,4/1/2100 11:12
4364,0,0,0,0,0,0,0,4/1/2100 11:12
4365,0,0,0,0,0,0,0,4/1/2100 11:12
4366,0,0,0,0,0,0,0,4/1/2100 11:12
4367,0,0,0,0,0,0,0,4/1/2100 11:12
4368,0,0,0,0,0,0,0,4/1/2100 11:12
4369,0,0,0,0,0,0,0,4/1/2100 11:12
4370,0,0,0,0,0,0,0,4/1/2100 11:12
4371,0,0,0,0,0,0,0,4/1/2100 11:12
4372,0,0,0,0,0,0,0,4/1/2100 11:12
4373,0,0,0,0,0,0,0,4/1/2100 11:12
4374,0,0,0,0,0,0,0,4/1/2100 11:12
4375,0,0,0,0,0,0,0,4/1/2100 11:12
4376,0,0,0,0,0,0,0,4/1/2100 11:12
4377,0,0,0,0,0,0,0,4/1/2100 11:12
4378,0,0,0,0,0,0,0,4/1/2100 11:12
4379,0,0,0,0,0,0,0,4/1/2100 11:12
4380,0,0,0,0,0,0,0,4/1/2100 11:12
4381,0,0,0,0,0,0,0,4/1/2100 11:13
4382,0,0,0,0,0,0,0,4/1/2100 11:13
4383,0,0,0,0,0,0,0,4/1/2100 11:13
4384,0,0,0,0,0,0,0,4/1/2100 11:13
4385,0,0,0,0,0,0,0,4/1/2100 11:13
4386,0,0,0,0,0,0,0,4/1/2100 11:13
4387,0,0,0,0,0,0,0,4/1/2100 11:13
4388,0,0,0,0,0,0,0,4/1/2100 11:13
4389,0,0,0,0,0,0,0,4/1/2100 11:13
4390,0,0,0,0,0,0,0,4/1/2100 11:13
4391,0,0,0,0,0,0,0,4/1/2100 11:13
4392,0,0,0,0,0,0,0,4/1/2100 11:13
4393,0,0,0,0,0,0,0,4/1/2100 11:13
4394,0,0,0,0,0,0,0,4/1/2100 11:13
4395,0,0,0,0,0,0,0,4/1/2100 11:13
4396,0,0,0,0,0,0,0,4/1/2100 11:13
4397,0,0,0,0,0,0,0,4/1/2100 11:13
4398,0,0,0,0,0,0,0,4/1/2100 11:13
4399,0,0,0,0,0,0,0,4/1/2100 11:13
4400,0,0,0,0,0,0,0,4/1/2100 11:13
4401,0,0,0,0,0,0,0,4/1/2100 11:13
4402,0,0,0,0,0,0,0,4/1/2100 11:13
4403,0,0,0,0,0,0,0,4/1/2100 11:13
4404,0,0,0,0,0,0,0,4/1/2100 11:13
4405,0,0,0,0,0,0,0,4/1/2100 11:13
4406,0,0,0,0,0,0,0,4/1/2100 11:13
4407,0,0,0,0,0,0,0,4/1/2100 11:13
4408,0,0,0,0,0,0,0,4/1/2100 11:13
4409,0,0,0,0,0,0,0,4/1/2100 11:13
4410,0,0,0,0,0,0,0,4/1/2100 11:13
4411,0,0,0,0,0,0,0,4/1/2100 11:13
4412,0,0,0,0,0,0,0,4/1/2100 11:13
4413,0,0,0,0,0,0,0,4/1/2100 11:13
4414,0,0,0,0,0,0,0,4/1/2100 11:13
4415,0,0,0,0,0,0,0,4/1/2100 11:13
4416,0,0,0,0,0,0,0,4/1/2100 11:13
4417,0,0,0,0,0,0,0,4/1/2100 11:13
4418,0,0,0,0,0,0,0,4/1/2100 11:13
4419,0,0,0,0,0,0,0,4/1/2100 11:13
4420,0,0,0,0,0,0,0,4/1/2100 11:13
4421,0,0,0,0,0,0,0,4/1/2100 11:13
4422,0,0,0,0,0,0,0,4/1/2100 11:13
4423,0,0,0,0,0,0,0,4/1/2100 11:13
4424,0,0,0,0,0,0,0,4/1/2100 11:13
4425,0,0,0,0,0,0,0,4/1/2100 11:13
4426,0,0,0,0,0,0,0,4/1/2100 11:13
4427,0,0,0,0,0,0,0,4/1/2100 11:13
4428,0,0,0,0,0,0,0,4/1/2100 11:13
4429,0,0,0,0,0,0,0,4/1/2100 11:13
4430,0,0,0,0,0,0,0,4/1/2100 11:13
4431,0,0,0,0,0,0,0,4/1/2100 11:13
4432,0,0,0,0,0,0,0,4/1/2100 11:13
4433,0,0,0,0,0,0,0,4/1/2100 11:13
4434,0,0,0,0,0,0,0,4/1/2100 11:13
4435,0,0,0,0,0,0,0,4/1/2100 11:13
4436,0,0,0,0,0,0,0,4/1/2100 11:13
4437,0,0,0,0,0,0,0,4/1/2100 11:13
4438,0,0,0,0,0,0,0,4/1/2100 11:13
4439,0,0,0,0,0,0,0,4/1/2100 11:13
4440,0,0,0,0,0,0,0,4/1/2100 11:13
4441,0,0,0,0,0,0,0,4/1/2100 11:14
4442,0,0,0,0,0,0,0,4/1/2100 11:14
4443,0,0,0,0,0,0,0,4/1/2100 11:14
4444,0,0,0,0,0,0,0,4/1/2100 11:14
4445,0,0,0,0,0,0,0,4/1/2100 11:14
4446,0,0,0,0,0,0,0,4/1/2100 11:14
4447,0,0,0,0,0,0,0,4/1/2100 11:14
4448,0,0,0,0,0,0,0,4/1/2100 11:14
4449,0,0,0,0,0,0,0,4/1/2100 11:14
4450,0,0,0,0,0,0,0,4/1/2100 11:14
4451,0,0,0,0,0,0,0,4/1/2100 11:14
4452,0,0,0,0,0,0,0,4/1/2100 11:14
4453,0,0,0,0,0,0,0,4/1/2100 11:14
4454,0,0,0,0,0,0,0,4/1/2100 11:14
4455,0,0,0,0,0,0,0,4/1/2100 11:14
4456,0,0,0,0,0,0,0,4/1/2100 11:14
4457,0,0,0,0,0,0,0,4/1/2100 11:14
4458,0,0,0,0,0,0,0,4/1/2100 11:14
4459,0,0,0,0,0,0,0,4/1/2100 11:14
4460,0,0,0,0,0,0,0,4/1/2100 11:14
4461,0,0,0,0,0,0,0,4/1/2100 11:14
4462,0,0,0,0,0,0,0,4/1/2100 11:14
4463,0,0,0,0,0,0,0,4/1/2100 11:14
4464,0,0,0,0,0,0,0,4/1/2100 11:14
4465,0,0,0,0,0,0,0,4/1/2100 11:14
4466,0,0,0,0,0,0,0,4/1/2100 11:14
4467,0,0,0,0,0,0,0,4/1/2100 11:14
4468,0,0,0,0,0,0,0,4/1/2100 11:14
4469,0,0,0,0,0,0,0,4/1/2100 11:14
4470,0,0,0,0,0,0,0,4/1/2100 11:14
4471,0,0,0,0,0,0,0,4/1/2100 11:14
4472,0,0,0,0,0,0,0,4/1/2100 11:14
4473,0,0,0,0,0,0,0,4/1/2100 11:14
4474,0,0,0,0,0,0,0,4/1/2100 11:14
4475,0,0,0,0,0,0,0,4/1/2100 11:14
4476,0,0,0,0,0,0,0,4/1/2100 11:14
4477,0,0,0,0,0,0,0,4/1/2100 11:14
4478,0,0,0,0,0,0,0,4/1/2100 11:14
4479,0,0,0,0,0,0,0,4/1/2100 11:14
4480,0,0,0,0,0,0,0,4/1/2100 11:14
4481,0,0,0,0,0,0,0,4/1/2100 11:14
4482,0,0,0,0,0,0,0,4/1/2100 11:14
4483,0,0,0,0,0,0,0,4/1/2100 11:14
4484,0,0,0,0,0,0,0,4/1/2100 11:14
4485,0,0,0,0,0,0,0,4/1/2100 11:14
4486,0,0,0,0,0,0,0,4/1/2100 11:14
4487,0,0,0,0,0,0,0,4/1/2100 11:14
4488,0,0,0,0,0,0,0,4/1/2100 11:14
4489,0,0,0,0,0,0,0,4/1/2100 11:14
4490,0,0,0,0,0,0,0,4/1/2100 11:14
4491,0,0,0,0,0,0,0,4/1/2100 11:14
4492,0,0,0,0,0,0,0,4/1/2100 11:14
4493,0,0,0,0,0,0,0,4/1/2100 11:14
4494,0,0,0,0,0,0,0,4/1/2100 11:14
4495,0,0,0,0,0,0,0,4/1/2100 11:14
4496,0,0,0,0,0,0,0,4/1/2100 11:14
4497,0,0,0,0,0,0,0,4/1/2100 11:14
4498,0,0,0,0,0,0,0,4/1/2100 11:14
4499,0,0,0,0,0,0,0,4/1/2100 11:14
4500,0,0,0,0,0,0,0,4/1/2100 11:14
4501,0,0,0,0,0,0,0,4/1/2100 11:15
4502,0,0,0,0,0,0,0,4/1/2100 11:15
4503,0,0,0,0,0,0,0,4/1/2100 11:15
4504,0,0,0,0,0,0,0,4/1/2100 11:15
4505,0,0,0,0,0,0,0,4/1/2100 11:15
4506,0,0,0,0,0,0,0,4/1/2100 11:15
4507,0,0,0,0,0,0,0,4/1/2100 11:15
4508,0,0,0,0,0,0,0,4/1/2100 11:15
4509,0,0,0,0,0,0,0,4/1/2100 11:15
4510,0,0,0,0,0,0,0,4/1/2100 11:15
4511,0,0,0,0,0,0,0,4/1/2100 11:15
4512,0,0,0,0,0,0,0,4/1/2100 11:15
4513,0,0,0,0,0,0,0,4/1/2100 11:15
4514,0,0,0,0,0,0,0,4/1/2100 11:15
4515,0,0,0,0,0,0,0,4/1/2100 11:15
4516,0,0,0,0,0,0,0,4/1/2100 11:15
4517,0,0,0,0,0,0,0,4/1/2100 11:15
4518,0,0,0,0,0,0,0,4/1/2100 11:15
4519,0,0,0,0,0,0,0,4/1/2100 11:15
4520,0,0,0,0,0,0,0,4/1/2100 11:15
4521,0,0,0,0,0,0,0,4/1/2100 11:15
4522,0,0,0,0,0,0,0,4/1/2100 11:15
4523,0,0,0,0,0,0,0,4/1/2100 11:15
4524,0,0,0,0,0,0,0,4/1/2100 11:15
4525,0,0,0,0,0,0,0,4/1/2100 11:15
4526,0,0,0,0,0,0,0,4/1/2100 11:15
4527,0,0,0,0,0,0,0,4/1/2100 11:15
4528,0,0,0,0,0,0,0,4/1/2100 11:15
4529,0,0,0,0,0,0,0,4/1/2100 11:15
4530,0,0,0,0,0,0,0,4/1/2100 11:15
4531,0,0,0,0,0,0,0,4/1/2100 11:15
4532,0,0,0,0,0,0,0,4/1/2100 11:15
4533,0,0,0,0,0,0,0,4/1/2100 11:15
4534,0,0,0,0,0,0,0,4/1/2100 11:15
4535,0,0,0,0,0,0,0,4/1/2100 11:15
4536,0,0,0,0,0,0,0,4/1/2100 11:15
4537,0,0,0,0,0,0,0,4/1/2100 11:15
4538,0,0,0,0,0,0,0,4/1/2100 11:15
4539,0,0,0,0,0,0,0,4/1/2100 11:15
4540,0,0,0,0,0,0,0,4/1/2100 11:15
4541,0,0,0,0,0,0,0,4/1/2100 11:15
4542,0,0,0,0,0,0,0,4/1/2100 11:15
4543,0,0,0,0,0,0,0,4/1/2100 11:15
4544,0,0,0,0,0,0,0,4/1/2100 11:15
4545,0,0,0,0,0,0,0,4/1/2100 11:15
4546,0,0,0,0,0,0,0,4/1/2100 11:15
4547,0,0,0,0,0,0,0,4/1/2100 11:15
4548,0,0,0,0,0,0,0,4/1/2100 11:15
4549,0,0,0,0,0,0,0,4/1/2100 11:15
4550,0,0,0,0,0,0,0,4/1/2100 11:15
4551,0,0,0,0,0,0,0,4/1/2100 11:15
4552,0,0,0,0,0,0,0,4/1/2100 11:15
4553,0,0,0,0,0,0,0,4/1/2100 11:15
4554,0,0,0,0,0,0,0,4/1/2100 11:15
4555,0,0,0,0,0,0,0,4/1/2100 11:15
4556,0,0,0,0,0,0,0,4/1/2100 11:15
4557,0,0,0,0,0,0,0,4/1/2100 11:15
4558,0,0,0,0,0,0,0,4/1/2100 11:15
4559,0,0,0,0,0,0,0,4/1/2100 11:15
4560,0,0,0,0,0,0,0,4/1/2100 11:15
4561,0,0,0,0,0,0,0,4/1/2100 11:16
4562,0,0,0,0,0,0,0,4/1/2100 11:16
4563,0,0,0,0,0,0,0,4/1/2100 11:16
4564,0,0,0,0,0,0,0,4/1/2100 11:16
4565,0,0,0,0,0,0,0,4/1/2100 11:16
4566,0,0,0,0,0,0,0,4/1/2100 11:16
4567,0,0,0,0,0,0,0,4/1/2100 11:16
4568,0,0,0,0,0,0,0,4/1/2100 11:16
4569,0,0,0,0,0,0,0,4/1/2100 11:16
4570,0,0,0,0,0,0,0,4/1/2100 11:16
4571,0,0,0,0,0,0,0,4/1/2100 11:16
4572,0,0,0,0,0,0,0,4/1/2100 11:16
4573,0,0,0,0,0,0,0,4/1/2100 11:16
4574,0,0,0,0,0,0,0,4/1/2100 11:16
4575,0,0,0,0,0,0,0,4/1/2100 11:16
4576,0,0,0,0,0,0,0,4/1/2100 11:16
4577,0,0,0,0,0,0,0,4/1/2100 11:16
4578,0,0,0,0,0,0,0,4/1/2100 11:16
4579,0,0,0,0,0,0,0,4/1/2100 11:16
4580,0,0,0,0,0,0,0,4/1/2100 11:16
4581,0,0,0,0,0,0,0,4/1/2100 11:16
4582,0,0,0,0,0,0,0,4/1/2100 11:16
4583,0,0,0,0,0,0,0,4/1/2100 11:16
4584,0,0,0,0,0,0,0,4/1/2100 11:16
4585,0,0,0,0,0,0,0,4/1/2100 11:16
4586,0,0,0,0,0,0,0,4/1/2100 11:16
4587,0,0,0,0,0,0,0,4/1/2100 11:16
4588,0,0,0,0,0,0,0,4/1/2100 11:16
4589,0,0,0,0,0,0,0,4/1/2100 11:16
4590,0,0,0,0,0,0,0,4/1/2100 11:16
4591,0,0,0,0,0,0,0,4/1/2100 11:16
4592,0,0,0,0,0,0,0,4/1/2100 11:16
4593,0,0,0,0,0,0,0,4/1/2100 11:16
4594,0,0,0,0,0,0,0,4/1/2100 11:16
4595,0,0,0,0,0,0,0,4/1/2100 11:16
4596,0,0,0,0,0,0,0,4/1/2100 11:16
4597,0,0,0,0,0,0,0,4/1/2100 11:16
4598,0,0,0,0,0,0,0,4/1/2100 11:16
4599,0,0,0,0,0,0,0,4/1/2100 11:16
4600,0,0,0,0,0,0,0,4/1/2100 11:16
4601,0,0,0,0,0,0,0,4/1/2100 11:16
4602,0,0,0,0,0,0,0,4/1/2100 11:16
4603,0,0,0,0,0,0,0,4/1/2100 11:16
4604,0,0,0,0,0,0,0,4/1/2100 11:16
4605,0,0,0,0,0,0,0,4/1/2100 11:16
4606,0,0,0,0,0,0,0,4/1/2100 11:16
4607,0,0,0,0,0,0,0,4/1/2100 11:16
4608,0,0,0,0,0,0,0,4/1/2100 11:16
4609,0,0,0,0,0,0,0,4/1/2100 11:16
4610,0,0,0,0,0,0,0,4/1/2100 11:16
4611,0,0,0,0,0,0,0,4/1/2100 11:16
4612,0,0,0,0,0,0,0,4/1/2100 11:16
4613,0,0,0,0,0,0,0,4/1/2100 11:16
4614,0,0,0,0,0,0,0,4/1/2100 11:16
4615,0,0,0,0,0,0,0,4/1/2100 11:16
4616,0,0,0,0,0,0,0,4/1/2100 11:16
4617,0,0,0,0,0,0,0,4/1/2100 11:16
4618,0,0,0,0,0,0,0,4/1/2100 11:16
4619,0,0,0,0,0,0,0,4/1/2100 11:16
4620,0,0,0,0,0,0,0,4/1/2100 11:16
4621,0,0,0,0,0,0,0,4/1/2100 11:17
4622,0,0,0,0,0,0,0,4/1/2100 11:17
4623,0,0,0,0,0,0,0,4/1/2100 11:17
4624,0,0,0,0,0,0,0,4/1/2100 11:17
4625,0,0,0,0,0,0,0,4/1/2100 11:17
4626,0,0,0,0,0,0,0,4/1/2100 11:17
4627,0,0,0,0,0,0,0,4/1/2100 11:17
4628,0,0,0,0,0,0,0,4/1/2100 11:17
4629,0,0,0,0,0,0,0,4/1/2100 11:17
4630,0,0,0,0,0,0,0,4/1/2100 11:17
4631,0,0,0,0,0,0,0,4/1/2100 11:17
4632,0,0,0,0,0,0,0,4/1/2100 11:17
4633,0,0,0,0,0,0,0,4/1/2100 11:17
4634,0,0,0,0,0,0,0,4/1/2100 11:17
4635,0,0,0,0,0,0,0,4/1/2100 11:17
4636,0,0,0,0,0,0,0,4/1/2100 11:17
4637,0,0,0,0,0,0,0,4/1/2100 11:17
4638,0,0,0,0,0,0,0,4/1/2100 11:17
4639,0,0,0,0,0,0,0,4/1/2100 11:17
4640,0,0,0,0,0,0,0,4/1/2100 11:17
4641,0,0,0,0,0,0,0,4/1/2100 11:17
4642,0,0,0,0,0,0,0,4/1/2100 11:17
4643,0,0,0,0,0,0,0,4/1/2100 11:17
4644,0,0,0,0,0,0,0,4/1/2100 11:17
4645,0,0,0,0,0,0,0,4/1/2100 11:17
4646,0,0,0,0,0,0,0,4/1/2100 11:17
4647,0,0,0,0,0,0,0,4/1/2100 11:17
4648,0,0,0,0,0,0,0,4/1/2100 11:17
4649,0,0,0,0,0,0,0,4/1/2100 11:17
4650,0,0,0,0,0,0,0,4/1/2100 11:17
4651,0,0,0,0,0,0,0,4/1/2100 11:17
4652,0,0,0,0,0,0,0,4/1/2100 11:17
4653,0,0,0,0,0,0,0,4/1/2100 11:17
4654,0,0,0,0,0,0,0,4/1/2100 11:17
4655,0,0,0,0,0,0,0,4/1/2100 11:17
4656,0,0,0,0,0,0,0,4/1/2100 11:17
4657,0,0,0,0,0,0,0,4/1/2100 11:17
4658,0,0,0,0,0,0,0,4/1/2100 11:17
4659,0,0,0,0,0,0,0,4/1/2100 11:17
4660,0,0,0,0,0,0,0,4/1/2100 11:17
4661,0,0,0,0,0,0,0,4/1/2100 11:17
4662,0,0,0,0,0,0,0,4/1/2100 11:17
4663,0,0,0,0,0,0,0,4/1/2100 11:17
4664,0,0,0,0,0,0,0,4/1/2100 11:17
4665,0,0,0,0,0,0,0,4/1/2100 11:17
4666,0,0,0,0,0,0,0,4/1/2100 11:17
4667,0,0,0,0,0,0,0,4/1/2100 11:17
4668,0,0,0,0,0,0,0,4/1/2100 11:17
4669,0,0,0,0,0,0,0,4/1/2100 11:17
4670,0,0,0,0,0,0,0,4/1/2100 11:17
4671,0,0,0,0,0,0,0,4/1/2100 11:17
4672,0,0,0,0,0,0,0,4/1/2100 11:17
4673,0,0,0,0,0,0,0,4/1/2100 11:17
4674,0,0,0,0,0,0,0,4/1/2100 11:17
4675,0,0,0,0,0,0,0,4/1/2100 11:17
4676,0,0,0,0,0,0,0,4/1/2100 11:17
4677,0,0,0,0,0,0,0,4/1/2100 11:17
4678,0,0,0,0,0,0,0,4/1/2100 11:17
4679,0,0,0,0,0,0,0,4/1/2100 11:17
4680,0,0,0,0,0,0,0,4/1/2100 11:17
4681,0,0,0,0,0,0,0,4/1/2100 11:18
4682,0,0,0,0,0,0,0,4/1/2100 11:18
4683,0,0,0,0,0,0,0,4/1/2100 11:18
4684,0,0,0,0,0,0,0,4/1/2100 11:18
4685,0,0,0,0,0,0,0,4/1/2100 11:18
4686,0,0,0,0,0,0,0,4/1/2100 11:18
4687,0,0,0,0,0,0,0,4/1/2100 11:18
4688,0,0,0,0,0,0,0,4/1/2100 11:18
4689,0,0,0,0,0,0,0,4/1/2100 11:18
4690,0,0,0,0,0,0,0,4/1/2100 11:18
4691,0,0,0,0,0,0,0,4/1/2100 11:18
4692,0,0,0,0,0,0,0,4/1/2100 11:18
4693,0,0,0,0,0,0,0,4/1/2100 11:18
4694,0,0,0,0,0,0,0,4/1/2100 11:18
4695,0,0,0,0,0,0,0,4/1/2100 11:18
4696,0,0,0,0,0,0,0,4/1/2100 11:18
4697,0,0,0,0,0,0,0,4/1/2100 11:18
4698,0,0,0,0,0,0,0,4/1/2100 11:18
4699,0,0,0,0,0,0,0,4/1/2100 11:18
4700,0,0,0,0,0,0,0,4/1/2100 11:18
4701,0,0,0,0,0,0,0,4/1/2100 11:18
4702,0,0,0,0,0,0,0,4/1/2100 11:18
4703,0,0,0,0,0,0,0,4/1/2100 11:18
4704,0,0,0,0,0,0,0,4/1/2100 11:18
4705,0,0,0,0,0,0,0,4/1/2100 11:18
4706,0,0,0,0,0,0,0,4/1/2100 11:18
4707,0,0,0,0,0,0,0,4/1/2100 11:18
4708,0,0,0,0,0,0,0,4/1/2100 11:18
4709,0,0,0,0,0,0,0,4/1/2100 11:18
4710,0,0,0,0,0,0,0,4/1/2100 11:18
4711,0,0,0,0,0,0,0,4/1/2100 11:18
4712,0,0,0,0,0,0,0,4/1/2100 11:18
4713,0,0,0,0,0,0,0,4/1/2100 11:18
4714,0,0,0,0,0,0,0,4/1/2100 11:18
4715,0,0,0,0,0,0,0,4/1/2100 11:18
4716,0,0,0,0,0,0,0,4/1/2100 11:18
4717,0,0,0,0,0,0,0,4/1/2100 11:18
4718,0,0,0,0,0,0,0,4/1/2100 11:18
4719,0,0,0,0,0,0,0,4/1/2100 11:18
4720,0,0,0,0,0,0,0,4/1/2100 11:18
4721,0,0,0,0,0,0,0,4/1/2100 11:18
4722,0,0,0,0,0,0,0,4/1/2100 11:18
4723,0,0,0,0,0,0,0,4/1/2100 11:18
4724,0,0,0,0,0,0,0,4/1/2100 11:18
4725,0,0,0,0,0,0,0,4/1/2100 11:18
4726,0,0,0,0,0,0,0,4/1/2100 11:18
4727,0,0,0,0,0,0,0,4/1/2100 11:18
4728,0,0,0,0,0,0,0,4/1/2100 11:18
4729,0,0,0,0,0,0,0,4/1/2100 11:18
4730,0,0,0,0,0,0,0,4/1/2100 11:18
4731,0,0,0,0,0,0,0,4/1/2100 11:18
4732,0,0,0,0,0,0,0,4/1/2100 11:18
4733,0,0,0,0,0,0,0,4/1/2100 11:18
4734,0,0,0,0,0,0,0,4/1/2100 11:18
4735,0,0,0,0,0,0,0,4/1/2100 11:18
4736,0,0,0,0,0,0,0,4/1/2100 11:18
4737,0,0,0,0,0,0,0,4/1/2100 11:18
4738,0,0,0,0,0,0,0,4/1/2100 11:18
4739,0,0,0,0,0,0,0,4/1/2100 11:18
4740,0,0,0,0,0,0,0,4/1/2100 11:18
4741,0,0,0,0,0,0,0,4/1/2100 11:19
4742,0,0,0,0,0,0,0,4/1/2100 11:19
4743,0,0,0,0,0,0,0,4/1/2100 11:19
4744,0,0,0,0,0,0,0,4/1/2100 11:19
4745,0,0,0,0,0,0,0,4/1/2100 11:19
4746,0,0,0,0,0,0,0,4/1/2100 11:19
4747,0,0,0,0,0,0,0,4/1/2100 11:19
4748,0,0,0,0,0,0,0,4/1/2100 11:19
4749,0,0,0,0,0,0,0,4/1/2100 11:19
4750,0,0,0,0,0,0,0,4/1/2100 11:19
4751,0,0,0,0,0,0,0,4/1/2100 11:19
4752,0,0,0,0,0,0,0,4/1/2100 11:19
4753,0,0,0,0,0,0,0,4/1/2100 11:19
4754,0,0,0,0,0,0,0,4/1/2100 11:19
4755,0,0,0,0,0,0,0,4/1/2100 11:19
4756,0,0,0,0,0,0,0,4/1/2100 11:19
4757,0,0,0,0,0,0,0,4/1/2100 11:19
4758,0,0,0,0,0,0,0,4/1/2100 11:19
4759,0,0,0,0,0,0,0,4/1/2100 11:19
4760,0,0,0,0,0,0,0,4/1/2100 11:19
4761,0,0,0,0,0,0,0,4/1/2100 11:19
4762,0,0,0,0,0,0,0,4/1/2100 11:19
4763,0,0,0,0,0,0,0,4/1/2100 11:19
4764,0,0,0,0,0,0,0,4/1/2100 11:19
4765,0,0,0,0,0,0,0,4/1/2100 11:19
4766,0,0,0,0,0,0,0,4/1/2100 11:19
4767,0,0,0,0,0,0,0,4/1/2100 11:19
4768,0,0,0,0,0,0,0,4/1/2100 11:19
4769,0,0,0,0,0,0,0,4/1/2100 11:19
4770,0,0,0,0,0,0,0,4/1/2100 11:19
4771,0,0,0,0,0,0,0,4/1/2100 11:19
4772,0,0,0,0,0,0,0,4/1/2100 11:19
4773,0,0,0,0,0,0,0,4/1/2100 11:19
4774,0,0,0,0,0,0,0,4/1/2100 11:19
4775,0,0,0,0,0,0,0,4/1/2100 11:19
4776,0,0,0,0,0,0,0,4/1/2100 11:19
4777,0,0,0,0,0,0,0,4/1/2100 11:19
4778,0,0,0,0,0,0,0,4/1/2100 11:19
4779,0,0,0,0,0,0,0,4/1/2100 11:19
4780,0,0,0,0,0,0,0,4/1/2100 11:19
4781,0,0,0,0,0,0,0,4/1/2100 11:19
4782,0,0,0,0,0,0,0,4/1/2100 11:19
4783,0,0,0,0,0,0,0,4/1/2100 11:19
4784,0,0,0,0,0,0,0,4/1/2100 11:19
4785,0,0,0,0,0,0,0,4/1/2100 11:19
4786,0,0,0,0,0,0,0,4/1/2100 11:19
4787,0,0,0,0,0,0,0,4/1/2100 11:19
4788,0,0,0,0,0,0,0,4/1/2100 11:19
4789,0,0,0,0,0,0,0,4/1/2100 11:19
4790,0,0,0,0,0,0,0,4/1/2100 11:19
4791,0,0,0,0,0,0,0,4/1/2100 11:19
4792,0,0,0,0,0,0,0,4/1/2100 11:19
4793,0,0,0,0,0,0,0,4/1/2100 11:19
4794,0,0,0,0,0,0,0,4/1/2100 11:19
4795,0,0,0,0,0,0,0,4/1/2100 11:19
4796,0,0,0,0,0,0,0,4/1/2100 11:19
4797,0,0,0,0,0,0,0,4/1/2100 11:19
4798,0,0,0,0,0,0,0,4/1/2100 11:19
4799,0,0,0,0,0,0,0,4/1/2100 11:19
4800,0,0,0,0,0,0,0,4/1/2100 11:19
4801,0,0,0,0,0,0,0,4/1/2100 11:20
4802,0,0,0,0,0,0,0,4/1/2100 11:20
4803,0,0,0,0,0,0,0,4/1/2100 11:20
4804,0,0,0,0,0,0,0,4/1/2100 11:20
4805,0,0,0,0,0,0,0,4/1/2100 11:20
4806,0,0,0,0,0,0,0,4/1/2100 11:20
4807,0,0,0,0,0,0,0,4/1/2100 11:20
4808,0,0,0,0,0,0,0,4/1/2100 11:20
4809,0,0,0,0,0,0,0,4/1/2100 11:20
4810,0,0,0,0,0,0,0,4/1/2100 11:20
4811,0,0,0,0,0,0,0,4/1/2100 11:20
4812,0,0,0,0,0,0,0,4/1/2100 11:20
4813,0,0,0,0,0,0,0,4/1/2100 11:20
4814,0,0,0,0,0,0,0,4/1/2100 11:20
4815,0,0,0,0,0,0,0,4/1/2100 11:20
4816,0,0,0,0,0,0,0,4/1/2100 11:20
4817,0,0,0,0,0,0,0,4/1/2100 11:20
4818,0,0,0,0,0,0,0,4/1/2100 11:20
4819,0,0,0,0,0,0,0,4/1/2100 11:20
4820,0,0,0,0,0,0,0,4/1/2100 11:20
4821,0,0,0,0,0,0,0,4/1/2100 11:20
4822,0,0,0,0,0,0,0,4/1/2100 11:20
4823,0,0,0,0,0,0,0,4/1/2100 11:20
4824,0,0,0,0,0,0,0,4/1/2100 11:20
4825,0,0,0,0,0,0,0,4/1/2100 11:20
4826,0,0,0,0,0,0,0,4/1/2100 11:20
4827,0,0,0,0,0,0,0,4/1/2100 11:20
4828,0,0,0,0,0,0,0,4/1/2100 11:20
4829,0,0,0,0,0,0,0,4/1/2100 11:20
4830,0,0,0,0,0,0,0,4/1/2100 11:20
4831,0,0,0,0,0,0,0,4/1/2100 11:20
4832,0,0,0,0,0,0,0,4/1/2100 11:20
4833,0,0,0,0,0,0,0,4/1/2100 11:20
4834,0,0,0,0,0,0,0,4/1/2100 11:20
4835,0,0,0,0,0,0,0,4/1/2100 11:20
4836,0,0,0,0,0,0,0,4/1/2100 11:20
4837,0,0,0,0,0,0,0,4/1/2100 11:20
4838,0,0,0,0,0,0,0,4/1/2100 11:20
4839,0,0,0,0,0,0,0,4/1/2100 11:20
4840,0,0,0,0,0,0,0,4/1/2100 11:20
4841,0,0,0,0,0,0,0,4/1/2100 11:20
4842,0,0,0,0,0,0,0,4/1/2100 11:20
4843,0,0,0,0,0,0,0,4/1/2100 11:20
4844,0,0,0,0,0,0,0,4/1/2100 11:20
4845,0,0,0,0,0,0,0,4/1/2100 11:20
4846,0,0,0,0,0,0,0,4/1/2100 11:20
4847,0,0,0,0,0,0,0,4/1/2100 11:20
4848,0,0,0,0,0,0,0,4/1/2100 11:20
4849,0,0,0,0,0,0,0,4/1/2100 11:20
4850,0,0,0,0,0,0,0,4/1/2100 11:20
4851,0,0,0,0,0,0,0,4/1/2100 11:20
4852,0,0,0,0,0,0,0,4/1/2100 11:20
4853,0,0,0,0,0,0,0,4/1/2100 11:20
4854,0,0,0,0,0,0,0,4/1/2100 11:20
4855,0,0,0,0,0,0,0,4/1/2100 11:20
4856,0,0,0,0,0,0,0,4/1/2100 11:20
4857,0,0,0,0,0,0,0,4/1/2100 11:20
4858,0,0,0,0,0,0,0,4/1/2100 11:20
4859,0,0,0,0,0,0,0,4/1/2100 11:20
4860,0,0,0,0,0,0,0,4/1/2100 11:20
4861,0,0,0,0,0,0,0,4/1/2100 11:21
4862,0,0,0,0,0,0,0,4/1/2100 11:21
4863,0,0,0,0,0,0,0,4/1/2100 11:21
4864,0,0,0,0,0,0,0,4/1/2100 11:21
4865,0,0,0,0,0,0,0,4/1/2100 11:21
4866,0,0,0,0,0,0,0,4/1/2100 11:21
4867,0,0,0,0,0,0,0,4/1/2100 11:21
4868,0,0,0,0,0,0,0,4/1/2100 11:21
4869,0,0,0,0,0,0,0,4/1/2100 11:21
4870,0,0,0,0,0,0,0,4/1/2100 11:21
4871,0,0,0,0,0,0,0,4/1/2100 11:21
4872,0,0,0,0,0,0,0,4/1/2100 11:21
4873,0,0,0,0,0,0,0,4/1/2100 11:21
4874,0,0,0,0,0,0,0,4/1/2100 11:21
4875,0,0,0,0,0,0,0,4/1/2100 11:21
4876,0,0,0,0,0,0,0,4/1/2100 11:21
4877,0,0,0,0,0,0,0,4/1/2100 11:21
4878,0,0,0,0,0,0,0,4/1/2100 11:21
4879,0,0,0,0,0,0,0,4/1/2100 11:21
4880,0,0,0,0,0,0,0,4/1/2100 11:21
4881,0,0,0,0,0,0,0,4/1/2100 11:21
4882,0,0,0,0,0,0,0,4/1/2100 11:21
4883,0,0,0,0,0,0,0,4/1/2100 11:21
4884,0,0,0,0,0,0,0,4/1/2100 11:21
4885,0,0,0,0,0,0,0,4/1/2100 11:21
4886,0,0,0,0,0,0,0,4/1/2100 11:21
4887,0,0,0,0,0,0,0,4/1/2100 11:21
4888,0,0,0,0,0,0,0,4/1/2100 11:21
4889,0,0,0,0,0,0,0,4/1/2100 11:21
4890,0,0,0,0,0,0,0,4/1/2100 11:21
4891,0,0,0,0,0,0,0,4/1/2100 11:21
4892,0,0,0,0,0,0,0,4/1/2100 11:21
4893,0,0,0,0,0,0,0,4/1/2100 11:21
4894,0,0,0,0,0,0,0,4/1/2100 11:21
4895,0,0,0,0,0,0,0,4/1/2100 11:21
4896,0,0,0,0,0,0,0,4/1/2100 11:21
4897,0,0,0,0,0,0,0,4/1/2100 11:21
4898,0,0,0,0,0,0,0,4/1/2100 11:21
4899,0,0,0,0,0,0,0,4/1/2100 11:21
4900,0,0,0,0,0,0,0,4/1/2100 11:21
4901,0,0,0,0,0,0,0,4/1/2100 11:21
4902,0,0,0,0,0,0,0,4/1/2100 11:21
4903,0,0,0,0,0,0,0,4/1/2100 11:21
4904,0,0,0,0,0,0,0,4/1/2100 11:21
4905,0,0,0,0,0,0,0,4/1/2100 11:21
4906,0,0,0,0,0,0,0,4/1/2100 11:21
4907,0,0,0,0,0,0,0,4/1/2100 11:21
4908,0,0,0,0,0,0,0,4/1/2100 11:21
4909,0,0,0,0,0,0,0,4/1/2100 11:21
4910,0,0,0,0,0,0,0,4/1/2100 11:21
4911,0,0,0,0,0,0,0,4/1/2100 11:21
4912,0,0,0,0,0,0,0,4/1/2100 11:21
4913,0,0,0,0,0,0,0,4/1/2100 11:21
4914,0,0,0,0,0,0,0,4/1/2100 11:21
4915,0,0,0,0,0,0,0,4/1/2100 11:21
4916,0,0,0,0,0,0,0,4/1/2100 11:21
4917,0,0,0,0,0,0,0,4/1/2100 11:21
4918,0,0,0,0,0,0,0,4/1/2100 11:21
4919,0,0,0,0,0,0,0,4/1/2100 11:21
4920,0,0,0,0,0,0,0,4/1/2100 11:21
4921,0,0,0,0,0,0,0,4/1/2100 11:22
4922,0,0,0,0,0,0,0,4/1/2100 11:22
4923,0,0,0,0,0,0,0,4/1/2100 11:22
4924,0,0,0,0,0,0,0,4/1/2100 11:22
4925,0,0,0,0,0,0,0,4/1/2100 11:22
4926,0,0,0,0,0,0,0,4/1/2100 11:22
4927,0,0,0,0,0,0,0,4/1/2100 11:22
4928,0,0,0,0,0,0,0,4/1/2100 11:22
4929,0,0,0,0,0,0,0,4/1/2100 11:22
4930,0,0,0,0,0,0,0,4/1/2100 11:22
4931,0,0,0,0,0,0,0,4/1/2100 11:22
4932,0,0,0,0,0,0,0,4/1/2100 11:22
4933,0,0,0,0,0,0,0,4/1/2100 11:22
4934,0,0,0,0,0,0,0,4/1/2100 11:22
4935,0,0,0,0,0,0,0,4/1/2100 11:22
4936,0,0,0,0,0,0,0,4/1/2100 11:22
4937,0,0,0,0,0,0,0,4/1/2100 11:22
4938,0,0,0,0,0,0,0,4/1/2100 11:22
4939,0,0,0,0,0,0,0,4/1/2100 11:22
4940,0,0,0,0,0,0,0,4/1/2100 11:22
4941,0,0,0,0,0,0,0,4/1/2100 11:22
4942,0,0,0,0,0,0,0,4/1/2100 11:22
4943,0,0,0,0,0,0,0,4/1/2100 11:22
4944,0,0,0,0,0,0,0,4/1/2100 11:22
4945,0,0,0,0,0,0,0,4/1/2100 11:22
4946,0,0,0,0,0,0,0,4/1/2100 11:22
4947,0,0,0,0,0,0,0,4/1/2100 11:22
4948,0,0,0,0,0,0,0,4/1/2100 11:22
4949,0,0,0,0,0,0,0,4/1/2100 11:22
4950,0,0,0,0,0,0,0,4/1/2100 11:22
4951,0,0,0,0,0,0,0,4/1/2100 11:22
4952,0,0,0,0,0,0,0,4/1/2100 11:22
4953,0,0,0,0,0,0,0,4/1/2100 11:22
4954,0,0,0,0,0,0,0,4/1/2100 11:22
4955,0,0,0,0,0,0,0,4/1/2100 11:22
4956,0,0,0,0,0,0,0,4/1/2100 11:22
4957,0,0,0,0,0,0,0,4/1/2100 11:22
4958,0,0,0,0,0,0,0,4/1/2100 11:22
4959,0,0,0,0,0,0,0,4/1/2100 11:22
4960,0,0,0,0,0,0,0,4/1/2100 11:22
4961,0,0,0,0,0,0,0,4/1/2100 11:22
4962,0,0,0,0,0,0,0,4/1/2100 11:22
4963,0,0,0,0,0,0,0,4/1/2100 11:22
4964,0,0,0,0,0,0,0,4/1/2100 11:22
4965,0,0,0,0,0,0,0,4/1/2100 11:22
4966,0,0,0,0,0,0,0,4/1/2100 11:22
4967,0,0,0,0,0,0,0,4/1/2100 11:22
4968,0,0,0,0,0,0,0,4/1/2100 11:22
4969,0,0,0,0,0,0,0,4/1/2100 11:22
4970,0,0,0,0,0,0,0,4/1/2100 11:22
4971,0,0,0,0,0,0,0,4/1/2100 11:22
4972,0,0,0,0,0,0,0,4/1/2100 11:22
4973,0,0,0,0,0,0,0,4/1/2100 11:22
4974,0,0,0,0,0,0,0,4/1/2100 11:22
4975,0,0,0,0,0,0,0,4/1/2100 11:22
4976,0,0,0,0,0,0,0,4/1/2100 11:22
4977,0,0,0,0,0,0,0,4/1/2100 11:22
4978,0,0,0,0,0,0,0,4/1/2100 11:22
4979,0,0,0,0,0,0,0,4/1/2100 11:22
4980,0,0,0,0,0,0,0,4/1/2100 11:22
4981,0,0,0,0,0,0,0,4/1/2100 11:23
4982,0,0,0,0,0,0,0,4/1/2100 11:23
4983,0,0,0,0,0,0,0,4/1/2100 11:23
4984,0,0,0,0,0,0,0,4/1/2100 11:23
4985,0,0,0,0,0,0,0,4/1/2100 11:23
4986,0,0,0,0,0,0,0,4/1/2100 11:23
4987,0,0,0,0,0,0,0,4/1/2100 11:23
4988,0,0,0,0,0,0,0,4/1/2100 11:23
4989,0,0,0,0,0,0,0,4/1/2100 11:23
4990,0,0,0,0,0,0,0,4/1/2100 11:23
4991,0,0,0,0,0,0,0,4/1/2100 11:23
4992,0,0,0,0,0,0,0,4/1/2100 11:23
4993,0,0,0,0,0,0,0,4/1/2100 11:23
4994,0,0,0,0,0,0,0,4/1/2100 11:23
4995,0,0,0,0,0,0,0,4/1/2100 11:23
4996,0,0,0,0,0,0,0,4/1/2100 11:23
4997,0,0,0,0,0,0,0,4/1/2100 11:23
4998,0,0,0,0,0,0,0,4/1/2100 11:23
4999,0,0,0,0,0,0,0,4/1/2100 11:23
5000,0,0,0,0,0,0,0,4/1/2100 11:23
5001,0,0,0,0,0,0,0,4/1/2100 11:23
5002,0,0,0,0,0,0,0,4/1/2100 11:23
5003,0,0,0,0,0,0,0,4/1/2100 11:23
5004,0,0,0,0,0,0,0,4/1/2100 11:23
5005,0,0,0,0,0,0,0,4/1/2100 11:23
5006,0,0,0,0,0,0,0,4/1/2100 11:23
5007,0,0,0,0,0,0,0,4/1/2100 11:23
5008,0,0,0,0,0,0,0,4/1/2100 11:23
5009,0,0,0,0,0,0,0,4/1/2100 11:23
5010,0,0,0,0,0,0,0,4/1/2100 11:23
5011,0,0,0,0,0,0,0,4/1/2100 11:23
5012,0,0,0,0,0,0,0,4/1/2100 11:23
5013,0,0,0,0,0,0,0,4/1/2100 11:23
5014,0,0,0,0,0,0,0,4/1/2100 11:23
5015,0,0,0,0,0,0,0,4/1/2100 11:23
5016,0,0,0,0,0,0,0,4/1/2100 11:23
5017,0,0,0,0,0,0,0,4/1/2100 11:23
5018,0,0,0,0,0,0,0,4/1/2100 11:23
5019,0,0,0,0,0,0,0,4/1/2100 11:23
5020,0,0,0,0,0,0,0,4/1/2100 11:23
5021,0,0,0,0,0,0,0,4/1/2100 11:23
5022,0,0,0,0,0,0,0,4/1/2100 11:23
5023,0,0,0,0,0,0,0,4/1/2100 11:23
5024,0,0,0,0,0,0,0,4/1/2100 11:23
5025,0,0,0,0,0,0,0,4/1/2100 11:23
5026,0,0,0,0,0,0,0,4/1/2100 11:23
5027,0,0,0,0,0,0,0,4/1/2100 11:23
5028,0,0,0,0,0,0,0,4/1/2100 11:23
5029,0,0,0,0,0,0,0,4/1/2100 11:23
5030,0,0,0,0,0,0,0,4/1/2100 11:23
5031,0,0,0,0,0,0,0,4/1/2100 11:23
5032,0,0,0,0,0,0,0,4/1/2100 11:23
5033,0,0,0,0,0,0,0,4/1/2100 11:23
5034,0,0,0,0,0,0,0,4/1/2100 11:23
5035,0,0,0,0,0,0,0,4/1/2100 11:23
5036,0,0,0,0,0,0,0,4/1/2100 11:23
5037,0,0,0,0,0,0,0,4/1/2100 11:23
5038,0,0,0,0,0,0,0,4/1/2100 11:23
5039,0,0,0,0,0,0,0,4/1/2100 11:23
5040,0,0,0,0,0,0,0,4/1/2100 11:23
5041,0,0,0,0,0,0,0,4/1/2100 11:24
5042,0,0,0,0,0,0,0,4/1/2100 11:24
5043,0,0,0,0,0,0,0,4/1/2100 11:24
5044,0,0,0,0,0,0,0,4/1/2100 11:24
5045,0,0,0,0,0,0,0,4/1/2100 11:24
5046,0,0,0,0,0,0,0,4/1/2100 11:24
5047,0,0,0,0,0,0,0,4/1/2100 11:24
5048,0,0,0,0,0,0,0,4/1/2100 11:24
5049,0,0,0,0,0,0,0,4/1/2100 11:24
5050,0,0,0,0,0,0,0,4/1/2100 11:24
5051,0,0,0,0,0,0,0,4/1/2100 11:24
5052,0,0,0,0,0,0,0,4/1/2100 11:24
5053,0,0,0,0,0,0,0,4/1/2100 11:24
5054,0,0,0,0,0,0,0,4/1/2100 11:24
5055,0,0,0,0,0,0,0,4/1/2100 11:24
5056,0,0,0,0,0,0,0,4/1/2100 11:24
5057,0,0,0,0,0,0,0,4/1/2100 11:24
5058,0,0,0,0,0,0,0,4/1/2100 11:24
5059,0,0,0,0,0,0,0,4/1/2100 11:24
5060,0,0,0,0,0,0,0,4/1/2100 11:24
5061,0,0,0,0,0,0,0,4/1/2100 11:24
5062,0,0,0,0,0,0,0,4/1/2100 11:24
5063,0,0,0,0,0,0,0,4/1/2100 11:24
5064,0,0,0,0,0,0,0,4/1/2100 11:24
5065,0,0,0,0,0,0,0,4/1/2100 11:24
5066,0,0,0,0,0,0,0,4/1/2100 11:24
5067,0,0,0,0,0,0,0,4/1/2100 11:24
5068,0,0,0,0,0,0,0,4/1/2100 11:24
5069,0,0,0,0,0,0,0,4/1/2100 11:24
5070,0,0,0,0,0,0,0,4/1/2100 11:24
5071,0,0,0,0,0,0,0,4/1/2100 11:24
5072,0,0,0,0,0,0,0,4/1/2100 11:24
5073,0,0,0,0,0,0,0,4/1/2100 11:24
5074,0,0,0,0,0,0,0,4/1/2100 11:24
5075,0,0,0,0,0,0,0,4/1/2100 11:24
5076,0,0,0,0,0,0,0,4/1/2100 11:24
5077,0,0,0,0,0,0,0,4/1/2100 11:24
5078,0,0,0,0,0,0,0,4/1/2100 11:24
5079,0,0,0,0,0,0,0,4/1/2100 11:24
5080,0,0,0,0,0,0,0,4/1/2100 11:24
5081,0,0,0,0,0,0,0,4/1/2100 11:24
5082,0,0,0,0,0,0,0,4/1/2100 11:24
5083,0,0,0,0,0,0,0,4/1/2100 11:24
5084,0,0,0,0,0,0,0,4/1/2100 11:24
5085,0,0,0,0,0,0,0,4/1/2100 11:24
5086,0,0,0,0,0,0,0,4/1/2100 11:24
5087,0,0,0,0,0,0,0,4/1/2100 11:24
5088,0,0,0,0,0,0,0,4/1/2100 11:24
5089,0,0,0,0,0,0,0,4/1/2100 11:24
5090,0,0,0,0,0,0,0,4/1/2100 11:24
5091,0,0,0,0,0,0,0,4/1/2100 11:24
5092,0,0,0,0,0,0,0,4/1/2100 11:24
5093,0,0,0,0,0,0,0,4/1/2100 11:24
5094,0,0,0,0,0,0,0,4/1/2100 11:24
5095,0,0,0,0,0,0,0,4/1/2100 11:24
5096,0,0,0,0,0,0,0,4/1/2100 11:24
5097,0,0,0,0,0,0,0,4/1/2100 11:24
5098,0,0,0,0,0,0,0,4/1/2100 11:24
5099,0,0,0,0,0,0,0,4/1/2100 11:24
5100,0,0,0,0,0,0,0,4/1/2100 11:24
5101,0,0,0,0,0,0,0,4/1/2100 11:25
5102,0,0,0,0,0,0,0,4/1/2100 11:25
5103,0,0,0,0,0,0,0,4/1/2100 11:25
5104,0,0,0,0,0,0,0,4/1/2100 11:25
5105,0,0,0,0,0,0,0,4/1/2100 11:25
5106,0,0,0,0,0,0,0,4/1/2100 11:25
5107,0,0,0,0,0,0,0,4/1/2100 11:25
5108,0,0,0,0,0,0,0,4/1/2100 11:25
5109,0,0,0,0,0,0,0,4/1/2100 11:25
5110,0,0,0,0,0,0,0,4/1/2100 11:25
5111,0,0,0,0,0,0,0,4/1/2100 11:25
5112,0,0,0,0,0,0,0,4/1/2100 11:25
5113,0,0,0,0,0,0,0,4/1/2100 11:25
5114,0,0,0,0,0,0,0,4/1/2100 11:25
5115,0,0,0,0,0,0,0,4/1/2100 11:25
5116,0,0,0,0,0,0,0,4/1/2100 11:25
5117,0,0,0,0,0,0,0,4/1/2100 11:25
5118,0,0,0,0,0,0,0,4/1/2100 11:25
5119,0,0,0,0,0,0,0,4/1/2100 11:25
5120,0,0,0,0,0,0,0,4/1/2100 11:25
5121,0,0,0,0,0,0,0,4/1/2100 11:25
5122,0,0,0,0,0,0,0,4/1/2100 11:25
5123,0,0,0,0,0,0,0,4/1/2100 11:25
5124,0,0,0,0,0,0,0,4/1/2100 11:25
5125,0,0,0,0,0,0,0,4/1/2100 11:25
5126,0,0,0,0,0,0,0,4/1/2100 11:25
5127,0,0,0,0,0,0,0,4/1/2100 11:25
5128,0,0,0,0,0,0,0,4/1/2100 11:25
5129,0,0,0,0,0,0,0,4/1/2100 11:25
5130,0,0,0,0,0,0,0,4/1/2100 11:25
5131,0,0,0,0,0,0,0,4/1/2100 11:25
5132,0,0,0,0,0,0,0,4/1/2100 11:25
5133,0,0,0,0,0,0,0,4/1/2100 11:25
5134,0,0,0,0,0,0,0,4/1/2100 11:25
5135,0,0,0,0,0,0,0,4/1/2100 11:25
5136,0,0,0,0,0,0,0,4/1/2100 11:25
5137,0,0,0,0,0,0,0,4/1/2100 11:25
5138,0,0,0,0,0,0,0,4/1/2100 11:25
5139,0,0,0,0,0,0,0,4/1/2100 11:25
5140,0,0,0,0,0,0,0,4/1/2100 11:25
5141,0,0,0,0,0,0,0,4/1/2100 11:25
5142,0,0,0,0,0,0,0,4/1/2100 11:25
5143,0,0,0,0,0,0,0,4/1/2100 11:25
5144,0,0,0,0,0,0,0,4/1/2100 11:25
5145,0,0,0,0,0,0,0,4/1/2100 11:25
5146,0,0,0,0,0,0,0,4/1/2100 11:25
5147,0,0,0,0,0,0,0,4/1/2100 11:25
5148,0,0,0,0,0,0,0,4/1/2100 11:25
5149,0,0,0,0,0,0,0,4/1/2100 11:25
5150,0,0,0,0,0,0,0,4/1/2100 11:25
5151,0,0,0,0,0,0,0,4/1/2100 11:25
5152,0,0,0,0,0,0,0,4/1/2100 11:25
5153,0,0,0,0,0,0,0,4/1/2100 11:25
5154,0,0,0,0,0,0,0,4/1/2100 11:25
5155,0,0,0,0,0,0,0,4/1/2100 11:25
5156,0,0,0,0,0,0,0,4/1/2100 11:25
5157,0,0,0,0,0,0,0,4/1/2100 11:25
5158,0,0,0,0,0,0,0,4/1/2100 11:25
5159,0,0,0,0,0,0,0,4/1/2100 11:25
5160,0,0,0,0,0,0,0,4/1/2100 11:25
5161,0,0,0,0,0,0,0,4/1/2100 11:26
5162,0,0,0,0,0,0,0,4/1/2100 11:26
5163,0,0,0,0,0,0,0,4/1/2100 11:26
5164,0,0,0,0,0,0,0,4/1/2100 11:26
5165,0,0,0,0,0,0,0,4/1/2100 11:26
5166,0,0,0,0,0,0,0,4/1/2100 11:26
5167,0,0,0,0,0,0,0,4/1/2100 11:26
5168,0,0,0,0,0,0,0,4/1/2100 11:26
5169,0,0,0,0,0,0,0,4/1/2100 11:26
5170,0,0,0,0,0,0,0,4/1/2100 11:26
5171,0,0,0,0,0,0,0,4/1/2100 11:26
5172,0,0,0,0,0,0,0,4/1/2100 11:26
5173,0,0,0,0,0,0,0,4/1/2100 11:26
5174,0,0,0,0,0,0,0,4/1/2100 11:26
5175,0,0,0,0,0,0,0,4/1/2100 11:26
5176,0,0,0,0,0,0,0,4/1/2100 11:26
5177,0,0,0,0,0,0,0,4/1/2100 11:26
5178,0,0,0,0,0,0,0,4/1/2100 11:26
5179,0,0,0,0,0,0,0,4/1/2100 11:26
5180,0,0,0,0,0,0,0,4/1/2100 11:26
5181,0,0,0,0,0,0,0,4/1/2100 11:26
5182,0,0,0,0,0,0,0,4/1/2100 11:26
5183,0,0,0,0,0,0,0,4/1/2100 11:26
5184,0,0,0,0,0,0,0,4/1/2100 11:26
5185,0,0,0,0,0,0,0,4/1/2100 11:26
5186,0,0,0,0,0,0,0,4/1/2100 11:26
5187,0,0,0,0,0,0,0,4/1/2100 11:26
5188,0,0,0,0,0,0,0,4/1/2100 11:26
5189,0,0,0,0,0,0,0,4/1/2100 11:26
5190,0,0,0,0,0,0,0,4/1/2100 11:26
5191,0,0,0,0,0,0,0,4/1/2100 11:26
5192,0,0,0,0,0,0,0,4/1/2100 11:26
5193,0,0,0,0,0,0,0,4/1/2100 11:26
5194,0,0,0,0,0,0,0,4/1/2100 11:26
5195,0,0,0,0,0,0,0,4/1/2100 11:26
5196,0,0,0,0,0,0,0,4/1/2100 11:26
5197,0,0,0,0,0,0,0,4/1/2100 11:26
5198,0,0,0,0,0,0,0,4/1/2100 11:26
5199,0,0,0,0,0,0,0,4/1/2100 11:26
5200,0,0,0,0,0,0,0,4/1/2100 11:26
5201,0,0,0,0,0,0,0,4/1/2100 11:26
5202,0,0,0,0,0,0,0,4/1/2100 11:26
5203,0,0,0,0,0,0,0,4/1/2100 11:26
5204,0,0,0,0,0,0,0,4/1/2100 11:26
5205,0,0,0,0,0,0,0,4/1/2100 11:26
5206,0,0,0,0,0,0,0,4/1/2100 11:26
5207,0,0,0,0,0,0,0,4/1/2100 11:26
5208,0,0,0,0,0,0,0,4/1/2100 11:26
5209,0,0,0,0,0,0,0,4/1/2100 11:26
5210,0,0,0,0,0,0,0,4/1/2100 11:26
5211,0,0,0,0,0,0,0,4/1/2100 11:26
5212,0,0,0,0,0,0,0,4/1/2100 11:26
5213,0,0,0,0,0,0,0,4/1/2100 11:26
5214,0,0,0,0,0,0,0,4/1/2100 11:26
5215,0,0,0,0,0,0,0,4/1/2100 11:26
5216,0,0,0,0,0,0,0,4/1/2100 11:26
5217,0,0,0,0,0,0,0,4/1/2100 11:26
5218,0,0,0,0,0,0,0,4/1/2100 11:26
5219,0,0,0,0,0,0,0,4/1/2100 11:26
5220,0,0,0,0,0,0,0,4/1/2100 11:26
5221,0,0,0,0,0,0,0,4/1/2100 11:27
5222,0,0,0,0,0,0,0,4/1/2100 11:27
5223,0,0,0,0,0,0,0,4/1/2100 11:27
5224,0,0,0,0,0,0,0,4/1/2100 11:27
5225,0,0,0,0,0,0,0,4/1/2100 11:27
5226,0,0,0,0,0,0,0,4/1/2100 11:27
5227,0,0,0,0,0,0,0,4/1/2100 11:27
5228,0,0,0,0,0,0,0,4/1/2100 11:27
5229,0,0,0,0,0,0,0,4/1/2100 11:27
5230,0,0,0,0,0,0,0,4/1/2100 11:27
5231,0,0,0,0,0,0,0,4/1/2100 11:27
5232,0,0,0,0,0,0,0,4/1/2100 11:27
5233,0,0,0,0,0,0,0,4/1/2100 11:27
5234,0,0,0,0,0,0,0,4/1/2100 11:27
5235,0,0,0,0,0,0,0,4/1/2100 11:27
5236,0,0,0,0,0,0,0,4/1/2100 11:27
5237,0,0,0,0,0,0,0,4/1/2100 11:27
5238,0,0,0,0,0,0,0,4/1/2100 11:27
5239,0,0,0,0,0,0,0,4/1/2100 11:27
5240,0,0,0,0,0,0,0,4/1/2100 11:27
5241,0,0,0,0,0,0,0,4/1/2100 11:27
5242,0,0,0,0,0,0,0,4/1/2100 11:27
5243,0,0,0,0,0,0,0,4/1/2100 11:27
5244,0,0,0,0,0,0,0,4/1/2100 11:27
5245,0,0,0,0,0,0,0,4/1/2100 11:27
5246,0,0,0,0,0,0,0,4/1/2100 11:27
5247,0,0,0,0,0,0,0,4/1/2100 11:27
5248,0,0,0,0,0,0,0,4/1/2100 11:27
5249,0,0,0,0,0,0,0,4/1/2100 11:27
5250,0,0,0,0,0,0,0,4/1/2100 11:27
5251,0,0,0,0,0,0,0,4/1/2100 11:27
5252,0,0,0,0,0,0,0,4/1/2100 11:27
5253,0,0,0,0,0,0,0,4/1/2100 11:27
5254,0,0,0,0,0,0,0,4/1/2100 11:27
5255,0,0,0,0,0,0,0,4/1/2100 11:27
5256,0,0,0,0,0,0,0,4/1/2100 11:27
5257,0,0,0,0,0,0,0,4/1/2100 11:27
5258,0,0,0,0,0,0,0,4/1/2100 11:27
5259,0,0,0,0,0,0,0,4/1/2100 11:27
5260,0,0,0,0,0,0,0,4/1/2100 11:27
5261,0,0,0,0,0,0,0,4/1/2100 11:27
5262,0,0,0,0,0,0,0,4/1/2100 11:27
5263,0,0,0,0,0,0,0,4/1/2100 11:27
5264,0,0,0,0,0,0,0,4/1/2100 11:27
5265,0,0,0,0,0,0,0,4/1/2100 11:27
5266,0,0,0,0,0,0,0,4/1/2100 11:27
5267,0,0,0,0,0,0,0,4/1/2100 11:27
5268,0,0,0,0,0,0,0,4/1/2100 11:27
5269,0,0,0,0,0,0,0,4/1/2100 11:27
5270,0,0,0,0,0,0,0,4/1/2100 11:27
5271,0,0,0,0,0,0,0,4/1/2100 11:27
5272,0,0,0,0,0,0,0,4/1/2100 11:27
5273,0,0,0,0,0,0,0,4/1/2100 11:27
5274,0,0,0,0,0,0,0,4/1/2100 11:27
5275,0,0,0,0,0,0,0,4/1/2100 11:27
5276,0,0,0,0,0,0,0,4/1/2100 11:27
5277,0,0,0,0,0,0,0,4/1/2100 11:27
5278,0,0,0,0,0,0,0,4/1/2100 11:27
5279,0,0,0,0,0,0,0,4/1/2100 11:27
5280,0,0,0,0,0,0,0,4/1/2100 11:27
5281,0,0,0,0,0,0,0,4/1/2100 11:28
5282,0,0,0,0,0,0,0,4/1/2100 11:28
5283,0,0,0,0,0,0,0,4/1/2100 11:28
5284,0,0,0,0,0,0,0,4/1/2100 11:28
5285,0,0,0,0,0,0,0,4/1/2100 11:28
5286,0,0,0,0,0,0,0,4/1/2100 11:28
5287,0,0,0,0,0,0,0,4/1/2100 11:28
5288,0,0,0,0,0,0,0,4/1/2100 11:28
5289,0,0,0,0,0,0,0,4/1/2100 11:28
5290,0,0,0,0,0,0,0,4/1/2100 11:28
5291,0,0,0,0,0,0,0,4/1/2100 11:28
5292,0,0,0,0,0,0,0,4/1/2100 11:28
5293,0,0,0,0,0,0,0,4/1/2100 11:28
5294,0,0,0,0,0,0,0,4/1/2100 11:28
5295,0,0,0,0,0,0,0,4/1/2100 11:28
5296,0,0,0,0,0,0,0,4/1/2100 11:28
5297,0,0,0,0,0,0,0,4/1/2100 11:28
5298,0,0,0,0,0,0,0,4/1/2100 11:28
5299,0,0,0,0,0,0,0,4/1/2100 11:28
5300,0,0,0,0,0,0,0,4/1/2100 11:28
5301,0,0,0,0,0,0,0,4/1/2100 11:28
5302,0,0,0,0,0,0,0,4/1/2100 11:28
5303,0,0,0,0,0,0,0,4/1/2100 11:28
5304,0,0,0,0,0,0,0,4/1/2100 11:28
5305,0,0,0,0,0,0,0,4/1/2100 11:28
5306,0,0,0,0,0,0,0,4/1/2100 11:28
5307,0,0,0,0,0,0,0,4/1/2100 11:28
5308,0,0,0,0,0,0,0,4/1/2100 11:28
5309,0,0,0,0,0,0,0,4/1/2100 11:28
5310,0,0,0,0,0,0,0,4/1/2100 11:28
5311,0,0,0,0,0,0,0,4/1/2100 11:28
5312,0,0,0,0,0,0,0,4/1/2100 11:28
5313,0,0,0,0,0,0,0,4/1/2100 11:28
5314,0,0,0,0,0,0,0,4/1/2100 11:28
5315,0,0,0,0,0,0,0,4/1/2100 11:28
5316,0,0,0,0,0,0,0,4/1/2100 11:28
5317,0,0,0,0,0,0,0,4/1/2100 11:28
5318,0,0,0,0,0,0,0,4/1/2100 11:28
5319,0,0,0,0,0,0,0,4/1/2100 11:28
5320,0,0,0,0,0,0,0,4/1/2100 11:28
5321,0,0,0,0,0,0,0,4/1/2100 11:28
5322,0,0,0,0,0,0,0,4/1/2100 11:28
5323,0,0,0,0,0,0,0,4/1/2100 11:28
5324,0,0,0,0,0,0,0,4/1/2100 11:28
5325,0,0,0,0,0,0,0,4/1/2100 11:28
5326,0,0,0,0,0,0,0,4/1/2100 11:28
5327,0,0,0,0,0,0,0,4/1/2100 11:28
5328,0,0,0,0,0,0,0,4/1/2100 11:28
5329,0,0,0,0,0,0,0,4/1/2100 11:28
5330,0,0,0,0,0,0,0,4/1/2100 11:28
5331,0,0,0,0,0,0,0,4/1/2100 11:28
5332,0,0,0,0,0,0,0,4/1/2100 11:28
5333,0,0,0,0,0,0,0,4/1/2100 11:28
5334,0,0,0,0,0,0,0,4/1/2100 11:28
5335,0,0,0,0,0,0,0,4/1/2100 11:28
5336,0,0,0,0,0,0,0,4/1/2100 11:28
5337,0,0,0,0,0,0,0,4/1/2100 11:28
5338,0,0,0,0,0,0,0,4/1/2100 11:28
5339,0,0,0,0,0,0,0,4/1/2100 11:28
5340,0,0,0,0,0,0,0,4/1/2100 11:28
5341,0,0,0,0,0,0,0,4/1/2100 11:29
5342,0,0,0,0,0,0,0,4/1/2100 11:29
5343,0,0,0,0,0,0,0,4/1/2100 11:29
5344,0,0,0,0,0,0,0,4/1/2100 11:29
5345,0,0,0,0,0,0,0,4/1/2100 11:29
5346,0,0,0,0,0,0,0,4/1/2100 11:29
5347,0,0,0,0,0,0,0,4/1/2100 11:29
5348,0,0,0,0,0,0,0,4/1/2100 11:29
5349,0,0,0,0,0,0,0,4/1/2100 11:29
5350,0,0,0,0,0,0,0,4/1/2100 11:29
5351,0,0,0,0,0,0,0,4/1/2100 11:29
5352,0,0,0,0,0,0,0,4/1/2100 11:29
5353,0,0,0,0,0,0,0,4/1/2100 11:29
5354,0,0,0,0,0,0,0,4/1/2100 11:29
5355,0,0,0,0,0,0,0,4/1/2100 11:29
5356,0,0,0,0,0,0,0,4/1/2100 11:29
5357,0,0,0,0,0,0,0,4/1/2100 11:29
5358,0,0,0,0,0,0,0,4/1/2100 11:29
5359,0,0,0,0,0,0,0,4/1/2100 11:29
5360,0,0,0,0,0,0,0,4/1/2100 11:29
5361,0,0,0,0,0,0,0,4/1/2100 11:29
5362,0,0,0,0,0,0,0,4/1/2100 11:29
5363,0,0,0,0,0,0,0,4/1/2100 11:29
5364,0,0,0,0,0,0,0,4/1/2100 11:29
5365,0,0,0,0,0,0,0,4/1/2100 11:29
5366,0,0,0,0,0,0,0,4/1/2100 11:29
5367,0,0,0,0,0,0,0,4/1/2100 11:29
5368,0,0,0,0,0,0,0,4/1/2100 11:29
5369,0,0,0,0,0,0,0,4/1/2100 11:29
5370,0,0,0,0,0,0,0,4/1/2100 11:29
5371,0,0,0,0,0,0,0,4/1/2100 11:29
5372,0,0,0,0,0,0,0,4/1/2100 11:29
5373,0,0,0,0,0,0,0,4/1/2100 11:29
5374,0,0,0,0,0,0,0,4/1/2100 11:29
5375,0,0,0,0,0,0,0,4/1/2100 11:29
5376,0,0,0,0,0,0,0,4/1/2100 11:29
5377,0,0,0,0,0,0,0,4/1/2100 11:29
5378,0,0,0,0,0,0,0,4/1/2100 11:29
5379,0,0,0,0,0,0,0,4/1/2100 11:29
5380,0,0,0,0,0,0,0,4/1/2100 11:29
5381,0,0,0,0,0,0,0,4/1/2100 11:29
5382,0,0,0,0,0,0,0,4/1/2100 11:29
5383,0,0,0,0,0,0,0,4/1/2100 11:29
5384,0,0,0,0,0,0,0,4/1/2100 11:29
5385,0,0,0,0,0,0,0,4/1/2100 11:29
5386,0,0,0,0,0,0,0,4/1/2100 11:29
5387,0,0,0,0,0,0,0,4/1/2100 11:29
5388,0,0,0,0,0,0,0,4/1/2100 11:29
5389,0,0,0,0,0,0,0,4/1/2100 11:29
5390,0,0,0,0,0,0,0,4/1/2100 11:29
5391,0,0,0,0,0,0,0,4/1/2100 11:29
5392,0,0,0,0,0,0,0,4/1/2100 11:29
5393,0,0,0,0,0,0,0,4/1/2100 11:29
5394,0,0,0,0,0,0,0,4/1/2100 11:29
5395,0,0,0,0,0,0,0,4/1/2100 11:29
5396,0,0,0,0,0,0,0,4/1/2100 11:29
5397,0,0,0,0,0,0,0,4/1/2100 11:29
5398,0,0,0,0,0,0,0,4/1/2100 11:29
5399,0,0,0,0,0,0,0,4/1/2100 11:29
5400,0,0,0,0,0,0,0,4/1/2100 11:29
5401,0,0,0,0,0,0,0,4/1/2100 11:30
5402,0,0,0,0,0,0,0,4/1/2100 11:30
5403,0,0,0,0,0,0,0,4/1/2100 11:30
5404,0,0,0,0,0,0,0,4/1/2100 11:30
5405,0,0,0,0,0,0,0,4/1/2100 11:30
5406,0,0,0,0,0,0,0,4/1/2100 11:30
5407,0,0,0,0,0,0,0,4/1/2100 11:30
5408,0,0,0,0,0,0,0,4/1/2100 11:30
5409,0,0,0,0,0,0,0,4/1/2100 11:30
5410,0,0,0,0,0,0,0,4/1/2100 11:30
5411,0,0,0,0,0,0,0,4/1/2100 11:30
5412,0,0,0,0,0,0,0,4/1/2100 11:30
5413,0,0,0,0,0,0,0,4/1/2100 11:30
5414,0,0,0,0,0,0,0,4/1/2100 11:30
5415,0,0,0,0,0,0,0,4/1/2100 11:30
5416,0,0,0,0,0,0,0,4/1/2100 11:30
5417,0,0,0,0,0,0,0,4/1/2100 11:30
5418,0,0,0,0,0,0,0,4/1/2100 11:30
5419,0,0,0,0,0,0,0,4/1/2100 11:30
5420,0,0,0,0,0,0,0,4/1/2100 11:30
5421,0,0,0,0,0,0,0,4/1/2100 11:30
5422,0,0,0,0,0,0,0,4/1/2100 11:30
5423,0,0,0,0,0,0,0,4/1/2100 11:30
5424,0,0,0,0,0,0,0,4/1/2100 11:30
5425,0,0,0,0,0,0,0,4/1/2100 11:30
5426,0,0,0,0,0,0,0,4/1/2100 11:30
5427,0,0,0,0,0,0,0,4/1/2100 11:30
5428,0,0,0,0,0,0,0,4/1/2100 11:30
5429,0,0,0,0,0,0,0,4/1/2100 11:30
5430,0,0,0,0,0,0,0,4/1/2100 11:30
5431,0,0,0,0,0,0,0,4/1/2100 11:30
5432,0,0,0,0,0,0,0,4/1/2100 11:30
5433,0,0,0,0,0,0,0,4/1/2100 11:30
5434,0,0,0,0,0,0,0,4/1/2100 11:30
5435,0,0,0,0,0,0,0,4/1/2100 11:30
5436,0,0,0,0,0,0,0,4/1/2100 11:30
5437,0,0,0,0,0,0,0,4/1/2100 11:30
5438,0,0,0,0,0,0,0,4/1/2100 11:30
5439,0,0,0,0,0,0,0,4/1/2100 11:30
5440,0,0,0,0,0,0,0,4/1/2100 11:30
5441,0,0,0,0,0,0,0,4/1/2100 11:30
5442,0,0,0,0,0,0,0,4/1/2100 11:30
5443,0,0,0,0,0,0,0,4/1/2100 11:30
5444,0,0,0,0,0,0,0,4/1/2100 11:30
5445,0,0,0,0,0,0,0,4/1/2100 11:30
5446,0,0,0,0,0,0,0,4/1/2100 11:30
5447,0,0,0,0,0,0,0,4/1/2100 11:30
5448,0,0,0,0,0,0,0,4/1/2100 11:30
5449,0,0,0,0,0,0,0,4/1/2100 11:30
5450,0,0,0,0,0,0,0,4/1/2100 11:30
5451,0,0,0,0,0,0,0,4/1/2100 11:30
5452,0,0,0,0,0,0,0,4/1/2100 11:30
5453,0,0,0,0,0,0,0,4/1/2100 11:30
5454,0,0,0,0,0,0,0,4/1/2100 11:30
5455,0,0,0,0,0,0,0,4/1/2100 11:30
5456,0,0,0,0,0,0,0,4/1/2100 11:30
5457,0,0,0,0,0,0,0,4/1/2100 11:30
5458,0,0,0,0,0,0,0,4/1/2100 11:30
5459,0,0,0,0,0,0,0,4/1/2100 11:30
5460,0,0,0,0,0,0,0,4/1/2100 11:30
5461,0,0,0,0,0,0,0,4/1/2100 11:31
5462,0,0,0,0,0,0,0,4/1/2100 11:31
5463,0,0,0,0,0,0,0,4/1/2100 11:31
5464,0,0,0,0,0,0,0,4/1/2100 11:31
5465,0,0,0,0,0,0,0,4/1/2100 11:31
5466,0,0,0,0,0,0,0,4/1/2100 11:31
5467,0,0,0,0,0,0,0,4/1/2100 11:31
5468,0,0,0,0,0,0,0,4/1/2100 11:31
5469,0,0,0,0,0,0,0,4/1/2100 11:31
5470,0,0,0,0,0,0,0,4/1/2100 11:31
5471,0,0,0,0,0,0,0,4/1/2100 11:31
5472,0,0,0,0,0,0,0,4/1/2100 11:31
5473,0,0,0,0,0,0,0,4/1/2100 11:31
5474,0,0,0,0,0,0,0,4/1/2100 11:31
5475,0,0,0,0,0,0,0,4/1/2100 11:31
5476,0,0,0,0,0,0,0,4/1/2100 11:31
5477,0,0,0,0,0,0,0,4/1/2100 11:31
5478,0,0,0,0,0,0,0,4/1/2100 11:31
5479,0,0,0,0,0,0,0,4/1/2100 11:31
5480,0,0,0,0,0,0,0,4/1/2100 11:31
5481,0,0,0,0,0,0,0,4/1/2100 11:31
5482,0,0,0,0,0,0,0,4/1/2100 11:31
5483,0,0,0,0,0,0,0,4/1/2100 11:31
5484,0,0,0,0,0,0,0,4/1/2100 11:31
5485,0,0,0,0,0,0,0,4/1/2100 11:31
5486,0,0,0,0,0,0,0,4/1/2100 11:31
5487,0,0,0,0,0,0,0,4/1/2100 11:31
5488,0,0,0,0,0,0,0,4/1/2100 11:31
5489,0,0,0,0,0,0,0,4/1/2100 11:31
5490,0,0,0,0,0,0,0,4/1/2100 11:31
5491,0,0,0,0,0,0,0,4/1/2100 11:31
5492,0,0,0,0,0,0,0,4/1/2100 11:31
5493,0,0,0,0,0,0,0,4/1/2100 11:31
5494,0,0,0,0,0,0,0,4/1/2100 11:31
5495,0,0,0,0,0,0,0,4/1/2100 11:31
5496,0,0,0,0,0,0,0,4/1/2100 11:31
5497,0,0,0,0,0,0,0,4/1/2100 11:31
5498,0,0,0,0,0,0,0,4/1/2100 11:31
5499,0,0,0,0,0,0,0,4/1/2100 11:31
5500,0,0,0,0,0,0,0,4/1/2100 11:31
5501,0,0,0,0,0,0,0,4/1/2100 11:31
5502,0,0,0,0,0,0,0,4/1/2100 11:31
5503,0,0,0,0,0,0,0,4/1/2100 11:31
5504,0,0,0,0,0,0,0,4/1/2100 11:31
5505,0,0,0,0,0,0,0,4/1/2100 11:31
5506,0,0,0,0,0,0,0,4/1/2100 11:31
5507,0,0,0,0,0,0,0,4/1/2100 11:31
5508,0,0,0,0,0,0,0,4/1/2100 11:31
5509,0,0,0,0,0,0,0,4/1/2100 11:31
5510,0,0,0,0,0,0,0,4/1/2100 11:31
5511,0,0,0,0,0,0,0,4/1/2100 11:31
5512,0,0,0,0,0,0,0,4/1/2100 11:31
5513,0,0,0,0,0,0,0,4/1/2100 11:31
5514,0,0,0,0,0,0,0,4/1/2100 11:31
5515,0,0,0,0,0,0,0,4/1/2100 11:31
5516,0,0,0,0,0,0,0,4/1/2100 11:31
5517,0,0,0,0,0,0,0,4/1/2100 11:31
5518,0,0,0,0,0,0,0,4/1/2100 11:31
5519,0,0,0,0,0,0,0,4/1/2100 11:31
5520,0,0,0,0,0,0,0,4/1/2100 11:31
5521,0,0,0,0,0,0,0,4/1/2100 11:32
5522,0,0,0,0,0,0,0,4/1/2100 11:32
5523,0,0,0,0,0,0,0,4/1/2100 11:32
5524,0,0,0,0,0,0,0,4/1/2100 11:32
5525,0,0,0,0,0,0,0,4/1/2100 11:32
5526,0,0,0,0,0,0,0,4/1/2100 11:32
5527,0,0,0,0,0,0,0,4/1/2100 11:32
5528,0,0,0,0,0,0,0,4/1/2100 11:32
5529,0,0,0,0,0,0,0,4/1/2100 11:32
5530,0,0,0,0,0,0,0,4/1/2100 11:32
5531,0,0,0,0,0,0,0,4/1/2100 11:32
5532,0,0,0,0,0,0,0,4/1/2100 11:32
5533,0,0,0,0,0,0,0,4/1/2100 11:32
5534,0,0,0,0,0,0,0,4/1/2100 11:32
5535,0,0,0,0,0,0,0,4/1/2100 11:32
5536,0,0,0,0,0,0,0,4/1/2100 11:32
5537,0,0,0,0,0,0,0,4/1/2100 11:32
5538,0,0,0,0,0,0,0,4/1/2100 11:32
5539,0,0,0,0,0,0,0,4/1/2100 11:32
5540,0,0,0,0,0,0,0,4/1/2100 11:32
5541,0,0,0,0,0,0,0,4/1/2100 11:32
5542,0,0,0,0,0,0,0,4/1/2100 11:32
5543,0,0,0,0,0,0,0,4/1/2100 11:32
5544,0,0,0,0,0,0,0,4/1/2100 11:32
5545,0,0,0,0,0,0,0,4/1/2100 11:32
5546,0,0,0,0,0,0,0,4/1/2100 11:32
5547,0,0,0,0,0,0,0,4/1/2100 11:32
5548,0,0,0,0,0,0,0,4/1/2100 11:32
5549,0,0,0,0,0,0,0,4/1/2100 11:32
5550,0,0,0,0,0,0,0,4/1/2100 11:32
5551,0,0,0,0,0,0,0,4/1/2100 11:32
5552,0,0,0,0,0,0,0,4/1/2100 11:32
5553,0,0,0,0,0,0,0,4/1/2100 11:32
5554,0,0,0,0,0,0,0,4/1/2100 11:32
5555,0,0,0,0,0,0,0,4/1/2100 11:32
5556,0,0,0,0,0,0,0,4/1/2100 11:32
5557,0,0,0,0,0,0,0,4/1/2100 11:32
5558,0,0,0,0,0,0,0,4/1/2100 11:32
5559,0,0,0,0,0,0,0,4/1/2100 11:32
5560,0,0,0,0,0,0,0,4/1/2100 11:32
5561,0,0,0,0,0,0,0,4/1/2100 11:32
5562,0,0,0,0,0,0,0,4/1/2100 11:32
5563,0,0,0,0,0,0,0,4/1/2100 11:32
5564,0,0,0,0,0,0,0,4/1/2100 11:32
5565,0,0,0,0,0,0,0,4/1/2100 11:32
5566,0,0,0,0,0,0,0,4/1/2100 11:32
5567,0,0,0,0,0,0,0,4/1/2100 11:32
5568,0,0,0,0,0,0,0,4/1/2100 11:32
5569,0,0,0,0,0,0,0,4/1/2100 11:32
5570,0,0,0,0,0,0,0,4/1/2100 11:32
5571,0,0,0,0,0,0,0,4/1/2100 11:32
5572,0,0,0,0,0,0,0,4/1/2100 11:32
5573,0,0,0,0,0,0,0,4/1/2100 11:32
5574,0,0,0,0,0,0,0,4/1/2100 11:32
5575,0,0,0,0,0,0,0,4/1/2100 11:32
5576,0,0,0,0,0,0,0,4/1/2100 11:32
5577,0,0,0,0,0,0,0,4/1/2100 11:32
5578,0,0,0,0,0,0,0,4/1/2100 11:32
5579,0,0,0,0,0,0,0,4/1/2100 11:32
5580,0,0,0,0,0,0,0,4/1/2100 11:32
5581,0,0,0,0,0,0,0,4/1/2100 11:33
5582,0,0,0,0,0,0,0,4/1/2100 11:33
5583,0,0,0,0,0,0,0,4/1/2100 11:33
5584,0,0,0,0,0,0,0,4/1/2100 11:33
5585,0,0,0,0,0,0,0,4/1/2100 11:33
5586,0,0,0,0,0,0,0,4/1/2100 11:33
5587,0,0,0,0,0,0,0,4/1/2100 11:33
5588,0,0,0,0,0,0,0,4/1/2100 11:33
5589,0,0,0,0,0,0,0,4/1/2100 11:33
5590,0,0,0,0,0,0,0,4/1/2100 11:33
5591,0,0,0,0,0,0,0,4/1/2100 11:33
5592,0,0,0,0,0,0,0,4/1/2100 11:33
5593,0,0,0,0,0,0,0,4/1/2100 11:33
5594,0,0,0,0,0,0,0,4/1/2100 11:33
5595,0,0,0,0,0,0,0,4/1/2100 11:33
5596,0,0,0,0,0,0,0,4/1/2100 11:33
5597,0,0,0,0,0,0,0,4/1/2100 11:33
5598,0,0,0,0,0,0,0,4/1/2100 11:33
5599,0,0,0,0,0,0,0,4/1/2100 11:33
5600,0,0,0,0,0,0,0,4/1/2100 11:33
5601,0,0,0,0,0,0,0,4/1/2100 11:33
5602,0,0,0,0,0,0,0,4/1/2100 11:33
5603,0,0,0,0,0,0,0,4/1/2100 11:33
5604,0,0,0,0,0,0,0,4/1/2100 11:33
5605,0,0,0,0,0,0,0,4/1/2100 11:33
5606,0,0,0,0,0,0,0,4/1/2100 11:33
5607,0,0,0,0,0,0,0,4/1/2100 11:33
5608,0,0,0,0,0,0,0,4/1/2100 11:33
5609,0,0,0,0,0,0,0,4/1/2100 11:33
5610,0,0,0,0,0,0,0,4/1/2100 11:33
5611,0,0,0,0,0,0,0,4/1/2100 11:33
5612,0,0,0,0,0,0,0,4/1/2100 11:33
5613,0,0,0,0,0,0,0,4/1/2100 11:33
5614,0,0,0,0,0,0,0,4/1/2100 11:33
5615,0,0,0,0,0,0,0,4/1/2100 11:33
5616,0,0,0,0,0,0,0,4/1/2100 11:33
5617,0,0,0,0,0,0,0,4/1/2100 11:33
5618,0,0,0,0,0,0,0,4/1/2100 11:33
5619,0,0,0,0,0,0,0,4/1/2100 11:33
5620,0,0,0,0,0,0,0,4/1/2100 11:33
5621,0,0,0,0,0,0,0,4/1/2100 11:33
5622,0,0,0,0,0,0,0,4/1/2100 11:33
5623,0,0,0,0,0,0,0,4/1/2100 11:33
5624,0,0,0,0,0,0,0,4/1/2100 11:33
5625,0,0,0,0,0,0,0,4/1/2100 11:33
5626,0,0,0,0,0,0,0,4/1/2100 11:33
5627,0,0,0,0,0,0,0,4/1/2100 11:33
5628,0,0,0,0,0,0,0,4/1/2100 11:33
5629,0,0,0,0,0,0,0,4/1/2100 11:33
5630,0,0,0,0,0,0,0,4/1/2100 11:33
5631,0,0,0,0,0,0,0,4/1/2100 11:33
5632,0,0,0,0,0,0,0,4/1/2100 11:33
5633,0,0,0,0,0,0,0,4/1/2100 11:33
5634,0,0,0,0,0,0,0,4/1/2100 11:33
5635,0,0,0,0,0,0,0,4/1/2100 11:33
5636,0,0,0,0,0,0,0,4/1/2100 11:33
5637,0,0,0,0,0,0,0,4/1/2100 11:33
5638,0,0,0,0,0,0,0,4/1/2100 11:33
5639,0,0,0,0,0,0,0,4/1/2100 11:33
5640,0,0,0,0,0,0,0,4/1/2100 11:33
5641,0,0,0,0,0,0,0,4/1/2100 11:34
5642,0,0,0,0,0,0,0,4/1/2100 11:34
5643,0,0,0,0,0,0,0,4/1/2100 11:34
5644,0,0,0,0,0,0,0,4/1/2100 11:34
5645,0,0,0,0,0,0,0,4/1/2100 11:34
5646,0,0,0,0,0,0,0,4/1/2100 11:34
5647,0,0,0,0,0,0,0,4/1/2100 11:34
5648,0,0,0,0,0,0,0,4/1/2100 11:34
5649,0,0,0,0,0,0,0,4/1/2100 11:34
5650,0,0,0,0,0,0,0,4/1/2100 11:34
5651,0,0,0,0,0,0,0,4/1/2100 11:34
5652,0,0,0,0,0,0,0,4/1/2100 11:34
5653,0,0,0,0,0,0,0,4/1/2100 11:34
5654,0,0,0,0,0,0,0,4/1/2100 11:34
5655,0,0,0,0,0,0,0,4/1/2100 11:34
5656,0,0,0,0,0,0,0,4/1/2100 11:34
5657,0,0,0,0,0,0,0,4/1/2100 11:34
5658,0,0,0,0,0,0,0,4/1/2100 11:34
5659,0,0,0,0,0,0,0,4/1/2100 11:34
5660,0,0,0,0,0,0,0,4/1/2100 11:34
5661,0,0,0,0,0,0,0,4/1/2100 11:34
5662,0,0,0,0,0,0,0,4/1/2100 11:34
5663,0,0,0,0,0,0,0,4/1/2100 11:34
5664,0,0,0,0,0,0,0,4/1/2100 11:34
5665,0,0,0,0,0,0,0,4/1/2100 11:34
5666,0,0,0,0,0,0,0,4/1/2100 11:34
5667,0,0,0,0,0,0,0,4/1/2100 11:34
5668,0,0,0,0,0,0,0,4/1/2100 11:34
5669,0,0,0,0,0,0,0,4/1/2100 11:34
5670,0,0,0,0,0,0,0,4/1/2100 11:34
5671,0,0,0,0,0,0,0,4/1/2100 11:34
5672,0,0,0,0,0,0,0,4/1/2100 11:34
5673,0,0,0,0,0,0,0,4/1/2100 11:34
5674,0,0,0,0,0,0,0,4/1/2100 11:34
5675,0,0,0,0,0,0,0,4/1/2100 11:34
5676,0,0,0,0,0,0,0,4/1/2100 11:34
5677,0,0,0,0,0,0,0,4/1/2100 11:34
5678,0,0,0,0,0,0,0,4/1/2100 11:34
5679,0,0,0,0,0,0,0,4/1/2100 11:34
5680,0,0,0,0,0,0,0,4/1/2100 11:34
5681,0,0,0,0,0,0,0,4/1/2100 11:34
5682,0,0,0,0,0,0,0,4/1/2100 11:34
5683,0,0,0,0,0,0,0,4/1/2100 11:34
5684,0,0,0,0,0,0,0,4/1/2100 11:34
5685,0,0,0,0,0,0,0,4/1/2100 11:34
5686,0,0,0,0,0,0,0,4/1/2100 11:34
5687,0,0,0,0,0,0,0,4/1/2100 11:34
5688,0,0,0,0,0,0,0,4/1/2100 11:34
5689,0,0,0,0,0,0,0,4/1/2100 11:34
5690,0,0,0,0,0,0,0,4/1/2100 11:34
5691,0,0,0,0,0,0,0,4/1/2100 11:34
5692,0,0,0,0,0,0,0,4/1/2100 11:34
5693,0,0,0,0,0,0,0,4/1/2100 11:34
5694,0,0,0,0,0,0,0,4/1/2100 11:34
5695,0,0,0,0,0,0,0,4/1/2100 11:34
5696,0,0,0,0,0,0,0,4/1/2100 11:34
5697,0,0,0,0,0,0,0,4/1/2100 11:34
5698,0,0,0,0,0,0,0,4/1/2100 11:34
5699,0,0,0,0,0,0,0,4/1/2100 11:34
5700,0,0,0,0,0,0,0,4/1/2100 11:34
5701,0,0,0,0,0,0,0,4/1/2100 11:35
5702,0,0,0,0,0,0,0,4/1/2100 11:35
5703,0,0,0,0,0,0,0,4/1/2100 11:35
5704,0,0,0,0,0,0,0,4/1/2100 11:35
5705,0,0,0,0,0,0,0,4/1/2100 11:35
5706,0,0,0,0,0,0,0,4/1/2100 11:35
5707,0,0,0,0,0,0,0,4/1/2100 11:35
5708,0,0,0,0,0,0,0,4/1/2100 11:35
5709,0,0,0,0,0,0,0,4/1/2100 11:35
5710,0,0,0,0,0,0,0,4/1/2100 11:35
5711,0,0,0,0,0,0,0,4/1/2100 11:35
5712,0,0,0,0,0,0,0,4/1/2100 11:35
5713,0,0,0,0,0,0,0,4/1/2100 11:35
5714,0,0,0,0,0,0,0,4/1/2100 11:35
5715,0,0,0,0,0,0,0,4/1/2100 11:35
5716,0,0,0,0,0,0,0,4/1/2100 11:35
5717,0,0,0,0,0,0,0,4/1/2100 11:35
5718,0,0,0,0,0,0,0,4/1/2100 11:35
5719,0,0,0,0,0,0,0,4/1/2100 11:35
5720,0,0,0,0,0,0,0,4/1/2100 11:35
5721,0,0,0,0,0,0,0,4/1/2100 11:35
5722,0,0,0,0,0,0,0,4/1/2100 11:35
5723,0,0,0,0,0,0,0,4/1/2100 11:35
5724,0,0,0,0,0,0,0,4/1/2100 11:35
5725,0,0,0,0,0,0,0,4/1/2100 11:35
5726,0,0,0,0,0,0,0,4/1/2100 11:35
5727,0,0,0,0,0,0,0,4/1/2100 11:35
5728,0,0,0,0,0,0,0,4/1/2100 11:35
5729,0,0,0,0,0,0,0,4/1/2100 11:35
5730,0,0,0,0,0,0,0,4/1/2100 11:35
5731,0,0,0,0,0,0,0,4/1/2100 11:35
5732,0,0,0,0,0,0,0,4/1/2100 11:35
5733,0,0,0,0,0,0,0,4/1/2100 11:35
5734,0,0,0,0,0,0,0,4/1/2100 11:35
5735,0,0,0,0,0,0,0,4/1/2100 11:35
5736,0,0,0,0,0,0,0,4/1/2100 11:35
5737,0,0,0,0,0,0,0,4/1/2100 11:35
5738,0,0,0,0,0,0,0,4/1/2100 11:35
5739,0,0,0,0,0,0,0,4/1/2100 11:35
5740,0,0,0,0,0,0,0,4/1/2100 11:35
5741,0,0,0,0,0,0,0,4/1/2100 11:35
5742,0,0,0,0,0,0,0,4/1/2100 11:35
5743,0,0,0,0,0,0,0,4/1/2100 11:35
5744,0,0,0,0,0,0,0,4/1/2100 11:35
5745,0,0,0,0,0,0,0,4/1/2100 11:35
5746,0,0,0,0,0,0,0,4/1/2100 11:35
5747,0,0,0,0,0,0,0,4/1/2100 11:35
5748,0,0,0,0,0,0,0,4/1/2100 11:35
5749,0,0,0,0,0,0,0,4/1/2100 11:35
5750,0,0,0,0,0,0,0,4/1/2100 11:35
5751,0,0,0,0,0,0,0,4/1/2100 11:35
5752,0,0,0,0,0,0,0,4/1/2100 11:35
5753,0,0,0,0,0,0,0,4/1/2100 11:35
5754,0,0,0,0,0,0,0,4/1/2100 11:35
5755,0,0,0,0,0,0,0,4/1/2100 11:35
5756,0,0,0,0,0,0,0,4/1/2100 11:35
5757,0,0,0,0,0,0,0,4/1/2100 11:35
5758,0,0,0,0,0,0,0,4/1/2100 11:35
5759,0,0,0,0,0,0,0,4/1/2100 11:35
5760,0,0,0,0,0,0,0,4/1/2100 11:35
5761,0,0,0,0,0,0,0,4/1/2100 11:36
5762,0,0,0,0,0,0,0,4/1/2100 11:36
5763,0,0,0,0,0,0,0,4/1/2100 11:36
5764,0,0,0,0,0,0,0,4/1/2100 11:36
5765,0,0,0,0,0,0,0,4/1/2100 11:36
5766,0,0,0,0,0,0,0,4/1/2100 11:36
5767,0,0,0,0,0,0,0,4/1/2100 11:36
5768,0,0,0,0,0,0,0,4/1/2100 11:36
5769,0,0,0,0,0,0,0,4/1/2100 11:36
5770,0,0,0,0,0,0,0,4/1/2100 11:36
5771,0,0,0,0,0,0,0,4/1/2100 11:36
5772,0,0,0,0,0,0,0,4/1/2100 11:36
5773,0,0,0,0,0,0,0,4/1/2100 11:36
5774,0,0,0,0,0,0,0,4/1/2100 11:36
5775,0,0,0,0,0,0,0,4/1/2100 11:36
5776,0,0,0,0,0,0,0,4/1/2100 11:36
5777,0,0,0,0,0,0,0,4/1/2100 11:36
5778,0,0,0,0,0,0,0,4/1/2100 11:36
5779,0,0,0,0,0,0,0,4/1/2100 11:36
5780,0,0,0,0,0,0,0,4/1/2100 11:36
5781,0,0,0,0,0,0,0,4/1/2100 11:36
5782,0,0,0,0,0,0,0,4/1/2100 11:36
5783,0,0,0,0,0,0,0,4/1/2100 11:36
5784,0,0,0,0,0,0,0,4/1/2100 11:36
5785,0,0,0,0,0,0,0,4/1/2100 11:36
5786,0,0,0,0,0,0,0,4/1/2100 11:36
5787,0,0,0,0,0,0,0,4/1/2100 11:36
5788,0,0,0,0,0,0,0,4/1/2100 11:36
5789,0,0,0,0,0,0,0,4/1/2100 11:36
5790,0,0,0,0,0,0,0,4/1/2100 11:36
5791,0,0,0,0,0,0,0,4/1/2100 11:36
5792,0,0,0,0,0,0,0,4/1/2100 11:36
5793,0,0,0,0,0,0,0,4/1/2100 11:36
5794,0,0,0,0,0,0,0,4/1/2100 11:36
5795,0,0,0,0,0,0,0,4/1/2100 11:36
5796,0,0,0,0,0,0,0,4/1/2100 11:36
5797,0,0,0,0,0,0,0,4/1/2100 11:36
5798,0,0,0,0,0,0,0,4/1/2100 11:36
5799,0,0,0,0,0,0,0,4/1/2100 11:36
5800,0,0,0,0,0,0,0,4/1/2100 11:36
5801,0,0,0,0,0,0,0,4/1/2100 11:36
5802,0,0,0,0,0,0,0,4/1/2100 11:36
5803,0,0,0,0,0,0,0,4/1/2100 11:36
5804,0,0,0,0,0,0,0,4/1/2100 11:36
5805,0,0,0,0,0,0,0,4/1/2100 11:36
5806,0,0,0,0,0,0,0,4/1/2100 11:36
5807,0,0,0,0,0,0,0,4/1/2100 11:36
5808,0,0,0,0,0,0,0,4/1/2100 11:36
5809,0,0,0,0,0,0,0,4/1/2100 11:36
5810,0,0,0,0,0,0,0,4/1/2100 11:36
5811,0,0,0,0,0,0,0,4/1/2100 11:36
5812,0,0,0,0,0,0,0,4/1/2100 11:36
5813,0,0,0,0,0,0,0,4/1/2100 11:36
5814,0,0,0,0,0,0,0,4/1/2100 11:36
5815,0,0,0,0,0,0,0,4/1/2100 11:36
5816,0,0,0,0,0,0,0,4/1/2100 11:36
5817,0,0,0,0,0,0,0,4/1/2100 11:36
5818,0,0,0,0,0,0,0,4/1/2100 11:36
5819,0,0,0,0,0,0,0,4/1/2100 11:36
5820,0,0,0,0,0,0,0,4/1/2100 11:36
5821,0,0,0,0,0,0,0,4/1/2100 11:37
5822,0,0,0,0,0,0,0,4/1/2100 11:37
5823,0,0,0,0,0,0,0,4/1/2100 11:37
5824,0,0,0,0,0,0,0,4/1/2100 11:37
5825,0,0,0,0,0,0,0,4/1/2100 11:37
5826,0,0,0,0,0,0,0,4/1/2100 11:37
5827,0,0,0,0,0,0,0,4/1/2100 11:37
5828,0,0,0,0,0,0,0,4/1/2100 11:37
5829,0,0,0,0,0,0,0,4/1/2100 11:37
5830,0,0,0,0,0,0,0,4/1/2100 11:37
5831,0,0,0,0,0,0,0,4/1/2100 11:37
5832,0,0,0,0,0,0,0,4/1/2100 11:37
5833,0,0,0,0,0,0,0,4/1/2100 11:37
5834,0,0,0,0,0,0,0,4/1/2100 11:37
5835,0,0,0,0,0,0,0,4/1/2100 11:37
5836,0,0,0,0,0,0,0,4/1/2100 11:37
5837,0,0,0,0,0,0,0,4/1/2100 11:37
5838,0,0,0,0,0,0,0,4/1/2100 11:37
5839,0,0,0,0,0,0,0,4/1/2100 11:37
5840,0,0,0,0,0,0,0,4/1/2100 11:37
5841,0,0,0,0,0,0,0,4/1/2100 11:37
5842,0,0,0,0,0,0,0,4/1/2100 11:37
5843,0,0,0,0,0,0,0,4/1/2100 11:37
5844,0,0,0,0,0,0,0,4/1/2100 11:37
5845,0,0,0,0,0,0,0,4/1/2100 11:37
5846,0,0,0,0,0,0,0,4/1/2100 11:37
5847,0,0,0,0,0,0,0,4/1/2100 11:37
5848,0,0,0,0,0,0,0,4/1/2100 11:37
5849,0,0,0,0,0,0,0,4/1/2100 11:37
5850,0,0,0,0,0,0,0,4/1/2100 11:37
5851,0,0,0,0,0,0,0,4/1/2100 11:37
5852,0,0,0,0,0,0,0,4/1/2100 11:37
5853,0,0,0,0,0,0,0,4/1/2100 11:37
5854,0,0,0,0,0,0,0,4/1/2100 11:37
5855,0,0,0,0,0,0,0,4/1/2100 11:37
5856,0,0,0,0,0,0,0,4/1/2100 11:37
5857,0,0,0,0,0,0,0,4/1/2100 11:37
5858,0,0,0,0,0,0,0,4/1/2100 11:37
5859,0,0,0,0,0,0,0,4/1/2100 11:37
5860,0,0,0,0,0,0,0,4/1/2100 11:37
5861,0,0,0,0,0,0,0,4/1/2100 11:37
5862,0,0,0,0,0,0,0,4/1/2100 11:37
5863,0,0,0,0,0,0,0,4/1/2100 11:37
5864,0,0,0,0,0,0,0,4/1/2100 11:37
5865,0,0,0,0,0,0,0,4/1/2100 11:37
5866,0,0,0,0,0,0,0,4/1/2100 11:37
5867,0,0,0,0,0,0,0,4/1/2100 11:37
5868,0,0,0,0,0,0,0,4/1/2100 11:37
5869,0,0,0,0,0,0,0,4/1/2100 11:37
5870,0,0,0,0,0,0,0,4/1/2100 11:37
5871,0,0,0,0,0,0,0,4/1/2100 11:37
5872,0,0,0,0,0,0,0,4/1/2100 11:37
5873,0,0,0,0,0,0,0,4/1/2100 11:37
5874,0,0,0,0,0,0,0,4/1/2100 11:37
5875,0,0,0,0,0,0,0,4/1/2100 11:37
5876,0,0,0,0,0,0,0,4/1/2100 11:37
5877,0,0,0,0,0,0,0,4/1/2100 11:37
5878,0,0,0,0,0,0,0,4/1/2100 11:37
5879,0,0,0,0,0,0,0,4/1/2100 11:37
5880,0,0,0,0,0,0,0,4/1/2100 11:37
5881,0,0,0,0,0,0,0,4/1/2100 11:38
5882,0,0,0,0,0,0,0,4/1/2100 11:38
5883,0,0,0,0,0,0,0,4/1/2100 11:38
5884,0,0,0,0,0,0,0,4/1/2100 11:38
5885,0,0,0,0,0,0,0,4/1/2100 11:38
5886,0,0,0,0,0,0,0,4/1/2100 11:38
5887,0,0,0,0,0,0,0,4/1/2100 11:38
5888,0,0,0,0,0,0,0,4/1/2100 11:38
5889,0,0,0,0,0,0,0,4/1/2100 11:38
5890,0,0,0,0,0,0,0,4/1/2100 11:38
5891,0,0,0,0,0,0,0,4/1/2100 11:38
5892,0,0,0,0,0,0,0,4/1/2100 11:38
5893,0,0,0,0,0,0,0,4/1/2100 11:38
5894,0,0,0,0,0,0,0,4/1/2100 11:38
5895,0,0,0,0,0,0,0,4/1/2100 11:38
5896,0,0,0,0,0,0,0,4/1/2100 11:38
5897,0,0,0,0,0,0,0,4/1/2100 11:38
5898,0,0,0,0,0,0,0,4/1/2100 11:38
5899,0,0,0,0,0,0,0,4/1/2100 11:38
5900,0,0,0,0,0,0,0,4/1/2100 11:38
5901,0,0,0,0,0,0,0,4/1/2100 11:38
5902,0,0,0,0,0,0,0,4/1/2100 11:38
5903,0,0,0,0,0,0,0,4/1/2100 11:38
5904,0,0,0,0,0,0,0,4/1/2100 11:38
5905,0,0,0,0,0,0,0,4/1/2100 11:38
5906,0,0,0,0,0,0,0,4/1/2100 11:38
5907,0,0,0,0,0,0,0,4/1/2100 11:38
5908,0,0,0,0,0,0,0,4/1/2100 11:38
5909,0,0,0,0,0,0,0,4/1/2100 11:38
5910,0,0,0,0,0,0,0,4/1/2100 11:38
5911,0,0,0,0,0,0,0,4/1/2100 11:38
5912,0,0,0,0,0,0,0,4/1/2100 11:38
5913,0,0,0,0,0,0,0,4/1/2100 11:38
5914,0,0,0,0,0,0,0,4/1/2100 11:38
5915,0,0,0,0,0,0,0,4/1/2100 11:38
5916,0,0,0,0,0,0,0,4/1/2100 11:38
5917,0,0,0,0,0,0,0,4/1/2100 11:38
5918,0,0,0,0,0,0,0,4/1/2100 11:38
5919,0,0,0,0,0,0,0,4/1/2100 11:38
5920,0,0,0,0,0,0,0,4/1/2100 11:38
5921,0,0,0,0,0,0,0,4/1/2100 11:38
5922,0,0,0,0,0,0,0,4/1/2100 11:38
5923,0,0,0,0,0,0,0,4/1/2100 11:38
5924,0,0,0,0,0,0,0,4/1/2100 11:38
5925,0,0,0,0,0,0,0,4/1/2100 11:38
5926,0,0,0,0,0,0,0,4/1/2100 11:38
5927,0,0,0,0,0,0,0,4/1/2100 11:38
5928,0,0,0,0,0,0,0,4/1/2100 11:38
5929,0,0,0,0,0,0,0,4/1/2100 11:38
5930,0,0,0,0,0,0,0,4/1/2100 11:38
5931,0,0,0,0,0,0,0,4/1/2100 11:38
5932,0,0,0,0,0,0,0,4/1/2100 11:38
5933,0,0,0,0,0,0,0,4/1/2100 11:38
5934,0,0,0,0,0,0,0,4/1/2100 11:38
5935,0,0,0,0,0,0,0,4/1/2100 11:38
5936,0,0,0,0,0,0,0,4/1/2100 11:38
5937,0,0,0,0,0,0,0,4/1/2100 11:38
5938,0,0,0,0,0,0,0,4/1/2100 11:38
5939,0,0,0,0,0,0,0,4/1/2100 11:38
5940,0,0,0,0,0,0,0,4/1/2100 11:38
5941,0,0,0,0,0,0,0,4/1/2100 11:39
5942,0,0,0,0,0,0,0,4/1/2100 11:39
5943,0,0,0,0,0,0,0,4/1/2100 11:39
5944,0,0,0,0,0,0,0,4/1/2100 11:39
5945,0,0,0,0,0,0,0,4/1/2100 11:39
5946,0,0,0,0,0,0,0,4/1/2100 11:39
5947,0,0,0,0,0,0,0,4/1/2100 11:39
5948,0,0,0,0,0,0,0,4/1/2100 11:39
5949,0,0,0,0,0,0,0,4/1/2100 11:39
5950,0,0,0,0,0,0,0,4/1/2100 11:39
5951,0,0,0,0,0,0,0,4/1/2100 11:39
5952,0,0,0,0,0,0,0,4/1/2100 11:39
5953,0,0,0,0,0,0,0,4/1/2100 11:39
5954,0,0,0,0,0,0,0,4/1/2100 11:39
5955,0,0,0,0,0,0,0,4/1/2100 11:39
5956,0,0,0,0,0,0,0,4/1/2100 11:39
5957,0,0,0,0,0,0,0,4/1/2100 11:39
5958,0,0,0,0,0,0,0,4/1/2100 11:39
5959,0,0,0,0,0,0,0,4/1/2100 11:39
5960,0,0,0,0,0,0,0,4/1/2100 11:39
5961,0,0,0,0,0,0,0,4/1/2100 11:39
5962,0,0,0,0,0,0,0,4/1/2100 11:39
5963,0,0,0,0,0,0,0,4/1/2100 11:39
5964,0,0,0,0,0,0,0,4/1/2100 11:39
5965,0,0,0,0,0,0,0,4/1/2100 11:39
5966,0,0,0,0,0,0,0,4/1/2100 11:39
5967,0,0,0,0,0,0,0,4/1/2100 11:39
5968,0,0,0,0,0,0,0,4/1/2100 11:39
5969,0,0,0,0,0,0,0,4/1/2100 11:39
5970,0,0,0,0,0,0,0,4/1/2100 11:39
5971,0,0,0,0,0,0,0,4/1/2100 11:39
5972,0,0,0,0,0,0,0,4/1/2100 11:39
5973,0,0,0,0,0,0,0,4/1/2100 11:39
5974,0,0,0,0,0,0,0,4/1/2100 11:39
5975,0,0,0,0,0,0,0,4/1/2100 11:39
5976,0,0,0,0,0,0,0,4/1/2100 11:39
5977,0,0,0,0,0,0,0,4/1/2100 11:39
5978,0,0,0,0,0,0,0,4/1/2100 11:39
5979,0,0,0,0,0,0,0,4/1/2100 11:39
5980,0,0,0,0,0,0,0,4/1/2100 11:39
5981,0,0,0,0,0,0,0,4/1/2100 11:39
5982,0,0,0,0,0,0,0,4/1/2100 11:39
5983,0,0,0,0,0,0,0,4/1/2100 11:39
5984,0,0,0,0,0,0,0,4/1/2100 11:39
5985,0,0,0,0,0,0,0,4/1/2100 11:39
5986,0,0,0,0,0,0,0,4/1/2100 11:39
5987,0,0,0,0,0,0,0,4/1/2100 11:39
5988,0,0,0,0,0,0,0,4/1/2100 11:39
5989,0,0,0,0,0,0,0,4/1/2100 11:39
5990,0,0,0,0,0,0,0,4/1/2100 11:39
5991,0,0,0,0,0,0,0,4/1/2100 11:39
5992,0,0,0,0,0,0,0,4/1/2100 11:39
5993,0,0,0,0,0,0,0,4/1/2100 11:39
5994,0,0,0,0,0,0,0,4/1/2100 11:39
5995,0,0,0,0,0,0,0,4/1/2100 11:39
5996,0,0,0,0,0,0,0,4/1/2100 11:39
5997,0,0,0,0,0,0,0,4/1/2100 11:39
5998,0,0,0,0,0,0,0,4/1/2100 11:39
5999,0,0,0,0,0,0,0,4/1/2100 11:39
6000,0,0,0,0,0,0,0,4/1/2100 11:39
6001,0,0,0,0,0,0,0,4/1/2100 11:40
6002,0,0,0,0,0,0,0,4/1/2100 11:40
6003,0,0,0,0,0,0,0,4/1/2100 11:40
6004,0,0,0,0,0,0,0,4/1/2100 11:40
6005,0,0,0,0,0,0,0,4/1/2100 11:40
6006,0,0,0,0,0,0,0,4/1/2100 11:40
6007,0,0,0,0,0,0,0,4/1/2100 11:40
6008,0,0,0,0,0,0,0,4/1/2100 11:40
6009,0,0,0,0,0,0,0,4/1/2100 11:40
6010,0,0,0,0,0,0,0,4/1/2100 11:40
6011,0,0,0,0,0,0,0,4/1/2100 11:40
6012,0,0,0,0,0,0,0,4/1/2100 11:40
6013,0,0,0,0,0,0,0,4/1/2100 11:40
6014,0,0,0,0,0,0,0,4/1/2100 11:40
6015,0,0,0,0,0,0,0,4/1/2100 11:40
6016,0,0,0,0,0,0,0,4/1/2100 11:40
6017,0,0,0,0,0,0,0,4/1/2100 11:40
6018,0,0,0,0,0,0,0,4/1/2100 11:40
6019,0,0,0,0,0,0,0,4/1/2100 11:40
6020,0,0,0,0,0,0,0,4/1/2100 11:40
6021,0,0,0,0,0,0,0,4/1/2100 11:40
6022,0,0,0,0,0,0,0,4/1/2100 11:40
6023,0,0,0,0,0,0,0,4/1/2100 11:40
6024,0,0,0,0,0,0,0,4/1/2100 11:40
6025,0,0,0,0,0,0,0,4/1/2100 11:40
6026,0,0,0,0,0,0,0,4/1/2100 11:40
6027,0,0,0,0,0,0,0,4/1/2100 11:40
6028,0,0,0,0,0,0,0,4/1/2100 11:40
6029,0,0,0,0,0,0,0,4/1/2100 11:40
6030,0,0,0,0,0,0,0,4/1/2100 11:40
6031,0,0,0,0,0,0,0,4/1/2100 11:40
6032,0,0,0,0,0,0,0,4/1/2100 11:40
6033,0,0,0,0,0,0,0,4/1/2100 11:40
6034,0,0,0,0,0,0,0,4/1/2100 11:40
6035,0,0,0,0,0,0,0,4/1/2100 11:40
6036,0,0,0,0,0,0,0,4/1/2100 11:40
6037,0,0,0,0,0,0,0,4/1/2100 11:40
6038,0,0,0,0,0,0,0,4/1/2100 11:40
6039,0,0,0,0,0,0,0,4/1/2100 11:40
6040,0,0,0,0,0,0,0,4/1/2100 11:40
6041,0,0,0,0,0,0,0,4/1/2100 11:40
6042,0,0,0,0,0,0,0,4/1/2100 11:40
6043,0,0,0,0,0,0,0,4/1/2100 11:40
6044,0,0,0,0,0,0,0,4/1/2100 11:40
6045,0,0,0,0,0,0,0,4/1/2100 11:40
6046,0,0,0,0,0,0,0,4/1/2100 11:40
6047,0,0,0,0,0,0,0,4/1/2100 11:40
6048,0,0,0,0,0,0,0,4/1/2100 11:40
6049,0,0,0,0,0,0,0,4/1/2100 11:40
6050,0,0,0,0,0,0,0,4/1/2100 11:40
6051,0,0,0,0,0,0,0,4/1/2100 11:40
6052,0,0,0,0,0,0,0,4/1/2100 11:40
6053,0,0,0,0,0,0,0,4/1/2100 11:40
6054,0,0,0,0,0,0,0,4/1/2100 11:40
6055,0,0,0,0,0,0,0,4/1/2100 11:40
6056,0,0,0,0,0,0,0,4/1/2100 11:40
6057,0,0,0,0,0,0,0,4/1/2100 11:40
6058,0,0,0,0,0,0,0,4/1/2100 11:40
6059,0,0,0,0,0,0,0,4/1/2100 11:40
6060,0,0,0,0,0,0,0,4/1/2100 11:40
6061,0,0,0,0,0,0,0,4/1/2100 11:41
6062,0,0,0,0,0,0,0,4/1/2100 11:41
6063,0,0,0,0,0,0,0,4/1/2100 11:41
6064,0,0,0,0,0,0,0,4/1/2100 11:41
6065,0,0,0,0,0,0,0,4/1/2100 11:41
6066,0,0,0,0,0,0,0,4/1/2100 11:41
6067,0,0,0,0,0,0,0,4/1/2100 11:41
6068,0,0,0,0,0,0,0,4/1/2100 11:41
6069,0,0,0,0,0,0,0,4/1/2100 11:41
6070,0,0,0,0,0,0,0,4/1/2100 11:41
6071,0,0,0,0,0,0,0,4/1/2100 11:41
6072,0,0,0,0,0,0,0,4/1/2100 11:41
6073,0,0,0,0,0,0,0,4/1/2100 11:41
6074,0,0,0,0,0,0,0,4/1/2100 11:41
6075,0,0,0,0,0,0,0,4/1/2100 11:41
6076,0,0,0,0,0,0,0,4/1/2100 11:41
6077,0,0,0,0,0,0,0,4/1/2100 11:41
6078,0,0,0,0,0,0,0,4/1/2100 11:41
6079,0,0,0,0,0,0,0,4/1/2100 11:41
6080,0,0,0,0,0,0,0,4/1/2100 11:41
6081,0,0,0,0,0,0,0,4/1/2100 11:41
6082,0,0,0,0,0,0,0,4/1/2100 11:41
6083,0,0,0,0,0,0,0,4/1/2100 11:41
6084,0,0,0,0,0,0,0,4/1/2100 11:41
6085,0,0,0,0,0,0,0,4/1/2100 11:41
6086,0,0,0,0,0,0,0,4/1/2100 11:41
6087,0,0,0,0,0,0,0,4/1/2100 11:41
6088,0,0,0,0,0,0,0,4/1/2100 11:41
6089,0,0,0,0,0,0,0,4/1/2100 11:41
6090,0,0,0,0,0,0,0,4/1/2100 11:41
6091,0,0,0,0,0,0,0,4/1/2100 11:41
6092,0,0,0,0,0,0,0,4/1/2100 11:41
6093,0,0,0,0,0,0,0,4/1/2100 11:41
6094,0,0,0,0,0,0,0,4/1/2100 11:41
6095,0,0,0,0,0,0,0,4/1/2100 11:41
6096,0,0,0,0,0,0,0,4/1/2100 11:41
6097,0,0,0,0,0,0,0,4/1/2100 11:41
6098,0,0,0,0,0,0,0,4/1/2100 11:41
6099,0,0,0,0,0,0,0,4/1/2100 11:41
6100,0,0,0,0,0,0,0,4/1/2100 11:41
6101,0,0,0,0,0,0,0,4/1/2100 11:41
6102,0,0,0,0,0,0,0,4/1/2100 11:41
6103,0,0,0,0,0,0,0,4/1/2100 11:41
6104,0,0,0,0,0,0,0,4/1/2100 11:41
6105,0,0,0,0,0,0,0,4/1/2100 11:41
6106,0,0,0,0,0,0,0,4/1/2100 11:41
6107,0,0,0,0,0,0,0,4/1/2100 11:41
6108,0,0,0,0,0,0,0,4/1/2100 11:41
6109,0,0,0,0,0,0,0,4/1/2100 11:41
6110,0,0,0,0,0,0,0,4/1/2100 11:41
6111,0,0,0,0,0,0,0,4/1/2100 11:41
6112,0,0,0,0,0,0,0,4/1/2100 11:41
6113,0,0,0,0,0,0,0,4/1/2100 11:41
6114,0,0,0,0,0,0,0,4/1/2100 11:41
6115,0,0,0,0,0,0,0,4/1/2100 11:41
6116,0,0,0,0,0,0,0,4/1/2100 11:41
6117,0,0,0,0,0,0,0,4/1/2100 11:41
6118,0,0,0,0,0,0,0,4/1/2100 11:41
6119,0,0,0,0,0,0,0,4/1/2100 11:41
6120,0,0,0,0,0,0,0,4/1/2100 11:41
6121,0,0,0,0,0,0,0,4/1/2100 11:42
6122,0,0,0,0,0,0,0,4/1/2100 11:42
6123,0,0,0,0,0,0,0,4/1/2100 11:42
6124,0,0,0,0,0,0,0,4/1/2100 11:42
6125,0,0,0,0,0,0,0,4/1/2100 11:42
6126,0,0,0,0,0,0,0,4/1/2100 11:42
6127,0,0,0,0,0,0,0,4/1/2100 11:42
6128,0,0,0,0,0,0,0,4/1/2100 11:42
6129,0,0,0,0,0,0,0,4/1/2100 11:42
6130,0,0,0,0,0,0,0,4/1/2100 11:42
6131,0,0,0,0,0,0,0,4/1/2100 11:42
6132,0,0,0,0,0,0,0,4/1/2100 11:42
6133,0,0,0,0,0,0,0,4/1/2100 11:42
6134,0,0,0,0,0,0,0,4/1/2100 11:42
6135,0,0,0,0,0,0,0,4/1/2100 11:42
6136,0,0,0,0,0,0,0,4/1/2100 11:42
6137,0,0,0,0,0,0,0,4/1/2100 11:42
6138,0,0,0,0,0,0,0,4/1/2100 11:42
6139,0,0,0,0,0,0,0,4/1/2100 11:42
6140,0,0,0,0,0,0,0,4/1/2100 11:42
6141,0,0,0,0,0,0,0,4/1/2100 11:42
6142,0,0,0,0,0,0,0,4/1/2100 11:42
6143,0,0,0,0,0,0,0,4/1/2100 11:42
6144,0,0,0,0,0,0,0,4/1/2100 11:42
6145,0,0,0,0,0,0,0,4/1/2100 11:42
6146,0,0,0,0,0,0,0,4/1/2100 11:42
6147,0,0,0,0,0,0,0,4/1/2100 11:42
6148,0,0,0,0,0,0,0,4/1/2100 11:42
6149,0,0,0,0,0,0,0,4/1/2100 11:42
6150,0,0,0,0,0,0,0,4/1/2100 11:42
6151,0,0,0,0,0,0,0,4/1/2100 11:42
6152,0,0,0,0,0,0,0,4/1/2100 11:42
6153,0,0,0,0,0,0,0,4/1/2100 11:42
6154,0,0,0,0,0,0,0,4/1/2100 11:42
6155,0,0,0,0,0,0,0,4/1/2100 11:42
6156,0,0,0,0,0,0,0,4/1/2100 11:42
6157,0,0,0,0,0,0,0,4/1/2100 11:42
6158,0,0,0,0,0,0,0,4/1/2100 11:42
6159,0,0,0,0,0,0,0,4/1/2100 11:42
6160,0,0,0,0,0,0,0,4/1/2100 11:42
6161,0,0,0,0,0,0,0,4/1/2100 11:42
6162,0,0,0,0,0,0,0,4/1/2100 11:42
6163,0,0,0,0,0,0,0,4/1/2100 11:42
6164,0,0,0,0,0,0,0,4/1/2100 11:42
6165,0,0,0,0,0,0,0,4/1/2100 11:42
6166,0,0,0,0,0,0,0,4/1/2100 11:42
6167,0,0,0,0,0,0,0,4/1/2100 11:42
6168,0,0,0,0,0,0,0,4/1/2100 11:42
6169,0,0,0,0,0,0,0,4/1/2100 11:42
6170,0,0,0,0,0,0,0,4/1/2100 11:42
6171,0,0,0,0,0,0,0,4/1/2100 11:42
6172,0,0,0,0,0,0,0,4/1/2100 11:42
6173,0,0,0,0,0,0,0,4/1/2100 11:42
6174,0,0,0,0,0,0,0,4/1/2100 11:42
6175,0,0,0,0,0,0,0,4/1/2100 11:42
6176,0,0,0,0,0,0,0,4/1/2100 11:42
6177,0,0,0,0,0,0,0,4/1/2100 11:42
6178,0,0,0,0,0,0,0,4/1/2100 11:42
6179,0,0,0,0,0,0,0,4/1/2100 11:42
6180,0,0,0,0,0,0,0,4/1/2100 11:42
6181,0,0,0,0,0,0,0,4/1/2100 11:43
6182,0,0,0,0,0,0,0,4/1/2100 11:43
6183,0,0,0,0,0,0,0,4/1/2100 11:43
6184,0,0,0,0,0,0,0,4/1/2100 11:43
6185,0,0,0,0,0,0,0,4/1/2100 11:43
6186,0,0,0,0,0,0,0,4/1/2100 11:43
6187,0,0,0,0,0,0,0,4/1/2100 11:43
6188,0,0,0,0,0,0,0,4/1/2100 11:43
6189,0,0,0,0,0,0,0,4/1/2100 11:43
6190,0,0,0,0,0,0,0,4/1/2100 11:43
6191,0,0,0,0,0,0,0,4/1/2100 11:43
6192,0,0,0,0,0,0,0,4/1/2100 11:43
6193,0,0,0,0,0,0,0,4/1/2100 11:43
6194,0,0,0,0,0,0,0,4/1/2100 11:43
6195,0,0,0,0,0,0,0,4/1/2100 11:43
6196,0,0,0,0,0,0,0,4/1/2100 11:43
6197,0,0,0,0,0,0,0,4/1/2100 11:43
6198,0,0,0,0,0,0,0,4/1/2100 11:43
6199,0,0,0,0,0,0,0,4/1/2100 11:43
6200,0,0,0,0,0,0,0,4/1/2100 11:43
6201,0,0,0,0,0,0,0,4/1/2100 11:43
6202,0,0,0,0,0,0,0,4/1/2100 11:43
6203,0,0,0,0,0,0,0,4/1/2100 11:43
6204,0,0,0,0,0,0,0,4/1/2100 11:43
6205,0,0,0,0,0,0,0,4/1/2100 11:43
6206,0,0,0,0,0,0,0,4/1/2100 11:43
6207,0,0,0,0,0,0,0,4/1/2100 11:43
6208,0,0,0,0,0,0,0,4/1/2100 11:43
6209,0,0,0,0,0,0,0,4/1/2100 11:43
6210,0,0,0,0,0,0,0,4/1/2100 11:43
6211,0,0,0,0,0,0,0,4/1/2100 11:43
6212,0,0,0,0,0,0,0,4/1/2100 11:43
6213,0,0,0,0,0,0,0,4/1/2100 11:43
6214,0,0,0,0,0,0,0,4/1/2100 11:43
6215,0,0,0,0,0,0,0,4/1/2100 11:43
6216,0,0,0,0,0,0,0,4/1/2100 11:43
6217,0,0,0,0,0,0,0,4/1/2100 11:43
6218,0,0,0,0,0,0,0,4/1/2100 11:43
6219,0,0,0,0,0,0,0,4/1/2100 11:43
6220,0,0,0,0,0,0,0,4/1/2100 11:43
6221,0,0,0,0,0,0,0,4/1/2100 11:43
6222,0,0,0,0,0,0,0,4/1/2100 11:43
6223,0,0,0,0,0,0,0,4/1/2100 11:43
6224,0,0,0,0,0,0,0,4/1/2100 11:43
6225,0,0,0,0,0,0,0,4/1/2100 11:43
6226,0,0,0,0,0,0,0,4/1/2100 11:43
6227,0,0,0,0,0,0,0,4/1/2100 11:43
6228,0,0,0,0,0,0,0,4/1/2100 11:43
6229,0,0,0,0,0,0,0,4/1/2100 11:43
6230,0,0,0,0,0,0,0,4/1/2100 11:43
6231,0,0,0,0,0,0,0,4/1/2100 11:43
6232,0,0,0,0,0,0,0,4/1/2100 11:43
6233,0,0,0,0,0,0,0,4/1/2100 11:43
6234,0,0,0,0,0,0,0,4/1/2100 11:43
6235,0,0,0,0,0,0,0,4/1/2100 11:43
6236,0,0,0,0,0,0,0,4/1/2100 11:43
6237,0,0,0,0,0,0,0,4/1/2100 11:43
6238,0,0,0,0,0,0,0,4/1/2100 11:43
6239,0,0,0,0,0,0,0,4/1/2100 11:43
6240,0,0,0,0,0,0,0,4/1/2100 11:43
6241,0,0,0,0,0,0,0,4/1/2100 11:44
6242,0,0,0,0,0,0,0,4/1/2100 11:44
6243,0,0,0,0,0,0,0,4/1/2100 11:44
6244,0,0,0,0,0,0,0,4/1/2100 11:44
6245,0,0,0,0,0,0,0,4/1/2100 11:44
6246,0,0,0,0,0,0,0,4/1/2100 11:44
6247,0,0,0,0,0,0,0,4/1/2100 11:44
6248,0,0,0,0,0,0,0,4/1/2100 11:44
6249,0,0,0,0,0,0,0,4/1/2100 11:44
6250,0,0,0,0,0,0,0,4/1/2100 11:44
6251,0,0,0,0,0,0,0,4/1/2100 11:44
6252,0,0,0,0,0,0,0,4/1/2100 11:44
6253,0,0,0,0,0,0,0,4/1/2100 11:44
6254,0,0,0,0,0,0,0,4/1/2100 11:44
6255,0,0,0,0,0,0,0,4/1/2100 11:44
6256,0,0,0,0,0,0,0,4/1/2100 11:44
6257,0,0,0,0,0,0,0,4/1/2100 11:44
6258,0,0,0,0,0,0,0,4/1/2100 11:44
6259,0,0,0,0,0,0,0,4/1/2100 11:44
6260,0,0,0,0,0,0,0,4/1/2100 11:44
6261,0,0,0,0,0,0,0,4/1/2100 11:44
6262,0,0,0,0,0,0,0,4/1/2100 11:44
6263,0,0,0,0,0,0,0,4/1/2100 11:44
6264,0,0,0,0,0,0,0,4/1/2100 11:44
6265,0,0,0,0,0,0,0,4/1/2100 11:44
6266,0,0,0,0,0,0,0,4/1/2100 11:44
6267,0,0,0,0,0,0,0,4/1/2100 11:44
6268,0,0,0,0,0,0,0,4/1/2100 11:44
6269,0,0,0,0,0,0,0,4/1/2100 11:44
6270,0,0,0,0,0,0,0,4/1/2100 11:44
6271,0,0,0,0,0,0,0,4/1/2100 11:44
6272,0,0,0,0,0,0,0,4/1/2100 11:44
6273,0,0,0,0,0,0,0,4/1/2100 11:44
6274,0,0,0,0,0,0,0,4/1/2100 11:44
6275,0,0,0,0,0,0,0,4/1/2100 11:44
6276,0,0,0,0,0,0,0,4/1/2100 11:44
6277,0,0,0,0,0,0,0,4/1/2100 11:44
6278,0,0,0,0,0,0,0,4/1/2100 11:44
6279,0,0,0,0,0,0,0,4/1/2100 11:44
6280,0,0,0,0,0,0,0,4/1/2100 11:44
6281,0,0,0,0,0,0,0,4/1/2100 11:44
6282,0,0,0,0,0,0,0,4/1/2100 11:44
6283,0,0,0,0,0,0,0,4/1/2100 11:44
6284,0,0,0,0,0,0,0,4/1/2100 11:44
6285,0,0,0,0,0,0,0,4/1/2100 11:44
6286,0,0,0,0,0,0,0,4/1/2100 11:44
6287,0,0,0,0,0,0,0,4/1/2100 11:44
6288,0,0,0,0,0,0,0,4/1/2100 11:44
6289,0,0,0,0,0,0,0,4/1/2100 11:44
6290,0,0,0,0,0,0,0,4/1/2100 11:44
6291,0,0,0,0,0,0,0,4/1/2100 11:44
6292,0,0,0,0,0,0,0,4/1/2100 11:44
6293,0,0,0,0,0,0,0,4/1/2100 11:44
6294,0,0,0,0,0,0,0,4/1/2100 11:44
6295,0,0,0,0,0,0,0,4/1/2100 11:44
6296,0,0,0,0,0,0,0,4/1/2100 11:44
6297,0,0,0,0,0,0,0,4/1/2100 11:44
6298,0,0,0,0,0,0,0,4/1/2100 11:44
6299,0,0,0,0,0,0,0,4/1/2100 11:44
6300,0,0,0,0,0,0,0,4/1/2100 11:44
6301,0,0,0,0,0,0,0,4/1/2100 11:45
6302,0,0,0,0,0,0,0,4/1/2100 11:45
6303,0,0,0,0,0,0,0,4/1/2100 11:45
6304,0,0,0,0,0,0,0,4/1/2100 11:45
6305,0,0,0,0,0,0,0,4/1/2100 11:45
6306,0,0,0,0,0,0,0,4/1/2100 11:45
6307,0,0,0,0,0,0,0,4/1/2100 11:45
6308,0,0,0,0,0,0,0,4/1/2100 11:45
6309,0,0,0,0,0,0,0,4/1/2100 11:45
6310,0,0,0,0,0,0,0,4/1/2100 11:45
6311,0,0,0,0,0,0,0,4/1/2100 11:45
6312,0,0,0,0,0,0,0,4/1/2100 11:45
6313,0,0,0,0,0,0,0,4/1/2100 11:45
6314,0,0,0,0,0,0,0,4/1/2100 11:45
6315,0,0,0,0,0,0,0,4/1/2100 11:45
6316,0,0,0,0,0,0,0,4/1/2100 11:45
6317,0,0,0,0,0,0,0,4/1/2100 11:45
6318,0,0,0,0,0,0,0,4/1/2100 11:45
6319,0,0,0,0,0,0,0,4/1/2100 11:45
6320,0,0,0,0,0,0,0,4/1/2100 11:45
6321,0,0,0,0,0,0,0,4/1/2100 11:45
6322,0,0,0,0,0,0,0,4/1/2100 11:45
6323,0,0,0,0,0,0,0,4/1/2100 11:45
6324,0,0,0,0,0,0,0,4/1/2100 11:45
6325,0,0,0,0,0,0,0,4/1/2100 11:45
6326,0,0,0,0,0,0,0,4/1/2100 11:45
6327,0,0,0,0,0,0,0,4/1/2100 11:45
6328,0,0,0,0,0,0,0,4/1/2100 11:45
6329,0,0,0,0,0,0,0,4/1/2100 11:45
6330,0,0,0,0,0,0,0,4/1/2100 11:45
6331,0,0,0,0,0,0,0,4/1/2100 11:45
6332,0,0,0,0,0,0,0,4/1/2100 11:45
6333,0,0,0,0,0,0,0,4/1/2100 11:45
6334,0,0,0,0,0,0,0,4/1/2100 11:45
6335,0,0,0,0,0,0,0,4/1/2100 11:45
6336,0,0,0,0,0,0,0,4/1/2100 11:45
6337,0,0,0,0,0,0,0,4/1/2100 11:45
6338,0,0,0,0,0,0,0,4/1/2100 11:45
6339,0,0,0,0,0,0,0,4/1/2100 11:45
6340,0,0,0,0,0,0,0,4/1/2100 11:45
6341,0,0,0,0,0,0,0,4/1/2100 11:45
6342,0,0,0,0,0,0,0,4/1/2100 11:45
6343,0,0,0,0,0,0,0,4/1/2100 11:45
6344,0,0,0,0,0,0,0,4/1/2100 11:45
6345,0,0,0,0,0,0,0,4/1/2100 11:45
6346,0,0,0,0,0,0,0,4/1/2100 11:45
6347,0,0,0,0,0,0,0,4/1/2100 11:45
6348,0,0,0,0,0,0,0,4/1/2100 11:45
6349,0,0,0,0,0,0,0,4/1/2100 11:45
6350,0,0,0,0,0,0,0,4/1/2100 11:45
6351,0,0,0,0,0,0,0,4/1/2100 11:45
6352,0,0,0,0,0,0,0,4/1/2100 11:45
6353,0,0,0,0,0,0,0,4/1/2100 11:45
6354,0,0,0,0,0,0,0,4/1/2100 11:45
6355,0,0,0,0,0,0,0,4/1/2100 11:45
6356,0,0,0,0,0,0,0,4/1/2100 11:45
6357,0,0,0,0,0,0,0,4/1/2100 11:45
6358,0,0,0,0,0,0,0,4/1/2100 11:45
6359,0,0,0,0,0,0,0,4/1/2100 11:45
6360,0,0,0,0,0,0,0,4/1/2100 11:45
6361,0,0,0,0,0,0,0,4/1/2100 11:46
6362,0,0,0,0,0,0,0,4/1/2100 11:46
6363,0,0,0,0,0,0,0,4/1/2100 11:46
6364,0,0,0,0,0,0,0,4/1/2100 11:46
6365,0,0,0,0,0,0,0,4/1/2100 11:46
6366,0,0,0,0,0,0,0,4/1/2100 11:46
6367,0,0,0,0,0,0,0,4/1/2100 11:46
6368,0,0,0,0,0,0,0,4/1/2100 11:46
6369,0,0,0,0,0,0,0,4/1/2100 11:46
6370,0,0,0,0,0,0,0,4/1/2100 11:46
6371,0,0,0,0,0,0,0,4/1/2100 11:46
6372,0,0,0,0,0,0,0,4/1/2100 11:46
6373,0,0,0,0,0,0,0,4/1/2100 11:46
6374,0,0,0,0,0,0,0,4/1/2100 11:46
6375,0,0,0,0,0,0,0,4/1/2100 11:46
6376,0,0,0,0,0,0,0,4/1/2100 11:46
6377,0,0,0,0,0,0,0,4/1/2100 11:46
6378,0,0,0,0,0,0,0,4/1/2100 11:46
6379,0,0,0,0,0,0,0,4/1/2100 11:46
6380,0,0,0,0,0,0,0,4/1/2100 11:46
6381,0,0,0,0,0,0,0,4/1/2100 11:46
6382,0,0,0,0,0,0,0,4/1/2100 11:46
6383,0,0,0,0,0,0,0,4/1/2100 11:46
6384,0,0,0,0,0,0,0,4/1/2100 11:46
6385,0,0,0,0,0,0,0,4/1/2100 11:46
6386,0,0,0,0,0,0,0,4/1/2100 11:46
6387,0,0,0,0,0,0,0,4/1/2100 11:46
6388,0,0,0,0,0,0,0,4/1/2100 11:46
6389,0,0,0,0,0,0,0,4/1/2100 11:46
6390,0,0,0,0,0,0,0,4/1/2100 11:46
6391,0,0,0,0,0,0,0,4/1/2100 11:46
6392,0,0,0,0,0,0,0,4/1/2100 11:46
6393,0,0,0,0,0,0,0,4/1/2100 11:46
6394,0,0,0,0,0,0,0,4/1/2100 11:46
6395,0,0,0,0,0,0,0,4/1/2100 11:46
6396,0,0,0,0,0,0,0,4/1/2100 11:46
6397,0,0,0,0,0,0,0,4/1/2100 11:46
6398,0,0,0,0,0,0,0,4/1/2100 11:46
6399,0,0,0,0,0,0,0,4/1/2100 11:46
6400,0,0,0,0,0,0,0,4/1/2100 11:46
6401,0,0,0,0,0,0,0,4/1/2100 11:46
6402,0,0,0,0,0,0,0,4/1/2100 11:46
6403,0,0,0,0,0,0,0,4/1/2100 11:46
6404,0,0,0,0,0,0,0,4/1/2100 11:46
6405,0,0,0,0,0,0,0,4/1/2100 11:46
6406,0,0,0,0,0,0,0,4/1/2100 11:46
6407,0,0,0,0,0,0,0,4/1/2100 11:46
6408,0,0,0,0,0,0,0,4/1/2100 11:46
6409,0,0,0,0,0,0,0,4/1/2100 11:46
6410,0,0,0,0,0,0,0,4/1/2100 11:46
6411,0,0,0,0,0,0,0,4/1/2100 11:46
6412,0,0,0,0,0,0,0,4/1/2100 11:46
6413,0,0,0,0,0,0,0,4/1/2100 11:46
6414,0,0,0,0,0,0,0,4/1/2100 11:46
6415,0,0,0,0,0,0,0,4/1/2100 11:46
6416,0,0,0,0,0,0,0,4/1/2100 11:46
6417,0,0,0,0,0,0,0,4/1/2100 11:46
6418,0,0,0,0,0,0,0,4/1/2100 11:46
6419,0,0,0,0,0,0,0,4/1/2100 11:46
6420,0,0,0,0,0,0,0,4/1/2100 11:46
6421,0,0,0,0,0,0,0,4/1/2100 11:47
6422,0,0,0,0,0,0,0,4/1/2100 11:47
6423,0,0,0,0,0,0,0,4/1/2100 11:47
6424,0,0,0,0,0,0,0,4/1/2100 11:47
6425,0,0,0,0,0,0,0,4/1/2100 11:47
6426,0,0,0,0,0,0,0,4/1/2100 11:47
6427,0,0,0,0,0,0,0,4/1/2100 11:47
6428,0,0,0,0,0,0,0,4/1/2100 11:47
6429,0,0,0,0,0,0,0,4/1/2100 11:47
6430,0,0,0,0,0,0,0,4/1/2100 11:47
6431,0,0,0,0,0,0,0,4/1/2100 11:47
6432,0,0,0,0,0,0,0,4/1/2100 11:47
6433,0,0,0,0,0,0,0,4/1/2100 11:47
6434,0,0,0,0,0,0,0,4/1/2100 11:47
6435,0,0,0,0,0,0,0,4/1/2100 11:47
6436,0,0,0,0,0,0,0,4/1/2100 11:47
6437,0,0,0,0,0,0,0,4/1/2100 11:47
6438,0,0,0,0,0,0,0,4/1/2100 11:47
6439,0,0,0,0,0,0,0,4/1/2100 11:47
6440,0,0,0,0,0,0,0,4/1/2100 11:47
6441,0,0,0,0,0,0,0,4/1/2100 11:47
6442,0,0,0,0,0,0,0,4/1/2100 11:47
6443,0,0,0,0,0,0,0,4/1/2100 11:47
6444,0,0,0,0,0,0,0,4/1/2100 11:47
6445,0,0,0,0,0,0,0,4/1/2100 11:47
6446,0,0,0,0,0,0,0,4/1/2100 11:47
6447,0,0,0,0,0,0,0,4/1/2100 11:47
6448,0,0,0,0,0,0,0,4/1/2100 11:47
6449,0,0,0,0,0,0,0,4/1/2100 11:47
6450,0,0,0,0,0,0,0,4/1/2100 11:47
6451,0,0,0,0,0,0,0,4/1/2100 11:47
6452,0,0,0,0,0,0,0,4/1/2100 11:47
6453,0,0,0,0,0,0,0,4/1/2100 11:47
6454,0,0,0,0,0,0,0,4/1/2100 11:47
6455,0,0,0,0,0,0,0,4/1/2100 11:47
6456,0,0,0,0,0,0,0,4/1/2100 11:47
6457,0,0,0,0,0,0,0,4/1/2100 11:47
6458,0,0,0,0,0,0,0,4/1/2100 11:47
6459,0,0,0,0,0,0,0,4/1/2100 11:47
6460,0,0,0,0,0,0,0,4/1/2100 11:47
6461,0,0,0,0,0,0,0,4/1/2100 11:47
6462,0,0,0,0,0,0,0,4/1/2100 11:47
6463,0,0,0,0,0,0,0,4/1/2100 11:47
6464,0,0,0,0,0,0,0,4/1/2100 11:47
6465,0,0,0,0,0,0,0,4/1/2100 11:47
6466,0,0,0,0,0,0,0,4/1/2100 11:47
6467,0,0,0,0,0,0,0,4/1/2100 11:47
6468,0,0,0,0,0,0,0,4/1/2100 11:47
6469,0,0,0,0,0,0,0,4/1/2100 11:47
6470,0,0,0,0,0,0,0,4/1/2100 11:47
6471,0,0,0,0,0,0,0,4/1/2100 11:47
6472,0,0,0,0,0,0,0,4/1/2100 11:47
6473,0,0,0,0,0,0,0,4/1/2100 11:47
6474,0,0,0,0,0,0,0,4/1/2100 11:47
6475,0,0,0,0,0,0,0,4/1/2100 11:47
